source,destination,mode,cost,duration_hours,distance_km
Mumbai,Delhi,flight,4750,2.5,1153.2
Mumbai,Bengaluru,flight,3544,1.09,845.3
Mumbai,Kolkata,flight,6004,3.54,1654.8
Mumbai,Chennai,flight,4394,1.87,1033.1
Mumbai,Hyderabad,train,344,11.59,621.5
Mumbai,Pune,train,119,1.38,120.2
Mumbai,Pune,flight,1138,0.2,120.2
Mumbai,Ahmedabad,train,293,4.92,440.0
Mumbai,Jaipur,train,535,13.14,920.7
Mumbai,Jaipur,flight,4048,1.77,920.7
Mumbai,Surat,train,158,3.91,232.9
Mumbai,Lucknow,flight,4402,2.09,1194.7
Mumbai,Kanpur,train,616,24.47,1120.3
Mumbai,Nagpur,train,421,12.03,688.0
Mumbai,Indore,train,307,9.79,509.8
Mumbai,Indore,flight,2340,1.0,509.8
Mumbai,Thane,train,58,0.38,19.0
Mumbai,Bhopal,train,414,9.28,661.4
Mumbai,Visakhapatnam,train,640,19.29,1101.9
Mumbai,Visakhapatnam,flight,3856,1.84,1101.9
Mumbai,Pimpri-Chinchwad,train,101,1.59,109.0
Mumbai,Patna,train,779,17.28,1453.2
Mumbai,Patna,flight,5449,2.18,1453.2
Mumbai,Vadodara,train,247,5.41,360.7
Mumbai,Ghaziabad,flight,4208,2.44,1163.4
Mumbai,Ludhiana,flight,5277,2.22,1348.5
Mumbai,Agra,flight,3587,1.95,1042.0
Mumbai,Nashik,train,127,1.74,140.1
Mumbai,Faridabad,flight,4009,1.73,1131.6
Mumbai,Meerut,flight,4906,2.22,1205.6
Mumbai,Rajkot,flight,2014,0.79,418.8
Mumbai,Kalyan,train,71,0.44,32.1
Mumbai,Vasai-Virar,train,72,0.57,35.3
Mumbai,Vasai-Virar,flight,987,0.05,35.3
Mumbai,Varanasi,flight,4936,2.38,1249.1
Mumbai,Srinagar,flight,5603,2.63,1679.6
Mumbai,Dhanbad,flight,5360,2.21,1496.8
Mumbai,Jodhpur,train,435,10.82,796.6
Mumbai,Amritsar,flight,4693,2.68,1410.6
Mumbai,Nanded,train,267,6.34,466.9
Mumbai,Gwalior,train,545,13.05,962.6
Mumbai,Gwalior,flight,3970,1.96,962.6
Mumbai,Kolhapur,train,190,4.66,300.8
Mumbai,Bhubaneswar,flight,5346,2.16,1361.9
Mumbai,Solapur,train,206,6.38,356.3
Mumbai,Solapur,flight,1835,0.71,356.3
Mumbai,Mangalore,flight,3210,1.27,717.0
Mumbai,Tiruchirappalli,train,636,17.65,1113.5
Mumbai,BiharSharif,train,817,17.49,1468.2
Mumbai,BiharSharif,flight,4767,2.65,1468.2
Mumbai,Aligarh,train,653,13.37,1115.2
Mumbai,Tirunelveli,flight,4167,1.85,1266.5
Mumbai,Bhiwandi,train,64,0.53,29.9
Mumbai,Saharanpur,flight,4858,1.88,1299.1
Mumbai,Gorakhpur,flight,4953,2.16,1372.0
Mumbai,Jalandhar,flight,4798,2.31,1388.8
Mumbai,Jamshedpur,flight,5157,1.9,1443.9
Mumbai,Salem,flight,4338,1.41,998.9
Mumbai,Warangal,train,418,9.4,718.7
Mumbai,Mira-Bhayandar,train,60,0.45,22.8
Mumbai,Thiruvananthapuram,flight,4114,2.45,1252.3
Mumbai,Bhilai,flight,3852,1.87,923.1
Mumbai,Ujjain,train,340,10.35,546.8
Mumbai,Ujjain,flight,2309,0.73,546.8
Mumbai,Durgapur,flight,5672,2.45,1573.9
Mumbai,Asansol,train,791,32.23,1544.2
Mumbai,Asansol,flight,5520,2.35,1544.2
Mumbai,Rourkela,flight,4688,1.75,1294.8
Mumbai,Nellore,flight,3280,1.51,915.3
Mumbai,Dehradun,flight,5496,1.91,1353.5
Mumbai,Davanagere,train,367,12.11,606.5
Mumbai,Kozhikode,flight,4085,1.3,923.3
Mumbai,Akola,train,292,5.58,468.0
Mumbai,Kurnool,train,345,7.42,655.6
Mumbai,Nizamabad,flight,2337,1.2,550.7
Mumbai,Guntur,flight,3868,1.88,857.8
Mumbai,Amravati,train,332,11.97,551.1
Mumbai,Kakinada,flight,3676,2.04,1017.3
Mumbai,Tirupati,flight,3627,2.03,923.9
Mumbai,Puri,flight,5277,1.85,1360.3
Mumbai,Shimoga,train,351,8.62,640.0
Mumbai,Shimoga,flight,2449,0.86,640.0
Mumbai,Ongole,flight,3096,1.68,858.6
Mumbai,Bathinda,flight,4852,1.58,1255.6
Mumbai,Darbhanga,flight,5393,2.86,1549.0
Mumbai,Satara,train,158,3.2,194.8
Mumbai,Proddatur,train,404,9.66,771.6
Mumbai,Kollam,flight,3981,2.16,1201.7
Mumbai,Ambala,flight,4959,1.88,1316.7
Mumbai,Siliguri,flight,6122,2.48,1802.7
Mumbai,Rohtak,flight,4303,1.87,1155.5
Mumbai,Etawah,train,582,18.93,1062.5
Mumbai,Orai,train,535,11.45,1023.4
Mumbai,Orai,flight,3853,1.33,1023.4
Mumbai,Haldwani,flight,4562,1.91,1312.7
Mumbai,Muzaffarpur,flight,4779,2.21,1503.1
Mumbai,Ramagundam,flight,2835,1.29,703.4
Mumbai,Baripada,flight,4910,2.35,1478.1
Mumbai,Tezpur,flight,8060,4.12,2204.0
Mumbai,Korba,flight,4126,1.75,1089.4
Mumbai,Nagapattinam,train,674,13.98,1188.0
Mumbai,Mahbubnagar,train,365,8.19,599.4
Mumbai,Mahbubnagar,flight,2787,1.09,599.4
Mumbai,Buxar,flight,5060,2.11,1366.5
Mumbai,Sagar,train,448,9.8,804.9
Mumbai,Sagar,flight,3235,1.43,804.9
Mumbai,Chittoor,train,465,13.6,930.4
Mumbai,Chittoor,flight,3647,1.55,930.4
Mumbai,Arrah,flight,4808,2.41,1409.9
Mumbai,Bharuch,train,181,4.06,292.7
Mumbai,Bharuch,flight,1700,0.4,292.7
Mumbai,Balasore,flight,5400,1.92,1489.6
Mumbai,Jalgaon,train,246,4.11,353.3
Mumbai,Jalgaon,flight,1807,0.56,353.3
Mumbai,Palakkad,train,584,21.62,1006.9
Mumbai,Unnao,flight,4261,2.26,1137.9
Mumbai,Bilaspur,train,555,12.88,1020.1
Mumbai,Bilaspur,flight,4101,1.52,1020.1
Delhi,Mumbai,train,637,14.58,1153.2
Delhi,Mumbai,flight,3895,1.58,1153.2
Delhi,Bengaluru,flight,6321,3.08,1750.1
Delhi,Kolkata,flight,5081,2.04,1317.8
Delhi,Chennai,flight,5597,3.17,1767.7
Delhi,Hyderabad,flight,4852,2.59,1266.5
Delhi,Pune,train,634,16.14,1179.5
Delhi,Ahmedabad,train,466,15.16,777.4
Delhi,Ahmedabad,flight,3448,1.22,777.4
Delhi,Jaipur,train,160,3.0,237.5
Delhi,Surat,flight,4076,1.54,941.7
Delhi,Lucknow,train,272,8.3,430.8
Delhi,Kanpur,train,262,7.25,405.1
Delhi,Nagpur,train,529,9.64,863.9
Delhi,Indore,train,395,7.58,677.0
Delhi,Indore,flight,2795,1.0,677.0
Delhi,Thane,train,604,18.67,1134.7
Delhi,Thane,flight,3916,1.84,1134.7
Delhi,Bhopal,train,319,10.75,606.2
Delhi,Bhopal,flight,2505,1.15,606.2
Delhi,Visakhapatnam,flight,5167,2.3,1374.6
Delhi,Pimpri-Chinchwad,train,604,15.59,1169.4
Delhi,Patna,flight,3826,1.51,866.7
Delhi,Vadodara,train,473,11.45,812.7
Delhi,Vadodara,flight,3672,1.06,812.7
Delhi,Ghaziabad,train,73,0.76,34.5
Delhi,Ludhiana,train,194,4.12,272.2
Delhi,Agra,train,150,3.5,191.7
Delhi,Nashik,flight,3495,1.58,1024.5
Delhi,Faridabad,train,74,0.67,39.0
Delhi,Meerut,train,80,0.79,66.6
Delhi,Rajkot,flight,3473,1.26,951.6
Delhi,Kalyan,train,671,12.8,1127.0
Delhi,Kalyan,flight,3777,2.16,1127.0
Delhi,Vasai-Virar,flight,4713,1.78,1122.1
Delhi,Varanasi,train,395,8.31,692.7
Delhi,Srinagar,flight,2484,1.33,636.9
Delhi,Dhanbad,flight,3896,1.78,1077.9
Delhi,Jodhpur,train,273,9.35,486.8
Delhi,Amritsar,train,221,5.63,390.0
Delhi,Nanded,train,618,20.54,1062.2
Delhi,Gwalior,train,210,3.48,296.2
Delhi,Gwalior,flight,1617,0.62,296.2
Delhi,Kolhapur,flight,5607,1.96,1366.0
Delhi,Bhubaneswar,flight,5153,1.81,1284.7
Delhi,Solapur,flight,5093,1.87,1234.1
Delhi,Mangalore,flight,6296,2.78,1771.1
Delhi,Tiruchirappalli,flight,7103,3.59,1998.9
Delhi,BiharSharif,train,530,15.34,920.4
Delhi,Aligarh,train,125,1.82,131.7
Delhi,Tirunelveli,flight,8339,4.52,2223.9
Delhi,Bhiwandi,flight,4099,2.12,1125.0
Delhi,Saharanpur,train,135,2.3,146.6
Delhi,Gorakhpur,train,364,8.67,653.8
Delhi,Jalandhar,train,199,5.09,326.5
Delhi,Jalandhar,flight,1886,0.53,326.5
Delhi,Jamshedpur,train,610,17.59,1122.2
Delhi,Salem,flight,7214,2.44,1897.8
Delhi,Warangal,flight,4686,2.33,1220.4
Delhi,Mira-Bhayandar,flight,4058,1.59,1133.1
Delhi,Thiruvananthapuram,flight,8304,3.25,2244.0
Delhi,Bhilai,flight,4005,1.93,942.2
Delhi,Ujjain,train,381,13.55,628.3
Delhi,Durgapur,flight,4630,1.66,1170.3
Delhi,Asansol,train,557,16.09,1129.9
Delhi,Asansol,flight,4075,1.43,1129.9
Delhi,Rourkela,flight,3730,2.33,1057.1
Delhi,Nellore,flight,6159,2.27,1613.4
Delhi,Dehradun,train,145,3.85,200.6
Delhi,Davanagere,flight,5261,2.46,1588.0
Delhi,Kozhikode,flight,7388,4.06,1944.7
Delhi,Akola,flight,3381,1.81,890.0
Delhi,Kurnool,flight,4783,3.07,1435.0
Delhi,Nizamabad,flight,3804,2.36,1120.0
Delhi,Guntur,flight,5634,3.15,1420.2
Delhi,Amravati,flight,3650,1.23,866.5
Delhi,Kakinada,flight,5256,2.09,1404.8
Delhi,Tirupati,flight,5873,2.65,1693.3
Delhi,Puri,train,666,18.39,1325.7
Delhi,Puri,flight,5023,2.87,1325.7
Delhi,Shimoga,flight,5618,2.63,1650.4
Delhi,Ongole,flight,5198,2.64,1498.5
Delhi,Bathinda,train,170,4.93,267.7
Delhi,Bathinda,flight,1549,0.48,267.7
Delhi,Darbhanga,flight,3346,1.62,912.3
Delhi,Satara,flight,4441,2.46,1266.2
Delhi,Proddatur,flight,6123,2.41,1558.8
Delhi,Kollam,flight,6749,4.15,2203.5
Delhi,Ambala,train,153,2.63,188.8
Delhi,Siliguri,flight,4751,2.1,1136.3
Delhi,Rohtak,train,81,0.59,52.8
Delhi,Etawah,train,190,5.87,284.5
Delhi,Etawah,flight,1635,0.47,284.5
Delhi,Orai,train,219,4.63,381.1
Delhi,Haldwani,train,154,4.34,241.4
Delhi,Muzaffarpur,flight,3075,1.88,866.8
Delhi,Ramagundam,flight,4119,1.52,1131.8
Delhi,Baripada,flight,4274,1.9,1227.5
Delhi,Tezpur,flight,6193,2.35,1560.6
Delhi,Korba,flight,3789,1.69,904.8
Delhi,Nagapattinam,flight,6483,3.78,2014.2
Delhi,Mahbubnagar,flight,5168,2.17,1333.2
Delhi,Buxar,train,475,12.45,781.6
Delhi,Sagar,train,331,8.93,565.0
Delhi,Chittoor,flight,5726,2.57,1734.4
Delhi,Arrah,train,468,16.85,826.0
Delhi,Arrah,flight,3326,1.29,826.0
Delhi,Bharuch,flight,3472,1.38,880.0
Delhi,Balasore,flight,5304,2.45,1273.0
Delhi,Jalgaon,flight,3766,1.79,869.8
Delhi,Palakkad,flight,6477,2.79,1992.9
Delhi,Unnao,train,270,5.84,411.1
Delhi,Unnao,flight,2056,0.53,411.1
Delhi,Bilaspur,train,514,12.32,893.3
Delhi,Bilaspur,flight,3931,1.32,893.3
Bengaluru,Mumbai,train,514,17.4,845.3
Bengaluru,Delhi,flight,5496,3.52,1750.1
Bengaluru,Kolkata,flight,5614,2.05,1560.7
Bengaluru,Chennai,train,207,4.32,290.2
Bengaluru,Hyderabad,train,313,7.59,500.0
Bengaluru,Pune,flight,3196,1.35,735.2
Bengaluru,Ahmedabad,flight,4398,2.49,1237.0
Bengaluru,Jaipur,flight,5531,2.86,1561.5
Bengaluru,Surat,train,593,19.79,1042.5
Bengaluru,Surat,flight,4290,2.04,1042.5
Bengaluru,Lucknow,flight,6223,2.81,1581.9
Bengaluru,Kanpur,flight,5557,3.17,1525.7
Bengaluru,Nagpur,train,531,18.35,922.7
Bengaluru,Nagpur,flight,3557,1.64,922.7
Bengaluru,Indore,flight,3785,1.57,1099.4
Bengaluru,Thane,flight,3780,1.08,851.7
Bengaluru,Bhopal,flight,4085,1.52,1144.2
Bengaluru,Visakhapatnam,train,454,15.05,799.0
Bengaluru,Pimpri-Chinchwad,train,393,14.26,748.7
Bengaluru,Patna,flight,5266,2.77,1610.3
Bengaluru,Vadodara,flight,4641,1.62,1138.3
Bengaluru,Ghaziabad,flight,6664,2.35,1745.6
Bengaluru,Ludhiana,flight,6446,2.97,2001.6
Bengaluru,Agra,flight,5201,2.15,1580.1
Bengaluru,Nashik,train,497,14.05,880.1
Bengaluru,Nashik,flight,3172,1.88,880.1
Bengaluru,Faridabad,flight,6160,2.76,1716.8
Bengaluru,Meerut,flight,5807,3.06,1780.6
Bengaluru,Rajkot,flight,4818,1.95,1262.3
Bengaluru,Kalyan,flight,3094,1.39,844.3
Bengaluru,Vasai-Virar,flight,3833,1.32,875.8
Bengaluru,Varanasi,flight,5155,2.84,1484.0
Bengaluru,Srinagar,flight,8364,4.44,2364.5
Bengaluru,Dhanbad,flight,5768,3.17,1521.3
Bengaluru,Jodhpur,flight,5430,2.66,1550.5
Bengaluru,Amritsar,flight,6755,2.79,2093.7
Bengaluru,Nanded,train,404,8.34,688.0
Bengaluru,Gwalior,flight,5136,2.85,1474.2
Bengaluru,Kolhapur,train,329,10.69,549.4
Bengaluru,Bhubaneswar,flight,4192,1.87,1196.1
Bengaluru,Solapur,train,333,6.76,551.8
Bengaluru,Solapur,flight,2523,0.75,551.8
Bengaluru,Mangalore,train,189,3.56,296.8
Bengaluru,Mangalore,flight,1713,0.5,296.8
Bengaluru,Tiruchirappalli,train,202,5.28,270.9
Bengaluru,BiharSharif,flight,6162,2.46,1593.3
Bengaluru,Aligarh,flight,5851,2.19,1660.5
Bengaluru,Tirunelveli,train,287,9.18,473.8
Bengaluru,Bhiwandi,train,494,15.06,852.5
Bengaluru,Bhiwandi,flight,3232,1.41,852.5
Bengaluru,Saharanpur,flight,7124,3.81,1889.5
Bengaluru,Gorakhpur,flight,6335,2.93,1647.3
Bengaluru,Jalandhar,train,1093,33.76,2051.3
Bengaluru,Jamshedpur,flight,5345,2.23,1422.1
Bengaluru,Salem,train,136,2.68,157.2
Bengaluru,Warangal,train,375,6.81,595.5
Bengaluru,Mira-Bhayandar,flight,3830,1.5,864.9
Bengaluru,Thiruvananthapuram,train,328,8.06,499.7
Bengaluru,Bhilai,train,554,18.8,1000.6
Bengaluru,Bhilai,flight,4044,1.38,1000.6
Bengaluru,Ujjain,train,658,21.43,1151.0
Bengaluru,Ujjain,flight,4050,2.27,1151.0
Bengaluru,Durgapur,flight,5426,2.03,1557.2
Bengaluru,Asansol,flight,6157,3.08,1546.4
Bengaluru,Rourkela,flight,4311,2.4,1287.2
Bengaluru,Nellore,train,220,3.97,305.8
Bengaluru,Dehradun,flight,7142,2.55,1929.2
Bengaluru,Davanagere,train,173,4.8,245.4
Bengaluru,Davanagere,flight,1467,0.42,245.4
Bengaluru,Kozhikode,train,202,4.71,274.2
Bengaluru,Akola,train,513,11.42,861.7
Bengaluru,Akola,flight,3075,1.44,861.7
Bengaluru,Kurnool,train,218,6.35,321.2
Bengaluru,Nizamabad,flight,2527,0.8,636.1
Bengaluru,Guntur,train,270,6.76,480.6
Bengaluru,Guntur,flight,2453,0.84,480.6
Bengaluru,Amravati,flight,3460,1.38,885.6
Bengaluru,Kakinada,train,372,11.36,670.2
Bengaluru,Tirupati,train,145,2.76,210.5
Bengaluru,Tirupati,flight,1294,0.32,210.5
Bengaluru,Puri,train,612,19.73,1161.7
Bengaluru,Puri,flight,4751,1.49,1161.7
Bengaluru,Shimoga,train,180,2.92,243.7
Bengaluru,Ongole,train,246,4.58,386.5
Bengaluru,Bathinda,flight,7026,3.19,1936.2
Bengaluru,Darbhanga,flight,6165,2.54,1702.9
Bengaluru,Satara,train,405,8.01,650.5
Bengaluru,Proddatur,train,170,2.79,223.0
Bengaluru,Kollam,flight,2101,0.97,466.0
Bengaluru,Ambala,flight,6932,2.63,1937.3
Bengaluru,Siliguri,flight,5849,3.93,1899.5
Bengaluru,Rohtak,flight,6039,2.64,1773.6
Bengaluru,Etawah,flight,6002,2.2,1543.2
Bengaluru,Orai,flight,5901,2.98,1460.7
Bengaluru,Haldwani,flight,6330,2.78,1817.4
Bengaluru,Muzaffarpur,flight,5557,2.7,1673.6
Bengaluru,Ramagundam,train,425,12.53,678.6
Bengaluru,Ramagundam,flight,3088,0.88,678.6
Bengaluru,Baripada,flight,5626,1.93,1389.2
Bengaluru,Tezpur,flight,8077,2.81,2196.3
Bengaluru,Korba,flight,4638,2.0,1177.6
Bengaluru,Nagapattinam,train,218,5.56,345.9
Bengaluru,Mahbubnagar,train,242,5.64,421.3
Bengaluru,Buxar,flight,5705,2.41,1560.4
Bengaluru,Sagar,flight,4669,2.32,1214.4
Bengaluru,Chittoor,train,130,2.92,165.4
Bengaluru,Arrah,flight,5904,2.67,1583.6
Bengaluru,Bharuch,flight,4389,1.89,1085.7
Bengaluru,Balasore,flight,4904,1.94,1370.4
Bengaluru,Jalgaon,flight,3916,1.18,919.3
Bengaluru,Palakkad,train,169,3.61,263.6
Bengaluru,Palakkad,flight,1553,0.34,263.6
Bengaluru,Unnao,flight,5444,2.45,1538.2
Bengaluru,Bilaspur,flight,4107,1.55,1121.3
Kolkata,Mumbai,flight,6067,2.74,1654.8
Kolkata,Delhi,flight,4438,2.58,1317.8
Kolkata,Bengaluru,flight,5157,3.29,1560.7
Kolkata,Chennai,flight,5332,2.4,1358.4
Kolkata,Hyderabad,train,653,13.45,1181.9
Kolkata,Pune,train,905,24.25,1575.4
Kolkata,Pune,flight,5654,2.08,1575.4
Kolkata,Ahmedabad,flight,6120,2.62,1618.9
Kolkata,Jaipur,flight,5027,2.01,1357.8
Kolkata,Surat,flight,6228,3.33,1609.7
Kolkata,Lucknow,flight,3498,1.2,887.0
Kolkata,Kanpur,train,467,12.09,919.6
Kolkata,Nagpur,flight,3907,1.37,970.1
Kolkata,Indore,flight,4716,1.93,1283.1
Kolkata,Thane,flight,5941,2.57,1640.3
Kolkata,Bhopal,flight,4694,1.51,1124.0
Kolkata,Visakhapatnam,train,465,9.35,763.8
Kolkata,Pimpri-Chinchwad,flight,5370,3.24,1577.1
Kolkata,Patna,train,264,5.98,469.2
Kolkata,Vadodara,flight,6291,2.97,1560.0
Kolkata,Ghaziabad,flight,4880,1.89,1285.9
Kolkata,Ludhiana,flight,5925,2.49,1547.3
Kolkata,Agra,train,604,14.9,1162.7
Kolkata,Agra,flight,3877,2.42,1162.7
Kolkata,Nashik,flight,5877,3.01,1536.2
Kolkata,Faridabad,flight,4613,1.87,1283.7
Kolkata,Meerut,flight,4931,1.82,1282.4
Kolkata,Rajkot,flight,5642,3.51,1804.1
Kolkata,Kalyan,flight,5697,2.64,1624.4
Kolkata,Vasai-Virar,flight,6459,2.17,1649.2
Kolkata,Varanasi,train,334,8.03,627.0
Kolkata,Srinagar,flight,5873,2.32,1840.8
Kolkata,Dhanbad,train,174,5.26,239.9
Kolkata,Jodhpur,flight,6286,2.44,1604.7
Kolkata,Amritsar,flight,6416,3.45,1670.4
Kolkata,Nanded,flight,4801,1.52,1208.3
Kolkata,Gwalior,flight,4129,1.66,1107.4
Kolkata,Kolhapur,flight,5500,2.83,1615.1
Kolkata,Bhubaneswar,train,218,6.38,364.9
Kolkata,Solapur,train,699,17.43,1410.0
Kolkata,Solapur,flight,5161,2.41,1410.0
Kolkata,Mangalore,flight,6774,2.66,1786.8
Kolkata,Tiruchirappalli,flight,6509,2.27,1664.3
Kolkata,BiharSharif,train,279,4.93,411.1
Kolkata,Aligarh,flight,4633,1.64,1190.4
Kolkata,Tirunelveli,flight,6238,2.8,1912.3
Kolkata,Bhiwandi,flight,6075,2.77,1630.1
Kolkata,Saharanpur,flight,5568,1.71,1354.8
Kolkata,Gorakhpur,train,396,13.75,686.3
Kolkata,Jalandhar,flight,6153,2.12,1595.9
Kolkata,Jamshedpur,train,151,3.82,223.2
Kolkata,Jamshedpur,flight,1441,0.44,223.2
Kolkata,Salem,flight,5756,2.21,1626.5
Kolkata,Warangal,train,596,14.75,1047.9
Kolkata,Mira-Bhayandar,flight,6320,2.26,1651.0
Kolkata,Thiruvananthapuram,flight,6326,2.55,1982.2
Kolkata,Bhilai,train,389,8.15,731.7
Kolkata,Bhilai,flight,3058,1.52,731.7
Kolkata,Ujjain,flight,4947,2.5,1290.1
Kolkata,Durgapur,train,125,1.99,150.6
Kolkata,Asansol,train,144,2.66,189.7
Kolkata,Rourkela,train,253,7.7,362.5
Kolkata,Rourkela,flight,1712,0.73,362.5
Kolkata,Nellore,flight,5100,2.23,1263.2
Kolkata,Dehradun,flight,5225,2.56,1340.2
Kolkata,Davanagere,flight,6389,2.28,1590.4
Kolkata,Kozhikode,flight,7237,2.85,1834.8
Kolkata,Akola,train,616,22.07,1191.9
Kolkata,Akola,flight,4155,2.03,1191.9
Kolkata,Kurnool,flight,5028,1.91,1317.6
Kolkata,Nizamabad,train,571,14.86,1153.0
Kolkata,Guntur,flight,4400,1.36,1084.1
Kolkata,Amravati,train,545,20.0,1109.1
Kolkata,Amravati,flight,4741,1.71,1109.1
Kolkata,Kakinada,flight,3168,1.29,891.4
Kolkata,Tirupati,flight,5472,2.18,1371.2
Kolkata,Puri,train,230,8.28,403.8
Kolkata,Shimoga,flight,6589,2.36,1656.5
Kolkata,Ongole,train,676,19.36,1174.6
Kolkata,Bathinda,flight,6151,2.87,1581.6
Kolkata,Darbhanga,train,297,6.28,470.4
Kolkata,Darbhanga,flight,2298,0.69,470.4
Kolkata,Satara,flight,5595,2.33,1594.9
Kolkata,Proddatur,flight,5283,1.94,1350.2
Kolkata,Kollam,flight,6276,2.95,1971.2
Kolkata,Ambala,flight,4846,2.05,1441.9
Kolkata,Siliguri,train,256,9.24,459.9
Kolkata,Rohtak,flight,4834,2.02,1370.4
Kolkata,Etawah,train,561,12.83,1053.9
Kolkata,Etawah,flight,4236,1.43,1053.9
Kolkata,Orai,train,587,17.12,978.9
Kolkata,Orai,flight,4191,1.74,978.9
Kolkata,Haldwani,flight,4516,1.66,1152.5
Kolkata,Muzaffarpur,train,301,5.59,496.4
Kolkata,Ramagundam,train,555,16.13,1008.5
Kolkata,Baripada,train,131,2.28,181.5
Kolkata,Tezpur,train,344,9.12,637.3
Kolkata,Korba,train,362,7.04,577.3
Kolkata,Korba,flight,2652,1.18,577.3
Kolkata,Nagapattinam,train,851,32.76,1594.4
Kolkata,Nagapattinam,flight,5552,3.09,1594.4
Kolkata,Mahbubnagar,flight,4218,2.31,1264.8
Kolkata,Buxar,flight,2317,1.18,540.2
Kolkata,Sagar,flight,3940,1.84,993.6
Kolkata,Chittoor,flight,5055,2.45,1428.3
Kolkata,Arrah,train,291,8.38,501.1
Kolkata,Bharuch,flight,5402,3.48,1583.0
Kolkata,Balasore,train,142,4.15,190.5
Kolkata,Jalgaon,flight,5129,2.63,1332.7
Kolkata,Palakkad,flight,6566,2.83,1807.1
Kolkata,Unnao,flight,3878,1.58,910.4
Kolkata,Bilaspur,train,382,8.43,642.6
Chennai,Mumbai,flight,3917,1.93,1033.1
Chennai,Delhi,flight,6329,2.36,1767.7
Chennai,Bengaluru,train,187,4.08,290.2
Chennai,Kolkata,flight,5017,2.29,1358.4
Chennai,Hyderabad,train,334,10.72,515.2
Chennai,Hyderabad,flight,2675,1.09,515.2
Chennai,Pune,train,505,12.15,914.4
Chennai,Pune,flight,3286,1.36,914.4
Chennai,Ahmedabad,flight,4786,1.79,1371.8
Chennai,Jaipur,flight,6088,3.25,1607.1
Chennai,Surat,train,652,16.14,1196.8
Chennai,Surat,flight,4671,2.56,1196.8
Chennai,Lucknow,flight,5065,3.06,1532.1
Chennai,Kanpur,flight,5453,2.02,1486.4
Chennai,Nagpur,flight,3775,1.26,905.3
Chennai,Indore,train,696,15.57,1168.6
Chennai,Indore,flight,4204,2.24,1168.6
Chennai,Thane,train,539,19.5,1035.1
Chennai,Bhopal,train,680,21.6,1171.1
Chennai,Visakhapatnam,train,357,7.74,601.6
Chennai,Pimpri-Chinchwad,train,478,12.76,926.8
Chennai,Patna,flight,5004,2.27,1481.5
Chennai,Vadodara,flight,4839,1.77,1270.6
Chennai,Ghaziabad,flight,6110,3.54,1757.5
Chennai,Ludhiana,flight,6525,3.73,2032.3
Chennai,Agra,flight,5628,2.26,1584.8
Chennai,Nashik,train,515,13.62,1033.3
Chennai,Faridabad,flight,6524,2.74,1731.4
Chennai,Meerut,flight,5797,2.73,1787.9
Chennai,Rajkot,train,758,31.41,1433.3
Chennai,Rajkot,flight,4605,2.57,1433.3
Chennai,Kalyan,train,546,13.0,1024.4
Chennai,Kalyan,flight,3530,2.09,1024.4
Chennai,Vasai-Virar,train,621,15.69,1058.6
Chennai,Varanasi,flight,5588,1.93,1389.6
Chennai,Srinagar,flight,8183,4.7,2399.7
Chennai,Dhanbad,flight,5458,1.94,1356.3
Chennai,Jodhpur,flight,6506,2.41,1646.9
Chennai,Amritsar,flight,7081,4.71,2135.2
Chennai,Nanded,train,394,16.35,744.9
Chennai,Nanded,flight,3317,1.24,744.9
Chennai,Gwalior,flight,5171,2.25,1476.8
Chennai,Kolhapur,train,458,14.14,762.5
Chennai,Bhubaneswar,flight,3965,1.54,996.3
Chennai,Solapur,train,430,11.63,691.3
Chennai,Mangalore,train,347,12.69,586.9
Chennai,Mangalore,flight,2537,0.78,586.9
Chennai,Tiruchirappalli,train,203,5.4,306.6
Chennai,BiharSharif,flight,4724,2.0,1455.3
Chennai,Aligarh,train,856,24.79,1662.8
Chennai,Aligarh,flight,5747,3.42,1662.8
Chennai,Tirunelveli,train,362,8.06,558.0
Chennai,Bhiwandi,flight,4149,1.33,1033.1
Chennai,Saharanpur,flight,6185,2.62,1897.9
Chennai,Gorakhpur,flight,5739,3.33,1554.9
Chennai,Jalandhar,flight,7347,4.17,2084.6
Chennai,Jamshedpur,flight,4521,2.14,1249.5
Chennai,Salem,train,181,4.34,279.5
Chennai,Warangal,train,329,7.2,548.1
Chennai,Warangal,flight,2531,1.06,548.1
Chennai,Mira-Bhayandar,flight,3999,2.23,1049.4
Chennai,Thiruvananthapuram,train,372,7.14,624.1
Chennai,Bhilai,flight,3399,1.6,910.0
Chennai,Ujjain,flight,4624,1.54,1218.3
Chennai,Durgapur,flight,5431,1.98,1377.5
Chennai,Asansol,flight,4833,1.96,1373.1
Chennai,Rourkela,train,631,16.42,1129.8
Chennai,Nellore,train,133,2.54,154.3
Chennai,Dehradun,flight,6615,3.94,1930.1
Chennai,Davanagere,flight,2246,0.91,494.2
Chennai,Kozhikode,train,298,8.88,528.5
Chennai,Akola,train,557,11.85,915.4
Chennai,Kurnool,train,246,6.34,388.6
Chennai,Nizamabad,train,389,7.47,663.7
Chennai,Guntur,train,241,5.47,358.9
Chennai,Amravati,train,516,17.14,912.7
Chennai,Amravati,flight,4035,1.2,912.7
Chennai,Kakinada,train,279,10.47,483.4
Chennai,Tirupati,train,104,1.68,110.3
Chennai,Puri,train,537,18.69,954.6
Chennai,Puri,flight,3707,1.34,954.6
Chennai,Shimoga,train,297,9.48,517.1
Chennai,Ongole,train,195,3.05,270.5
Chennai,Ongole,flight,1524,0.39,270.5
Chennai,Bathinda,flight,6496,2.78,1981.7
Chennai,Darbhanga,flight,5684,2.11,1567.6
Chennai,Satara,train,477,10.12,844.9
Chennai,Satara,flight,3210,1.51,844.9
Chennai,Proddatur,train,167,4.76,262.4
Chennai,Kollam,train,382,12.28,613.4
Chennai,Ambala,flight,7216,4.08,1956.4
Chennai,Siliguri,flight,6644,3.32,1737.3
Chennai,Rohtak,flight,6917,3.35,1798.6
Chennai,Etawah,flight,5179,2.35,1529.3
Chennai,Orai,flight,5200,3.09,1437.8
Chennai,Haldwani,flight,5835,3.48,1796.0
Chennai,Muzaffarpur,train,901,27.93,1545.2
Chennai,Muzaffarpur,flight,5122,2.9,1545.2
Chennai,Ramagundam,train,391,10.32,637.6
Chennai,Baripada,train,623,24.58,1198.3
Chennai,Baripada,flight,4058,1.68,1198.3
Chennai,Tezpur,flight,7183,3.83,1994.9
Chennai,Korba,flight,4206,2.11,1064.1
Chennai,Nagapattinam,train,189,3.41,261.1
Chennai,Mahbubnagar,train,265,5.5,475.3
Chennai,Buxar,flight,5194,2.46,1446.7
Chennai,Sagar,flight,3979,2.63,1206.9
Chennai,Chittoor,train,107,2.09,127.6
Chennai,Arrah,flight,5492,2.26,1461.8
Chennai,Bharuch,flight,4078,1.86,1229.0
Chennai,Balasore,flight,4610,2.07,1171.7
Chennai,Jalgaon,flight,3840,1.53,1013.2
Chennai,Palakkad,train,289,7.45,468.9
Chennai,Palakkad,flight,2527,0.64,468.9
Chennai,Unnao,flight,5651,3.27,1496.2
Chennai,Bilaspur,flight,4247,1.67,1019.8
Hyderabad,Mumbai,train,394,12.91,621.5
Hyderabad,Delhi,flight,5147,1.59,1266.5
Hyderabad,Bengaluru,train,274,9.27,500.0
Hyderabad,Bengaluru,flight,2607,0.88,500.0
Hyderabad,Kolkata,train,632,17.34,1181.9
Hyderabad,Kolkata,flight,4914,1.61,1181.9
Hyderabad,Chennai,train,338,7.3,515.2
Hyderabad,Chennai,flight,2664,0.82,515.2
Hyderabad,Pune,train,319,8.56,505.8
Hyderabad,Pune,flight,2478,0.71,505.8
Hyderabad,Ahmedabad,flight,3298,1.86,879.5
Hyderabad,Jaipur,train,568,16.82,1095.1
Hyderabad,Jaipur,flight,3714,2.17,1095.1
Hyderabad,Surat,flight,3225,1.36,727.5
Hyderabad,Lucknow,train,605,12.72,1082.1
Hyderabad,Kanpur,flight,3620,1.49,1025.7
Hyderabad,Nagpur,train,265,6.78,422.9
Hyderabad,Indore,train,406,9.32,653.6
Hyderabad,Indore,flight,2847,0.87,653.6
Hyderabad,Thane,train,342,9.86,616.2
Hyderabad,Bhopal,train,365,9.54,662.8
Hyderabad,Visakhapatnam,train,293,9.62,502.8
Hyderabad,Visakhapatnam,flight,2433,1.03,502.8
Hyderabad,Pimpri-Chinchwad,train,308,8.09,514.6
Hyderabad,Pimpri-Chinchwad,flight,2363,0.81,514.6
Hyderabad,Patna,flight,4085,2.34,1142.6
Hyderabad,Vadodara,train,451,13.34,779.2
Hyderabad,Ghaziabad,flight,4220,1.73,1259.2
Hyderabad,Ludhiana,flight,5862,1.94,1526.2
Hyderabad,Agra,flight,3721,2.03,1089.9
Hyderabad,Nashik,train,321,6.89,573.6
Hyderabad,Faridabad,flight,4969,2.43,1231.6
Hyderabad,Meerut,train,710,17.06,1292.3
Hyderabad,Meerut,flight,4461,2.61,1292.3
Hyderabad,Rajkot,train,563,19.69,971.8
Hyderabad,Rajkot,flight,3353,1.26,971.8
Hyderabad,Kalyan,train,367,7.33,601.8
Hyderabad,Vasai-Virar,train,350,10.31,636.2
Hyderabad,Varanasi,flight,3832,1.26,996.7
Hyderabad,Srinagar,flight,6807,2.92,1892.8
Hyderabad,Dhanbad,train,544,19.71,1091.2
Hyderabad,Dhanbad,flight,3936,1.55,1091.2
Hyderabad,Jodhpur,train,566,21.05,1134.1
Hyderabad,Jodhpur,flight,4225,1.98,1134.1
Hyderabad,Amritsar,train,864,22.04,1625.7
Hyderabad,Amritsar,flight,5732,3.11,1625.7
Hyderabad,Nanded,train,164,3.42,232.0
Hyderabad,Gwalior,train,571,11.21,982.7
Hyderabad,Gwalior,flight,4122,1.32,982.7
Hyderabad,Kolhapur,train,290,8.95,457.3
Hyderabad,Bhubaneswar,flight,3006,1.6,837.2
Hyderabad,Solapur,train,170,5.98,275.3
Hyderabad,Mangalore,train,393,9.01,631.6
Hyderabad,Tiruchirappalli,train,411,9.58,733.7
Hyderabad,BiharSharif,flight,4769,1.47,1133.4
Hyderabad,Aligarh,train,663,23.48,1169.6
Hyderabad,Aligarh,flight,4585,1.86,1169.6
Hyderabad,Tirunelveli,flight,3545,1.4,967.4
Hyderabad,Bhiwandi,train,340,11.47,610.3
Hyderabad,Bhiwandi,flight,2632,0.89,610.3
Hyderabad,Saharanpur,flight,4512,2.67,1402.0
Hyderabad,Gorakhpur,flight,4257,2.12,1157.4
Hyderabad,Jalandhar,flight,5916,2.38,1577.7
Hyderabad,Jamshedpur,flight,3752,2.01,1005.8
Hyderabad,Salem,train,367,13.53,637.2
Hyderabad,Warangal,train,122,1.64,134.1
Hyderabad,Mira-Bhayandar,flight,2687,0.85,630.7
Hyderabad,Thiruvananthapuram,flight,3580,1.33,999.5
Hyderabad,Bhilai,train,283,7.66,523.9
Hyderabad,Bhilai,flight,2579,0.79,523.9
Hyderabad,Ujjain,train,391,8.3,703.2
Hyderabad,Durgapur,flight,3878,1.7,1144.3
Hyderabad,Asansol,train,599,16.97,1125.7
Hyderabad,Asansol,flight,4691,1.55,1125.7
Hyderabad,Rourkela,train,502,15.22,858.5
Hyderabad,Nellore,train,245,4.26,364.4
Hyderabad,Dehradun,flight,5165,2.49,1438.7
Hyderabad,Davanagere,train,289,5.39,425.1
Hyderabad,Kozhikode,train,437,8.69,740.9
Hyderabad,Akola,train,260,4.48,400.2
Hyderabad,Kurnool,train,134,3.86,179.6
Hyderabad,Nizamabad,train,134,2.73,149.0
Hyderabad,Nizamabad,flight,1344,0.29,149.0
Hyderabad,Guntur,train,162,4.55,239.7
Hyderabad,Amravati,train,240,7.5,401.8
Hyderabad,Kakinada,train,235,7.22,401.9
Hyderabad,Kakinada,flight,2278,0.8,401.9
Hyderabad,Tirupati,flight,2335,0.8,429.4
Hyderabad,Puri,train,431,11.55,819.6
Hyderabad,Shimoga,train,285,10.07,495.2
Hyderabad,Ongole,train,195,5.24,267.3
Hyderabad,Bathinda,flight,5439,2.9,1470.7
Hyderabad,Darbhanga,flight,4862,2.62,1238.5
Hyderabad,Satara,train,275,7.57,477.5
Hyderabad,Proddatur,train,209,4.75,293.1
Hyderabad,Kollam,flight,4021,2.1,965.7
Hyderabad,Ambala,flight,5529,2.3,1455.1
Hyderabad,Siliguri,flight,4922,2.36,1456.3
Hyderabad,Rohtak,flight,5237,1.86,1294.2
Hyderabad,Etawah,train,584,17.44,1046.7
Hyderabad,Etawah,flight,4235,1.6,1046.7
Hyderabad,Orai,train,483,14.9,962.2
Hyderabad,Orai,flight,4221,1.44,962.2
Hyderabad,Haldwani,flight,4573,1.79,1320.0
Hyderabad,Muzaffarpur,flight,4754,1.98,1204.3
Hyderabad,Ramagundam,train,152,2.88,191.6
Hyderabad,Baripada,flight,4236,1.93,1000.9
Hyderabad,Tezpur,flight,6273,2.31,1796.7
Hyderabad,Korba,train,367,10.27,710.1
Hyderabad,Nagapattinam,train,455,9.39,749.7
Hyderabad,Mahbubnagar,train,99,1.09,89.2
Hyderabad,Buxar,train,643,21.92,1082.8
Hyderabad,Sagar,train,393,9.45,718.1
Hyderabad,Chittoor,train,294,7.09,468.1
Hyderabad,Chittoor,flight,2439,1.04,468.1
Hyderabad,Arrah,flight,4494,1.6,1111.1
Hyderabad,Bharuch,train,428,10.27,747.8
Hyderabad,Balasore,flight,3983,2.1,995.9
Hyderabad,Jalgaon,train,295,6.05,506.5
Hyderabad,Palakkad,train,423,9.78,759.8
Hyderabad,Palakkad,flight,3218,0.95,759.8
Hyderabad,Unnao,train,590,19.42,1038.3
Hyderabad,Unnao,flight,4056,1.56,1038.3
Hyderabad,Bilaspur,train,393,8.0,646.9
Pune,Mumbai,train,117,1.49,120.2
Pune,Delhi,flight,4910,1.9,1179.5
Pune,Bengaluru,train,425,11.31,735.2
Pune,Kolkata,flight,5125,2.77,1575.4
Pune,Chennai,train,480,15.91,914.4
Pune,Hyderabad,train,296,5.88,505.8
Pune,Ahmedabad,train,282,7.34,518.1
Pune,Jaipur,train,505,20.26,953.9
Pune,Jaipur,flight,3695,1.2,953.9
Pune,Surat,train,223,4.17,313.6
Pune,Lucknow,train,700,19.43,1176.7
Pune,Kanpur,flight,4491,2.39,1104.0
Pune,Nagpur,train,341,6.95,620.1
Pune,Indore,train,276,7.0,511.2
Pune,Indore,flight,2432,0.9,511.2
Pune,Thane,train,100,1.92,120.7
Pune,Bhopal,train,359,9.01,643.5
Pune,Bhopal,flight,3124,1.41,643.5
Pune,Visakhapatnam,train,518,11.16,993.7
Pune,Visakhapatnam,flight,3907,1.57,993.7
Pune,Pimpri-Chinchwad,train,55,0.22,13.6
Pune,Patna,flight,4537,1.82,1402.5
Pune,Vadodara,train,259,6.52,426.9
Pune,Ghaziabad,flight,4872,2.2,1186.3
Pune,Ludhiana,flight,5662,2.66,1391.3
Pune,Agra,train,627,13.74,1052.1
Pune,Agra,flight,4110,1.5,1052.1
Pune,Nashik,train,122,2.0,164.4
Pune,Faridabad,flight,4860,1.8,1154.6
Pune,Meerut,flight,4673,1.75,1227.5
Pune,Rajkot,train,284,9.95,527.5
Pune,Rajkot,flight,2568,0.67,527.5
Pune,Kalyan,train,113,1.82,110.6
Pune,Vasai-Virar,train,129,2.02,144.3
Pune,Varanasi,flight,4310,1.64,1205.8
Pune,Srinagar,flight,5877,3.01,1733.1
Pune,Dhanbad,flight,5542,2.15,1428.8
Pune,Jodhpur,flight,3346,1.87,862.5
Pune,Amritsar,flight,4784,2.62,1461.7
Pune,Nanded,train,219,4.87,371.3
Pune,Gwalior,train,582,11.62,964.4
Pune,Gwalior,flight,3469,2.03,964.4
Pune,Kolhapur,train,143,4.07,206.1
Pune,Bhubaneswar,flight,5298,1.76,1270.3
Pune,Solapur,train,178,3.1,236.8
Pune,Solapur,flight,1724,0.5,236.8
Pune,Mangalore,train,400,9.83,632.5
Pune,Tiruchirappalli,train,524,20.44,1005.1
Pune,Tiruchirappalli,flight,3612,1.32,1005.1
Pune,BiharSharif,flight,5532,2.27,1413.2
Pune,Aligarh,flight,4614,1.59,1128.5
Pune,Tirunelveli,flight,4376,1.54,1168.8
Pune,Bhiwandi,train,110,2.28,119.2
Pune,Saharanpur,flight,4661,1.78,1326.0
Pune,Gorakhpur,flight,5255,2.35,1338.1
Pune,Jalandhar,flight,5328,2.41,1434.4
Pune,Jamshedpur,flight,5481,2.45,1369.3
Pune,Salem,train,532,13.7,890.5
Pune,Salem,flight,3226,1.24,890.5
Pune,Warangal,train,351,7.52,609.0
Pune,Mira-Bhayandar,train,119,1.79,135.1
Pune,Thiruvananthapuram,train,686,13.86,1160.2
Pune,Thiruvananthapuram,flight,4122,2.54,1160.2
Pune,Bhilai,flight,3272,1.33,845.7
Pune,Ujjain,train,350,10.02,555.4
Pune,Durgapur,flight,5150,2.97,1502.2
Pune,Asansol,flight,5320,1.87,1474.3
Pune,Rourkela,flight,4940,2.08,1218.8
Pune,Nellore,train,431,17.66,795.3
Pune,Nellore,flight,3618,1.27,795.3
Pune,Dehradun,flight,5328,1.82,1377.7
Pune,Davanagere,train,303,6.97,501.8
Pune,Kozhikode,train,436,11.71,833.5
Pune,Akola,train,277,7.59,409.4
Pune,Kurnool,train,287,6.65,535.6
Pune,Nizamabad,flight,2120,0.87,446.9
Pune,Guntur,flight,3052,1.05,740.1
Pune,Amravati,train,315,5.64,489.5
Pune,Kakinada,flight,3306,1.21,904.6
Pune,Tirupati,train,488,11.51,805.5
Pune,Puri,train,662,14.81,1265.6
Pune,Puri,flight,4908,1.98,1265.6
Pune,Shimoga,train,312,6.34,542.1
Pune,Ongole,train,407,14.63,738.8
Pune,Ongole,flight,3003,1.37,738.8
Pune,Bathinda,flight,4660,1.69,1304.6
Pune,Darbhanga,flight,6081,2.28,1499.5
Pune,Satara,train,97,1.51,94.6
Pune,Proddatur,train,368,9.74,652.4
Pune,Kollam,flight,4190,1.95,1111.1
Pune,Ambala,flight,4833,1.76,1351.1
Pune,Siliguri,flight,5874,3.14,1748.8
Pune,Rohtak,train,583,24.56,1187.0
Pune,Rohtak,flight,4154,1.66,1187.0
Pune,Etawah,flight,3828,2.27,1060.2
Pune,Orai,flight,3762,1.33,1010.8
Pune,Haldwani,flight,5417,2.29,1320.7
Pune,Muzaffarpur,flight,5247,2.75,1455.3
Pune,Ramagundam,train,325,11.09,601.3
Pune,Baripada,flight,4497,2.31,1396.5
Pune,Tezpur,flight,7630,3.07,2140.6
Pune,Korba,flight,4242,1.96,1019.8
Pune,Nagapattinam,flight,3723,2.23,1075.2
Pune,Mahbubnagar,train,296,8.16,480.1
Pune,Buxar,flight,5013,2.8,1319.5
Pune,Sagar,train,462,9.31,778.2
Pune,Chittoor,train,413,11.17,813.6
Pune,Chittoor,flight,3247,1.13,813.6
Pune,Arrah,flight,5189,2.51,1360.7
Pune,Bharuch,train,242,4.37,364.8
Pune,Balasore,flight,5740,2.1,1405.0
Pune,Jalgaon,train,207,4.01,329.2
Pune,Palakkad,flight,3334,1.34,911.0
Pune,Unnao,flight,4179,1.6,1121.1
Pune,Bilaspur,flight,3298,1.19,949.8
Ahmedabad,Mumbai,train,285,5.04,440.0
Ahmedabad,Mumbai,flight,2223,0.81,440.0
Ahmedabad,Delhi,train,428,9.3,777.4
Ahmedabad,Delhi,flight,3185,1.21,777.4
Ahmedabad,Bengaluru,flight,4877,2.2,1237.0
Ahmedabad,Kolkata,flight,5093,3.01,1618.9
Ahmedabad,Chennai,flight,5550,2.06,1371.8
Ahmedabad,Hyderabad,flight,3131,1.57,879.5
Ahmedabad,Pune,flight,2354,0.71,518.1
Ahmedabad,Jaipur,train,305,6.47,540.5
Ahmedabad,Surat,train,162,2.51,207.7
Ahmedabad,Surat,flight,1606,0.38,207.7
Ahmedabad,Lucknow,flight,4056,1.51,945.1
Ahmedabad,Kanpur,train,497,16.56,871.2
Ahmedabad,Nagpur,flight,2645,1.26,703.1
Ahmedabad,Indore,train,217,4.52,338.4
Ahmedabad,Thane,train,248,6.96,425.1
Ahmedabad,Thane,flight,2026,0.87,425.1
Ahmedabad,Bhopal,train,302,8.29,495.7
Ahmedabad,Bhopal,flight,2434,0.68,495.7
Ahmedabad,Visakhapatnam,flight,5032,1.91,1257.9
Ahmedabad,Pimpri-Chinchwad,train,274,9.8,504.8
Ahmedabad,Patna,flight,4300,2.42,1304.5
Ahmedabad,Vadodara,train,92,2.21,101.2
Ahmedabad,Ghaziabad,train,449,12.46,795.4
Ahmedabad,Ludhiana,flight,3750,1.78,934.5
Ahmedabad,Agra,train,388,15.83,716.1
Ahmedabad,Nashik,train,213,7.79,359.2
Ahmedabad,Faridabad,train,431,16.72,764.5
Ahmedabad,Meerut,train,461,11.67,838.1
Ahmedabad,Meerut,flight,3376,1.32,838.1
Ahmedabad,Rajkot,train,134,2.89,198.3
Ahmedabad,Kalyan,train,254,8.83,424.7
Ahmedabad,Vasai-Virar,train,228,5.22,404.8
Ahmedabad,Varanasi,flight,4157,1.75,1085.4
Ahmedabad,Srinagar,flight,4363,1.98,1248.9
Ahmedabad,Dhanbad,flight,4720,2.0,1416.3
Ahmedabad,Jodhpur,train,229,4.59,360.6
Ahmedabad,Amritsar,train,596,12.71,984.1
Ahmedabad,Amritsar,flight,3458,1.83,984.1
Ahmedabad,Nanded,train,399,8.63,654.0
Ahmedabad,Gwalior,train,358,11.22,669.2
Ahmedabad,Kolhapur,flight,2917,1.03,724.0
Ahmedabad,Bhubaneswar,flight,4623,3.0,1402.2
Ahmedabad,Solapur,train,356,12.68,690.2
Ahmedabad,Solapur,flight,2742,1.29,690.2
Ahmedabad,Mangalore,flight,4466,2.45,1149.6
Ahmedabad,Tiruchirappalli,flight,5962,2.25,1507.9
Ahmedabad,BiharSharif,flight,4829,1.94,1335.6
Ahmedabad,Aligarh,train,435,9.55,774.7
Ahmedabad,Tirunelveli,flight,6550,3.0,1684.3
Ahmedabad,Bhiwandi,train,253,5.68,418.9
Ahmedabad,Saharanpur,train,508,10.39,916.7
Ahmedabad,Saharanpur,flight,3423,1.93,916.7
Ahmedabad,Gorakhpur,flight,4577,1.71,1165.6
Ahmedabad,Jalandhar,flight,3945,1.24,969.8
Ahmedabad,Jamshedpur,flight,5597,2.79,1395.9
Ahmedabad,Salem,flight,4813,1.84,1394.2
Ahmedabad,Warangal,train,505,10.71,922.1
Ahmedabad,Warangal,flight,3608,1.41,922.1
Ahmedabad,Mira-Bhayandar,train,265,5.58,417.2
Ahmedabad,Thiruvananthapuram,flight,5920,3.11,1678.0
Ahmedabad,Bhilai,train,470,13.43,934.8
Ahmedabad,Bhilai,flight,4121,1.21,934.8
Ahmedabad,Ujjain,train,209,4.43,329.1
Ahmedabad,Durgapur,flight,5579,1.96,1506.1
Ahmedabad,Asansol,flight,4754,3.12,1469.7
Ahmedabad,Rourkela,flight,4733,2.57,1262.9
Ahmedabad,Nellore,flight,4935,1.95,1232.2
Ahmedabad,Dehradun,flight,3421,2.06,975.4
Ahmedabad,Davanagere,flight,3538,1.29,1014.7
Ahmedabad,Kozhikode,flight,5308,1.85,1351.6
Ahmedabad,Akola,train,297,10.62,525.4
Ahmedabad,Kurnool,train,556,11.51,983.8
Ahmedabad,Nizamabad,train,436,12.32,750.4
Ahmedabad,Guntur,flight,3959,1.51,1111.2
Ahmedabad,Amravati,train,312,8.32,583.9
Ahmedabad,Kakinada,flight,4740,2.28,1212.7
Ahmedabad,Tirupati,flight,4405,2.28,1269.6
Ahmedabad,Puri,flight,5538,2.5,1417.6
Ahmedabad,Shimoga,train,566,20.22,1059.2
Ahmedabad,Shimoga,flight,4218,1.53,1059.2
Ahmedabad,Ongole,flight,3908,1.86,1146.1
Ahmedabad,Bathinda,train,494,9.32,833.4
Ahmedabad,Bathinda,flight,3692,1.18,833.4
Ahmedabad,Darbhanga,flight,4941,2.94,1390.4
Ahmedabad,Satara,train,331,7.04,612.3
Ahmedabad,Satara,flight,2898,0.86,612.3
Ahmedabad,Proddatur,train,615,16.41,1113.9
Ahmedabad,Kollam,flight,6496,2.98,1629.1
Ahmedabad,Ambala,train,524,10.95,918.2
Ahmedabad,Siliguri,flight,6424,3.19,1650.1
Ahmedabad,Rohtak,train,438,12.62,767.4
Ahmedabad,Rohtak,flight,3291,1.55,767.4
Ahmedabad,Etawah,flight,3362,1.64,772.7
Ahmedabad,Orai,train,415,11.06,771.0
Ahmedabad,Haldwani,train,570,11.11,976.8
Ahmedabad,Muzaffarpur,flight,5492,1.95,1340.6
Ahmedabad,Ramagundam,flight,3539,1.2,865.6
Ahmedabad,Baripada,flight,5087,3.08,1461.2
Ahmedabad,Tezpur,flight,7078,3.93,2077.7
Ahmedabad,Korba,train,620,13.7,1046.7
Ahmedabad,Nagapattinam,flight,5377,3.46,1565.6
Ahmedabad,Mahbubnagar,train,520,10.17,898.7
Ahmedabad,Buxar,flight,4374,1.96,1208.7
Ahmedabad,Sagar,train,337,8.49,635.6
Ahmedabad,Chittoor,flight,4315,1.7,1289.7
Ahmedabad,Arrah,flight,4905,2.4,1257.5
Ahmedabad,Bharuch,train,124,2.35,153.5
Ahmedabad,Balasore,flight,5335,3.01,1487.0
Ahmedabad,Jalgaon,train,249,4.84,381.1
Ahmedabad,Palakkad,flight,5504,2.86,1427.9
Ahmedabad,Unnao,flight,3251,1.23,889.0
Ahmedabad,Bilaspur,flight,3576,2.03,987.9
Jaipur,Mumbai,flight,3643,1.62,920.7
Jaipur,Delhi,train,173,3.48,237.5
Jaipur,Delhi,flight,1381,0.47,237.5
Jaipur,Bengaluru,flight,5036,2.68,1561.5
Jaipur,Kolkata,train,672,16.21,1357.8
Jaipur,Kolkata,flight,5208,1.75,1357.8
Jaipur,Chennai,flight,5100,2.62,1607.1
Jaipur,Hyderabad,train,555,18.38,1095.1
Jaipur,Pune,flight,3775,1.47,953.9
Jaipur,Ahmedabad,train,343,8.02,540.5
Jaipur,Ahmedabad,flight,2782,0.89,540.5
Jaipur,Surat,train,405,12.26,705.5
Jaipur,Lucknow,train,300,7.11,511.7
Jaipur,Kanpur,train,294,5.75,454.4
Jaipur,Nagpur,train,375,12.84,723.5
Jaipur,Indore,train,257,9.55,466.3
Jaipur,Thane,train,544,14.49,902.4
Jaipur,Bhopal,train,295,5.74,437.9
Jaipur,Visakhapatnam,flight,4217,2.26,1278.6
Jaipur,Pimpri-Chinchwad,flight,3853,1.86,943.2
Jaipur,Patna,train,491,15.78,943.7
Jaipur,Patna,flight,3348,1.91,943.7
Jaipur,Vadodara,train,341,8.01,575.8
Jaipur,Ghaziabad,train,177,4.16,255.0
Jaipur,Ludhiana,train,284,5.61,443.6
Jaipur,Agra,train,153,3.28,221.9
Jaipur,Agra,flight,1530,0.49,221.9
Jaipur,Nashik,flight,3397,1.07,795.4
Jaipur,Faridabad,train,173,4.51,224.5
Jaipur,Meerut,train,187,4.06,297.7
Jaipur,Rajkot,train,408,8.38,718.6
Jaipur,Kalyan,train,546,11.75,895.4
Jaipur,Kalyan,flight,3435,1.6,895.4
Jaipur,Vasai-Virar,train,460,13.88,888.9
Jaipur,Vasai-Virar,flight,3926,1.49,888.9
Jaipur,Varanasi,train,397,12.78,739.0
Jaipur,Varanasi,flight,2840,0.96,739.0
Jaipur,Srinagar,train,408,11.28,803.0
Jaipur,Srinagar,flight,3427,1.08,803.0
Jaipur,Dhanbad,flight,4725,1.51,1123.7
Jaipur,Jodhpur,train,195,3.84,284.8
Jaipur,Amritsar,train,340,7.97,532.5
Jaipur,Nanded,train,480,18.95,876.9
Jaipur,Nanded,flight,3122,1.2,876.9
Jaipur,Gwalior,train,186,3.3,250.4
Jaipur,Kolhapur,flight,4336,2.13,1146.2
Jaipur,Bhubaneswar,flight,5117,1.78,1258.9
Jaipur,Solapur,flight,4341,2.11,1028.9
Jaipur,Mangalore,flight,5545,2.21,1559.6
Jaipur,Tiruchirappalli,flight,6830,3.18,1818.5
Jaipur,BiharSharif,train,567,14.1,990.3
Jaipur,BiharSharif,flight,3476,1.5,990.3
Jaipur,Aligarh,train,162,4.7,252.1
Jaipur,Aligarh,flight,1714,0.36,252.1
Jaipur,Tirunelveli,flight,6668,4.07,2034.2
Jaipur,Bhiwandi,flight,3152,1.59,893.0
Jaipur,Saharanpur,train,248,7.05,380.4
Jaipur,Saharanpur,flight,2193,0.5,380.4
Jaipur,Gorakhpur,train,394,14.94,752.7
Jaipur,Gorakhpur,flight,3485,1.23,752.7
Jaipur,Jalandhar,train,302,7.31,491.2
Jaipur,Jamshedpur,flight,4119,2.19,1145.3
Jaipur,Salem,flight,5514,3.45,1713.3
Jaipur,Warangal,flight,4188,1.37,1068.4
Jaipur,Mira-Bhayandar,train,480,12.95,900.1
Jaipur,Mira-Bhayandar,flight,3832,1.8,900.1
Jaipur,Thiruvananthapuram,flight,7337,3.16,2048.3
Jaipur,Bhilai,train,444,10.21,855.8
Jaipur,Ujjain,train,283,6.36,415.1
Jaipur,Durgapur,flight,4270,1.55,1218.6
Jaipur,Asansol,flight,4667,1.62,1178.3
Jaipur,Rourkela,train,628,19.71,1052.1
Jaipur,Rourkela,flight,4200,1.49,1052.1
Jaipur,Nellore,flight,5244,2.65,1453.4
Jaipur,Dehradun,train,286,5.95,437.3
Jaipur,Davanagere,flight,5591,2.25,1384.2
Jaipur,Kozhikode,flight,5687,2.49,1740.6
Jaipur,Akola,train,400,8.25,701.7
Jaipur,Akola,flight,3257,1.26,701.7
Jaipur,Kurnool,train,659,17.58,1254.2
Jaipur,Kurnool,flight,4284,2.01,1254.2
Jaipur,Nizamabad,flight,3821,1.62,946.2
Jaipur,Guntur,flight,4352,1.75,1273.1
Jaipur,Amravati,train,359,11.8,694.5
Jaipur,Kakinada,flight,5335,2.82,1288.3
Jaipur,Tirupati,flight,5486,3.35,1524.6
Jaipur,Puri,flight,4743,2.51,1293.0
Jaipur,Shimoga,flight,4942,1.99,1443.8
Jaipur,Ongole,flight,4865,2.7,1342.8
Jaipur,Bathinda,flight,2021,0.74,375.9
Jaipur,Darbhanga,flight,4380,1.4,1008.5
Jaipur,Satara,flight,3597,1.33,1043.0
Jaipur,Proddatur,flight,4803,1.82,1382.4
Jaipur,Kollam,flight,6677,3.49,2005.5
Jaipur,Ambala,train,243,6.07,397.3
Jaipur,Siliguri,flight,5143,2.43,1254.2
Jaipur,Rohtak,train,172,2.61,234.7
Jaipur,Etawah,train,197,4.79,320.5
Jaipur,Orai,train,229,5.34,379.7
Jaipur,Haldwani,train,262,9.54,446.5
Jaipur,Muzaffarpur,train,561,18.49,959.3
Jaipur,Ramagundam,train,503,13.18,983.6
Jaipur,Ramagundam,flight,4060,1.56,983.6
Jaipur,Baripada,flight,5009,1.79,1240.0
Jaipur,Tezpur,flight,6585,2.28,1687.0
Jaipur,Korba,train,493,17.83,866.8
Jaipur,Korba,flight,3761,1.86,866.8
Jaipur,Nagapattinam,flight,5789,3.78,1844.3
Jaipur,Mahbubnagar,flight,4106,2.18,1153.3
Jaipur,Buxar,train,488,11.42,849.4
Jaipur,Buxar,flight,3408,1.3,849.4
Jaipur,Sagar,train,282,5.11,452.4
Jaipur,Chittoor,flight,6104,2.23,1561.4
Jaipur,Arrah,flight,3273,1.78,898.2
Jaipur,Bharuch,train,340,11.74,643.5
Jaipur,Bharuch,flight,3073,0.96,643.5
Jaipur,Balasore,flight,5017,2.64,1280.2
Jaipur,Jalgaon,train,383,11.47,657.0
Jaipur,Palakkad,flight,6812,2.53,1795.4
Jaipur,Unnao,train,295,7.98,468.3
Jaipur,Bilaspur,flight,3733,1.28,837.5
Surat,Mumbai,train,181,4.4,232.9
Surat,Delhi,flight,3612,1.42,941.7
Surat,Bengaluru,flight,4198,1.54,1042.5
Surat,Kolkata,train,799,32.56,1609.7
Surat,Kolkata,flight,5870,2.09,1609.7
Surat,Chennai,train,694,16.23,1196.8
Surat,Hyderabad,train,387,15.91,727.5
Surat,Pune,train,209,3.71,313.6
Surat,Ahmedabad,train,149,2.88,207.7
Surat,Ahmedabad,flight,1472,0.42,207.7
Surat,Jaipur,train,426,8.04,705.5
Surat,Lucknow,train,614,11.87,1037.7
Surat,Kanpur,train,575,12.5,962.4
Surat,Nagpur,train,345,10.02,648.8
Surat,Indore,train,209,7.57,356.5
Surat,Thane,train,146,4.19,217.6
Surat,Thane,flight,1460,0.38,217.6
Surat,Bhopal,train,305,8.53,525.7
Surat,Visakhapatnam,flight,4446,2.55,1155.7
Surat,Pimpri-Chinchwad,train,200,4.08,300.1
Surat,Pimpri-Chinchwad,flight,1659,0.38,300.1
Surat,Patna,flight,4662,2.29,1348.1
Surat,Vadodara,train,122,1.98,131.5
Surat,Ghaziabad,flight,4007,1.46,955.0
Surat,Ludhiana,flight,4488,1.78,1123.3
Surat,Agra,flight,3119,1.75,849.4
Surat,Nashik,train,126,2.46,164.2
Surat,Faridabad,flight,3429,1.34,923.3
Surat,Meerut,train,506,13.24,997.7
Surat,Meerut,flight,3937,1.61,997.7
Surat,Rajkot,train,172,4.4,244.6
Surat,Kalyan,train,155,4.65,217.0
Surat,Vasai-Virar,train,134,2.59,197.8
Surat,Varanasi,flight,4387,1.51,1133.8
Surat,Srinagar,flight,4939,2.58,1448.8
Surat,Dhanbad,flight,5173,3.04,1426.8
Surat,Jodhpur,train,335,8.39,564.0
Surat,Amritsar,train,637,16.97,1181.1
Surat,Amritsar,flight,4292,1.6,1181.1
Surat,Nanded,train,281,6.44,519.5
Surat,Gwalior,flight,3143,1.01,782.1
Surat,Kolhapur,train,300,7.03,518.3
Surat,Bhubaneswar,flight,5143,2.18,1354.3
Surat,Solapur,train,296,7.49,506.3
Surat,Mangalore,train,565,12.39,942.9
Surat,Mangalore,flight,3704,1.46,942.9
Surat,Tiruchirappalli,flight,4465,2.83,1313.4
Surat,BiharSharif,flight,5379,2.4,1371.3
Surat,Aligarh,train,476,14.91,917.5
Surat,Tirunelveli,flight,4746,3.14,1482.2
Surat,Bhiwandi,train,140,2.5,211.2
Surat,Bhiwandi,flight,1487,0.27,211.2
Surat,Saharanpur,train,604,21.19,1085.9
Surat,Gorakhpur,flight,4071,1.96,1237.7
Surat,Jalandhar,train,634,15.24,1161.8
Surat,Jalandhar,flight,4549,2.58,1161.8
Surat,Jamshedpur,flight,5644,2.89,1390.2
Surat,Salem,flight,4266,1.52,1199.0
Surat,Warangal,train,478,15.33,792.8
Surat,Mira-Bhayandar,train,168,3.33,210.2
Surat,Thiruvananthapuram,flight,5855,1.87,1473.5
Surat,Bhilai,train,501,13.78,891.4
Surat,Ujjain,train,259,5.56,377.4
Surat,Ujjain,flight,1778,0.82,377.4
Surat,Durgapur,flight,5655,2.36,1511.3
Surat,Asansol,flight,5847,3.26,1477.8
Surat,Rourkela,flight,4179,1.94,1247.5
Surat,Nellore,train,629,20.04,1064.2
Surat,Nellore,flight,4238,1.4,1064.2
Surat,Dehradun,train,582,21.71,1142.2
Surat,Davanagere,train,438,10.7,814.1
Surat,Davanagere,flight,3713,1.05,814.1
Surat,Kozhikode,flight,3832,1.9,1146.1
Surat,Akola,train,258,5.51,436.7
Surat,Akola,flight,2090,0.73,436.7
Surat,Kurnool,train,429,11.67,808.7
Surat,Nizamabad,train,393,12.28,616.3
Surat,Guntur,flight,4196,1.65,966.0
Surat,Amravati,train,287,11.08,513.0
Surat,Amravati,flight,2280,0.79,513.0
Surat,Kakinada,train,584,18.17,1092.9
Surat,Kakinada,flight,4034,2.15,1092.9
Surat,Tirupati,flight,4448,1.92,1091.3
Surat,Puri,flight,5195,2.81,1362.1
Surat,Shimoga,train,482,15.41,855.7
Surat,Ongole,train,595,14.26,988.2
Surat,Bathinda,train,587,20.64,1027.3
Surat,Bathinda,flight,3877,1.84,1027.3
Surat,Darbhanga,flight,5558,2.15,1440.0
Surat,Satara,flight,1991,0.52,406.8
Surat,Proddatur,train,508,10.67,935.4
Surat,Kollam,flight,5104,2.41,1424.0
Surat,Ambala,train,584,16.58,1097.2
Surat,Ambala,flight,4275,1.53,1097.2
Surat,Siliguri,flight,6695,2.79,1698.9
Surat,Rohtak,train,496,10.7,939.3
Surat,Rohtak,flight,4072,1.37,939.3
Surat,Etawah,train,445,11.25,885.5
Surat,Orai,train,522,18.88,862.1
Surat,Haldwani,flight,3858,1.43,1118.7
Surat,Muzaffarpur,flight,5312,2.31,1391.7
Surat,Ramagundam,train,387,10.84,751.6
Surat,Baripada,flight,5206,2.91,1441.2
Surat,Tezpur,flight,6837,3.04,2115.9
Surat,Korba,flight,3898,1.42,1032.6
Surat,Nagapattinam,flight,5417,2.93,1377.2
Surat,Mahbubnagar,train,452,16.04,732.1
Surat,Buxar,flight,4856,1.85,1255.8
Surat,Sagar,train,355,9.13,675.3
Surat,Sagar,flight,3021,1.01,675.3
Surat,Chittoor,flight,4678,1.79,1106.6
Surat,Arrah,train,652,18.89,1302.4
Surat,Arrah,flight,5114,1.69,1302.4
Surat,Bharuch,train,74,0.7,62.5
Surat,Bharuch,flight,909,0.09,62.5
Surat,Balasore,flight,5293,2.73,1460.5
Surat,Jalgaon,train,178,3.98,284.0
Surat,Palakkad,flight,4528,1.78,1224.6
Surat,Unnao,train,587,10.93,980.3
Surat,Bilaspur,flight,3480,1.64,967.3
Lucknow,Mumbai,flight,4802,2.32,1194.7
Lucknow,Delhi,train,271,5.5,430.8
Lucknow,Delhi,flight,1982,0.88,430.8
Lucknow,Bengaluru,flight,5296,2.65,1581.9
Lucknow,Kolkata,flight,3892,1.84,887.0
Lucknow,Chennai,flight,6202,2.11,1532.1
Lucknow,Hyderabad,flight,3847,2.21,1082.1
Lucknow,Pune,flight,4936,2.27,1176.7
Lucknow,Ahmedabad,train,570,13.51,945.1
Lucknow,Jaipur,train,294,9.71,511.7
Lucknow,Surat,train,542,13.0,1037.7
Lucknow,Surat,flight,4159,1.38,1037.7
Lucknow,Kanpur,train,92,1.23,75.3
Lucknow,Nagpur,train,394,9.57,661.4
Lucknow,Indore,train,377,11.21,688.7
Lucknow,Indore,flight,2665,0.89,688.7
Lucknow,Thane,flight,4395,1.55,1175.9
Lucknow,Bhopal,train,320,9.61,534.5
Lucknow,Visakhapatnam,flight,4443,1.5,1044.9
Lucknow,Pimpri-Chinchwad,flight,4915,1.69,1170.7
Lucknow,Patna,train,285,5.41,440.7
Lucknow,Vadodara,flight,3341,1.83,933.1
Lucknow,Ghaziabad,train,258,7.84,398.9
Lucknow,Ludhiana,train,361,9.96,669.7
Lucknow,Agra,train,186,5.06,293.4
Lucknow,Nashik,train,527,17.91,1054.6
Lucknow,Nashik,flight,4182,1.47,1054.6
Lucknow,Faridabad,train,252,4.89,397.4
Lucknow,Meerut,train,266,4.72,397.3
Lucknow,Meerut,flight,2163,0.82,397.3
Lucknow,Rajkot,train,672,17.82,1142.8
Lucknow,Kalyan,flight,4831,1.78,1163.5
Lucknow,Vasai-Virar,train,692,24.39,1171.7
Lucknow,Varanasi,train,184,5.34,264.4
Lucknow,Srinagar,train,544,11.85,996.9
Lucknow,Srinagar,flight,3701,1.25,996.9
Lucknow,Dhanbad,train,345,11.0,647.1
Lucknow,Dhanbad,flight,2532,0.83,647.1
Lucknow,Jodhpur,train,482,15.95,790.8
Lucknow,Jodhpur,flight,3292,1.31,790.8
Lucknow,Amritsar,train,431,10.82,793.9
Lucknow,Nanded,train,536,12.24,932.3
Lucknow,Nanded,flight,4118,1.96,932.3
Lucknow,Gwalior,train,189,4.68,283.6
Lucknow,Kolhapur,flight,5441,2.26,1322.5
Lucknow,Bhubaneswar,flight,3870,1.16,881.6
Lucknow,Solapur,train,614,18.4,1145.3
Lucknow,Mangalore,flight,5831,2.35,1674.2
Lucknow,Tiruchirappalli,flight,6218,3.68,1800.8
Lucknow,BiharSharif,train,288,6.32,492.2
Lucknow,Aligarh,train,221,3.57,305.4
Lucknow,Aligarh,flight,1596,0.66,305.4
Lucknow,Tirunelveli,flight,6870,2.93,2044.1
Lucknow,Bhiwandi,flight,4512,2.07,1164.8
Lucknow,Saharanpur,train,304,7.14,480.3
Lucknow,Gorakhpur,train,174,3.56,241.1
Lucknow,Gorakhpur,flight,1529,0.38,241.1
Lucknow,Jalandhar,train,381,8.9,721.1
Lucknow,Jamshedpur,train,395,10.88,695.1
Lucknow,Salem,flight,5934,2.32,1713.4
Lucknow,Warangal,flight,4283,1.9,996.9
Lucknow,Mira-Bhayandar,train,604,19.67,1179.7
Lucknow,Mira-Bhayandar,flight,4071,1.64,1179.7
Lucknow,Thiruvananthapuram,flight,7438,2.7,2080.7
Lucknow,Bhilai,flight,2778,1.02,630.8
Lucknow,Ujjain,train,345,10.93,660.8
Lucknow,Durgapur,train,449,12.23,739.5
Lucknow,Asansol,train,379,8.17,699.1
Lucknow,Rourkela,train,341,9.1,645.1
Lucknow,Rourkela,flight,3125,1.15,645.1
Lucknow,Nellore,flight,5182,1.88,1382.9
Lucknow,Dehradun,train,263,8.43,479.3
Lucknow,Davanagere,flight,5916,2.03,1472.2
Lucknow,Kozhikode,flight,5761,3.09,1815.7
Lucknow,Akola,train,437,14.82,792.1
Lucknow,Akola,flight,3313,1.1,792.1
Lucknow,Kurnool,flight,4909,2.16,1261.5
Lucknow,Nizamabad,flight,3922,2.08,954.7
Lucknow,Guntur,flight,4881,1.65,1173.2
Lucknow,Amravati,train,452,13.33,732.4
Lucknow,Kakinada,flight,3833,2.29,1104.3
Lucknow,Tirupati,flight,5851,1.99,1478.3
Lucknow,Puri,train,502,18.65,927.3
Lucknow,Puri,flight,3752,1.38,927.3
Lucknow,Shimoga,train,761,26.61,1541.2
Lucknow,Shimoga,flight,6113,2.45,1541.2
Lucknow,Ongole,flight,4204,2.28,1264.5
Lucknow,Bathinda,train,413,8.66,695.2
Lucknow,Darbhanga,train,280,6.76,498.1
Lucknow,Satara,flight,4713,2.68,1244.6
Lucknow,Proddatur,flight,5531,1.93,1367.8
Lucknow,Kollam,flight,7151,3.28,2047.8
Lucknow,Ambala,train,362,8.54,565.5
Lucknow,Siliguri,flight,2812,1.61,742.8
Lucknow,Rohtak,train,284,9.23,483.5
Lucknow,Rohtak,flight,2233,0.76,483.5
Lucknow,Etawah,train,140,2.6,191.8
Lucknow,Orai,train,142,2.37,176.0
Lucknow,Haldwani,train,196,4.23,298.9
Lucknow,Muzaffarpur,flight,2353,0.62,449.6
Lucknow,Ramagundam,train,509,13.49,908.7
Lucknow,Ramagundam,flight,3835,1.74,908.7
Lucknow,Baripada,flight,3451,1.29,803.1
Lucknow,Tezpur,flight,4942,1.75,1176.1
Lucknow,Korba,train,346,9.17,531.5
Lucknow,Nagapattinam,flight,6844,2.56,1791.2
Lucknow,Mahbubnagar,train,637,20.36,1164.3
Lucknow,Mahbubnagar,flight,4072,1.8,1164.3
Lucknow,Buxar,train,240,7.55,351.9
Lucknow,Sagar,train,262,7.25,401.4
Lucknow,Chittoor,flight,5028,2.2,1527.7
Lucknow,Arrah,train,248,5.12,397.9
Lucknow,Bharuch,flight,3730,1.32,986.0
Lucknow,Balasore,train,468,16.45,850.3
Lucknow,Jalgaon,flight,3421,1.61,848.8
Lucknow,Palakkad,flight,5988,2.32,1841.5
Lucknow,Unnao,train,71,1.06,57.4
Lucknow,Bilaspur,train,334,9.25,543.6
Kanpur,Mumbai,train,557,17.26,1120.3
Kanpur,Mumbai,flight,4390,1.77,1120.3
Kanpur,Delhi,train,257,5.09,405.1
Kanpur,Bengaluru,flight,5784,2.13,1525.7
Kanpur,Kolkata,flight,4087,1.43,919.6
Kanpur,Chennai,flight,5826,2.42,1486.4
Kanpur,Hyderabad,flight,4436,2.21,1025.7
Kanpur,Pune,flight,3884,1.42,1104.0
Kanpur,Ahmedabad,flight,3690,1.22,871.2
Kanpur,Jaipur,train,303,8.27,454.4
Kanpur,Surat,train,527,10.86,962.4
Kanpur,Surat,flight,3372,2.0,962.4
Kanpur,Lucknow,train,88,1.61,75.3
Kanpur,Nagpur,train,358,7.57,603.2
Kanpur,Indore,train,323,8.42,613.7
Kanpur,Thane,train,565,16.49,1101.5
Kanpur,Bhopal,train,263,5.34,461.0
Kanpur,Visakhapatnam,train,537,11.38,1018.7
Kanpur,Visakhapatnam,flight,3808,1.49,1018.7
Kanpur,Pimpri-Chinchwad,train,634,12.66,1097.7
Kanpur,Patna,train,315,7.99,489.5
Kanpur,Patna,flight,2251,0.77,489.5
Kanpur,Vadodara,train,481,13.81,858.0
Kanpur,Vadodara,flight,3829,1.3,858.0
Kanpur,Ghaziabad,train,255,6.95,376.0
Kanpur,Ludhiana,train,417,7.4,659.8
Kanpur,Agra,train,179,3.77,244.4
Kanpur,Nashik,train,555,20.94,980.2
Kanpur,Nashik,flight,3447,1.4,980.2
Kanpur,Faridabad,train,217,6.04,368.7
Kanpur,Meerut,train,247,4.69,382.4
Kanpur,Rajkot,flight,4546,2.25,1069.2
Kanpur,Kalyan,flight,4363,1.81,1089.2
Kanpur,Vasai-Virar,train,583,24.22,1097.1
Kanpur,Varanasi,train,201,4.85,292.8
Kanpur,Srinagar,train,574,12.24,1001.1
Kanpur,Dhanbad,train,379,8.74,681.1
Kanpur,Jodhpur,train,408,13.37,728.5
Kanpur,Jodhpur,flight,3339,0.96,728.5
Kanpur,Amritsar,train,426,9.48,783.3
Kanpur,Amritsar,flight,3443,1.5,783.3
Kanpur,Nanded,train,461,11.4,867.9
Kanpur,Nanded,flight,3115,1.69,867.9
Kanpur,Gwalior,train,164,2.45,215.7
Kanpur,Kolhapur,flight,4882,1.7,1252.6
Kanpur,Bhubaneswar,train,464,10.19,884.3
Kanpur,Bhubaneswar,flight,3701,1.27,884.3
Kanpur,Solapur,flight,4401,1.67,1078.3
Kanpur,Mangalore,flight,5197,2.51,1609.9
Kanpur,Tiruchirappalli,flight,6025,3.43,1749.6
Kanpur,BiharSharif,train,348,8.28,537.4
Kanpur,Aligarh,train,192,3.27,274.2
Kanpur,Tirunelveli,train,995,22.38,1990.8
Kanpur,Tirunelveli,flight,6879,3.47,1990.8
Kanpur,Bhiwandi,flight,4033,1.88,1090.4
Kanpur,Saharanpur,train,273,8.22,476.6
Kanpur,Saharanpur,flight,2261,1.02,476.6
Kanpur,Gorakhpur,train,194,3.64,304.3
Kanpur,Jalandhar,train,416,8.45,712.8
Kanpur,Jalandhar,flight,2658,1.21,712.8
Kanpur,Jamshedpur,train,439,12.2,718.5
Kanpur,Salem,flight,6644,2.31,1659.9
Kanpur,Warangal,flight,3563,1.73,946.1
Kanpur,Mira-Bhayandar,train,558,13.2,1105.2
Kanpur,Mira-Bhayandar,flight,4501,1.59,1105.2
Kanpur,Thiruvananthapuram,flight,7527,3.75,2025.2
Kanpur,Bhilai,train,315,7.06,595.3
Kanpur,Ujjain,flight,2372,0.74,585.5
Kanpur,Durgapur,train,417,9.15,775.1
Kanpur,Asansol,train,452,11.48,734.5
Kanpur,Asansol,flight,3451,1.03,734.5
Kanpur,Rourkela,train,348,10.44,653.2
Kanpur,Nellore,flight,5220,1.96,1335.6
Kanpur,Dehradun,train,270,9.94,485.2
Kanpur,Dehradun,flight,2397,0.61,485.2
Kanpur,Davanagere,flight,5769,1.87,1409.3
Kanpur,Kozhikode,flight,6076,2.71,1755.2
Kanpur,Akola,train,425,13.53,723.4
Kanpur,Akola,flight,3207,1.24,723.4
Kanpur,Kurnool,flight,4710,1.87,1204.7
Kanpur,Nizamabad,flight,3779,1.28,894.8
Kanpur,Guntur,flight,3928,1.7,1127.9
Kanpur,Amravati,train,379,14.3,666.5
Kanpur,Amravati,flight,2629,0.84,666.5
Kanpur,Kakinada,flight,3738,1.39,1070.4
Kanpur,Tirupati,flight,5537,3.17,1428.8
Kanpur,Puri,train,564,14.08,927.5
Kanpur,Puri,flight,4024,1.54,927.5
Kanpur,Shimoga,flight,5344,2.57,1477.8
Kanpur,Ongole,flight,4031,2.26,1217.3
Kanpur,Bathinda,train,394,13.74,672.8
Kanpur,Darbhanga,train,323,11.92,555.2
Kanpur,Satara,train,679,13.09,1173.2
Kanpur,Proddatur,flight,5039,2.63,1314.1
Kanpur,Kollam,flight,7676,2.87,1991.2
Kanpur,Ambala,train,309,6.24,558.2
Kanpur,Siliguri,flight,3067,1.32,805.5
Kanpur,Rohtak,train,281,5.54,456.6
Kanpur,Rohtak,flight,2332,0.85,456.6
Kanpur,Etawah,train,108,2.31,136.1
Kanpur,Orai,train,108,1.23,100.9
Kanpur,Haldwani,train,220,6.07,318.2
Kanpur,Muzaffarpur,train,304,8.51,505.6
Kanpur,Ramagundam,train,440,10.23,857.1
Kanpur,Ramagundam,flight,3474,1.52,857.1
Kanpur,Baripada,train,459,10.83,822.7
Kanpur,Tezpur,flight,4947,2.08,1239.2
Kanpur,Korba,train,285,6.51,516.8
Kanpur,Korba,flight,2254,0.83,516.8
Kanpur,Nagapattinam,flight,5525,2.37,1744.1
Kanpur,Mahbubnagar,train,580,15.56,1106.3
Kanpur,Buxar,train,249,8.25,396.1
Kanpur,Sagar,train,210,5.95,331.7
Kanpur,Sagar,flight,1889,0.42,331.7
Kanpur,Chittoor,flight,5809,1.91,1477.0
Kanpur,Arrah,train,291,7.76,444.4
Kanpur,Bharuch,flight,3896,1.23,910.7
Kanpur,Balasore,flight,3807,1.13,867.9
Kanpur,Jalgaon,train,421,10.28,775.6
Kanpur,Jalgaon,flight,3568,1.07,775.6
Kanpur,Palakkad,flight,6058,2.6,1783.9
Kanpur,Unnao,train,54,0.24,18.0
Kanpur,Bilaspur,train,327,8.38,519.3
Kanpur,Bilaspur,flight,2366,0.98,519.3
Nagpur,Mumbai,train,407,14.18,688.0
Nagpur,Delhi,flight,3342,1.3,863.9
Nagpur,Bengaluru,flight,3212,1.6,922.7
Nagpur,Kolkata,train,495,18.83,970.1
Nagpur,Kolkata,flight,4219,1.69,970.1
Nagpur,Chennai,train,476,13.82,905.3
Nagpur,Hyderabad,flight,2168,0.81,422.9
Nagpur,Pune,train,351,11.53,620.1
Nagpur,Pune,flight,2879,1.0,620.1
Nagpur,Ahmedabad,train,396,9.54,703.1
Nagpur,Jaipur,train,451,9.17,723.5
Nagpur,Surat,flight,2534,1.43,648.8
Nagpur,Lucknow,train,390,10.21,661.4
Nagpur,Kanpur,train,346,8.01,603.2
Nagpur,Indore,train,245,6.2,376.4
Nagpur,Thane,train,369,12.52,672.7
Nagpur,Thane,flight,2611,1.05,672.7
Nagpur,Bhopal,train,215,3.47,291.6
Nagpur,Visakhapatnam,flight,2858,1.13,579.2
Nagpur,Pimpri-Chinchwad,train,324,10.36,619.6
Nagpur,Patna,flight,3434,1.32,790.9
Nagpur,Vadodara,train,372,8.7,623.6
Nagpur,Ghaziabad,train,509,10.75,852.6
Nagpur,Ghaziabad,flight,3370,1.78,852.6
Nagpur,Ludhiana,flight,4690,1.5,1131.6
Nagpur,Agra,train,400,14.37,679.5
Nagpur,Nashik,train,307,7.29,566.1
Nagpur,Faridabad,train,442,13.04,827.1
Nagpur,Faridabad,flight,3388,1.21,827.1
Nagpur,Meerut,flight,3741,1.79,882.6
Nagpur,Rajkot,flight,3325,1.48,865.4
Nagpur,Kalyan,train,396,10.29,656.9
Nagpur,Vasai-Virar,train,427,9.92,680.3
Nagpur,Varanasi,train,356,7.87,610.5
Nagpur,Srinagar,flight,5568,2.14,1499.0
Nagpur,Dhanbad,flight,3603,1.15,809.8
Nagpur,Jodhpur,train,446,13.47,837.6
Nagpur,Jodhpur,flight,3370,1.21,837.6
Nagpur,Amritsar,flight,4723,2.32,1239.2
Nagpur,Nanded,train,191,3.91,288.3
Nagpur,Nanded,flight,1819,0.56,288.3
Nagpur,Gwalior,train,330,9.66,571.5
Nagpur,Kolhapur,train,437,10.25,709.4
Nagpur,Bhubaneswar,train,375,9.74,706.9
Nagpur,Bhubaneswar,flight,2629,1.43,706.9
Nagpur,Solapur,train,323,6.66,511.4
Nagpur,Mangalore,train,510,15.1,1019.7
Nagpur,Mangalore,flight,4131,1.67,1019.7
Nagpur,Tiruchirappalli,flight,4430,2.18,1152.2
Nagpur,BiharSharif,train,443,16.66,796.9
Nagpur,Aligarh,train,441,11.64,757.5
Nagpur,Aligarh,flight,2787,1.19,757.5
Nagpur,Tirunelveli,flight,5549,3.05,1389.7
Nagpur,Bhiwandi,train,396,11.0,662.2
Nagpur,Saharanpur,flight,4094,1.42,992.6
Nagpur,Gorakhpur,train,451,10.31,761.0
Nagpur,Jalandhar,train,618,18.72,1184.7
Nagpur,Jamshedpur,train,463,8.9,756.4
Nagpur,Jamshedpur,flight,3492,1.23,756.4
Nagpur,Salem,train,584,16.41,1059.1
Nagpur,Warangal,train,232,5.5,357.2
Nagpur,Warangal,flight,2072,0.55,357.2
Nagpur,Mira-Bhayandar,train,388,10.36,682.7
Nagpur,Thiruvananthapuram,flight,4723,2.73,1422.3
Nagpur,Bhilai,train,161,5.09,242.8
Nagpur,Ujjain,train,277,5.96,408.4
Nagpur,Durgapur,flight,3572,1.88,885.9
Nagpur,Asansol,train,446,10.64,856.4
Nagpur,Asansol,flight,3732,1.5,856.4
Nagpur,Rourkela,train,361,9.7,608.3
Nagpur,Nellore,train,450,14.06,751.4
Nagpur,Nellore,flight,2900,1.02,751.4
Nagpur,Dehradun,flight,4042,1.29,1025.2
Nagpur,Davanagere,flight,3474,1.48,815.0
Nagpur,Kozhikode,train,658,16.64,1154.6
Nagpur,Akola,train,161,3.69,221.8
Nagpur,Kurnool,train,362,7.19,601.6
Nagpur,Kurnool,flight,2903,1.03,601.6
Nagpur,Nizamabad,train,200,4.24,294.0
Nagpur,Guntur,train,358,6.35,556.5
Nagpur,Amravati,train,114,1.73,139.0
Nagpur,Kakinada,train,362,7.14,569.0
Nagpur,Tirupati,flight,3669,1.12,836.6
Nagpur,Puri,train,417,12.46,717.8
Nagpur,Shimoga,train,487,11.92,884.8
Nagpur,Ongole,flight,3049,1.34,635.3
Nagpur,Bathinda,train,613,16.86,1089.9
Nagpur,Darbhanga,train,519,14.85,888.7
Nagpur,Darbhanga,flight,3941,1.9,888.7
Nagpur,Satara,train,392,9.41,658.7
Nagpur,Satara,flight,3171,1.18,658.7
Nagpur,Proddatur,flight,3267,1.03,713.5
Nagpur,Kollam,flight,5127,2.41,1388.0
Nagpur,Ambala,flight,4171,2.24,1052.3
Nagpur,Siliguri,train,647,19.9,1132.4
Nagpur,Siliguri,flight,4501,1.48,1132.4
Nagpur,Rohtak,train,495,17.05,897.2
Nagpur,Rohtak,flight,3987,1.71,897.2
Nagpur,Etawah,train,372,9.5,627.2
Nagpur,Etawah,flight,3006,1.03,627.2
Nagpur,Orai,train,328,7.53,540.1
Nagpur,Haldwani,train,543,12.91,898.7
Nagpur,Haldwani,flight,3801,1.99,898.7
Nagpur,Muzaffarpur,train,465,17.03,847.2
Nagpur,Ramagundam,train,173,3.01,268.1
Nagpur,Baripada,flight,3060,1.26,796.8
Nagpur,Tezpur,flight,6000,2.78,1520.5
Nagpur,Korba,train,271,6.46,401.5
Nagpur,Nagapattinam,flight,3885,2.21,1156.3
Nagpur,Mahbubnagar,train,281,9.71,503.2
Nagpur,Buxar,train,393,14.55,714.5
Nagpur,Sagar,train,209,3.69,301.6
Nagpur,Chittoor,train,491,14.55,881.6
Nagpur,Arrah,train,454,12.99,751.8
Nagpur,Bharuch,train,364,9.46,631.6
Nagpur,Balasore,flight,3389,1.55,813.3
Nagpur,Jalgaon,train,237,5.28,366.1
Nagpur,Jalgaon,flight,2123,0.47,366.1
Nagpur,Palakkad,flight,4585,1.95,1180.8
Nagpur,Unnao,train,368,7.48,616.1
Nagpur,Bilaspur,train,235,3.84,332.0
Indore,Mumbai,train,329,5.97,509.8
Indore,Delhi,train,365,11.7,677.0
Indore,Delhi,flight,3115,1.07,677.0
Indore,Bengaluru,flight,4158,1.8,1099.4
Indore,Kolkata,flight,5052,2.16,1283.1
Indore,Chennai,flight,4250,2.5,1168.6
Indore,Hyderabad,train,356,12.6,653.6
Indore,Pune,train,295,11.09,511.2
Indore,Pune,flight,2384,1.07,511.2
Indore,Ahmedabad,train,200,6.0,338.4
Indore,Ahmedabad,flight,1867,0.56,338.4
Indore,Jaipur,train,306,5.29,466.3
Indore,Surat,train,224,4.21,356.5
Indore,Surat,flight,1995,0.5,356.5
Indore,Lucknow,train,419,7.81,688.7
Indore,Lucknow,flight,3278,0.9,688.7
Indore,Kanpur,train,373,8.68,613.7
Indore,Nagpur,train,219,5.46,376.4
Indore,Thane,train,306,6.85,490.8
Indore,Bhopal,train,130,2.13,170.1
Indore,Visakhapatnam,flight,3848,1.71,950.0
Indore,Pimpri-Chinchwad,flight,2616,1.08,502.6
Indore,Patna,flight,3825,2.14,994.0
Indore,Vadodara,train,186,3.31,278.7
Indore,Ghaziabad,train,409,7.65,680.6
Indore,Ludhiana,train,481,17.03,909.7
Indore,Agra,train,298,9.73,540.9
Indore,Agra,flight,2733,1.12,540.9
Indore,Nashik,train,226,5.52,370.8
Indore,Nashik,flight,2099,0.47,370.8
Indore,Faridabad,train,345,7.66,649.3
Indore,Meerut,train,404,14.32,720.7
Indore,Rajkot,train,327,6.03,521.3
Indore,Kalyan,train,297,5.84,479.6
Indore,Vasai-Virar,train,271,10.38,484.8
Indore,Vasai-Virar,flight,2102,0.68,484.8
Indore,Varanasi,train,442,12.39,778.2
Indore,Srinagar,flight,5262,2.3,1267.9
Indore,Dhanbad,train,543,12.3,1086.4
Indore,Jodhpur,train,281,5.64,485.1
Indore,Amritsar,flight,3575,1.38,996.0
Indore,Nanded,train,257,9.03,424.6
Indore,Gwalior,train,270,8.18,454.6
Indore,Kolhapur,train,419,8.45,689.8
Indore,Bhubaneswar,train,627,14.1,1065.4
Indore,Bhubaneswar,flight,3603,2.0,1065.4
Indore,Solapur,train,355,7.27,562.6
Indore,Mangalore,train,581,18.4,1095.4
Indore,Mangalore,flight,3842,2.38,1095.4
Indore,Tiruchirappalli,flight,5195,1.88,1360.5
Indore,BiharSharif,train,534,12.85,1019.4
Indore,Aligarh,train,392,8.09,617.8
Indore,Aligarh,flight,2742,1.04,617.8
Indore,Tirunelveli,flight,5102,2.36,1570.5
Indore,Bhiwandi,train,266,9.08,479.9
Indore,Saharanpur,train,439,10.51,822.9
Indore,Saharanpur,flight,3643,1.31,822.9
Indore,Gorakhpur,flight,3833,1.58,881.7
Indore,Jalandhar,train,545,12.29,957.4
Indore,Jamshedpur,flight,4000,1.43,1060.6
Indore,Salem,flight,4186,2.5,1253.0
Indore,Warangal,train,397,12.16,656.3
Indore,Mira-Bhayandar,train,273,5.86,493.5
Indore,Thiruvananthapuram,flight,6351,3.07,1582.7
Indore,Bhilai,train,333,8.95,599.2
Indore,Bhilai,flight,2526,0.94,599.2
Indore,Ujjain,train,75,0.92,51.7
Indore,Durgapur,train,664,16.6,1174.4
Indore,Asansol,flight,4246,1.52,1139.1
Indore,Rourkela,train,532,12.03,925.5
Indore,Rourkela,flight,3748,1.75,925.5
Indore,Nellore,train,559,11.46,1017.8
Indore,Nellore,flight,3810,2.17,1017.8
Indore,Dehradun,flight,3917,1.77,871.9
Indore,Davanagere,flight,3544,1.34,917.9
Indore,Kozhikode,flight,5183,1.68,1274.4
Indore,Akola,train,166,3.09,253.9
Indore,Akola,flight,1406,0.38,253.9
Indore,Kurnool,train,488,12.17,799.7
Indore,Nizamabad,flight,2424,0.67,506.6
Indore,Guntur,flight,3449,1.77,859.3
Indore,Amravati,train,177,6.05,279.8
Indore,Kakinada,flight,3519,1.89,923.1
Indore,Tirupati,train,573,12.58,1078.4
Indore,Puri,flight,4581,2.19,1082.5
Indore,Shimoga,flight,4235,1.61,977.8
Indore,Ongole,train,507,11.68,914.9
Indore,Bathinda,train,455,12.7,837.9
Indore,Bathinda,flight,3761,1.47,837.9
Indore,Darbhanga,flight,4417,1.72,1084.8
Indore,Satara,train,341,12.8,593.2
Indore,Proddatur,train,525,11.39,930.3
Indore,Kollam,flight,5448,3.27,1539.5
Indore,Ambala,train,484,10.44,856.5
Indore,Siliguri,flight,5039,2.71,1344.2
Indore,Rohtak,train,422,11.33,690.8
Indore,Etawah,train,344,7.76,553.2
Indore,Orai,train,302,9.96,515.2
Indore,Orai,flight,2395,0.7,515.2
Indore,Haldwani,flight,3649,1.12,809.6
Indore,Muzaffarpur,train,528,20.28,1036.2
Indore,Ramagundam,train,350,6.76,583.3
Indore,Baripada,flight,4417,1.52,1123.4
Indore,Tezpur,flight,6420,2.34,1764.4
Indore,Korba,train,444,10.12,709.0
Indore,Nagapattinam,flight,5351,2.86,1394.3
Indore,Mahbubnagar,train,372,9.9,700.9
Indore,Buxar,train,483,10.5,900.7
Indore,Buxar,flight,3881,1.49,900.7
Indore,Sagar,train,194,4.12,319.4
Indore,Chittoor,train,637,13.56,1110.7
Indore,Arrah,train,545,14.35,947.9
Indore,Bharuch,train,201,5.81,313.5
Indore,Bharuch,flight,1776,0.53,313.5
Indore,Balasore,flight,4624,1.83,1148.8
Indore,Jalgaon,train,160,3.47,192.8
Indore,Palakkad,flight,5212,1.99,1329.6
Indore,Unnao,train,377,11.4,631.5
Indore,Unnao,flight,2982,0.81,631.5
Indore,Bilaspur,train,391,10.65,649.6
Indore,Bilaspur,flight,2808,1.24,649.6
Thane,Mumbai,train,54,0.25,19.0
Thane,Delhi,flight,4028,1.96,1134.7
Thane,Bengaluru,train,517,16.77,851.7
Thane,Bengaluru,flight,3041,1.08,851.7
Thane,Kolkata,flight,5484,2.49,1640.3
Thane,Chennai,train,532,11.75,1035.1
Thane,Chennai,flight,4308,2.18,1035.1
Thane,Hyderabad,train,359,9.64,616.2
Thane,Pune,train,115,2.0,120.7
Thane,Ahmedabad,train,273,8.93,425.1
Thane,Jaipur,train,543,15.74,902.4
Thane,Surat,train,160,4.26,217.6
Thane,Lucknow,flight,4016,2.26,1175.9
Thane,Kanpur,train,657,12.97,1101.5
Thane,Nagpur,train,384,11.76,672.7
Thane,Indore,train,268,6.97,490.8
Thane,Bhopal,train,384,8.8,642.7
Thane,Bhopal,flight,2700,1.32,642.7
Thane,Visakhapatnam,train,583,14.19,1093.3
Thane,Pimpri-Chinchwad,train,103,1.92,108.4
Thane,Patna,flight,5608,2.74,1435.9
Thane,Vadodara,train,234,4.27,344.1
Thane,Vadodara,flight,1706,0.71,344.1
Thane,Ghaziabad,flight,4673,1.97,1144.8
Thane,Ludhiana,flight,5022,2.16,1330.9
Thane,Agra,train,575,18.46,1023.1
Thane,Nashik,train,101,1.9,121.4
Thane,Faridabad,flight,4361,2.44,1112.9
Thane,Meerut,flight,4224,1.61,1186.9
Thane,Rajkot,train,281,5.48,411.0
Thane,Kalyan,train,53,0.2,16.1
Thane,Vasai-Virar,train,57,0.35,24.1
Thane,Varanasi,flight,5017,1.68,1231.3
Thane,Srinagar,flight,6525,2.38,1662.7
Thane,Dhanbad,flight,5991,2.05,1480.9
Thane,Jodhpur,train,484,12.97,780.7
Thane,Amritsar,flight,5004,2.43,1393.5
Thane,Nanded,train,289,6.05,456.1
Thane,Gwalior,train,570,15.35,943.5
Thane,Kolhapur,train,216,4.83,310.0
Thane,Bhubaneswar,flight,4460,2.52,1349.3
Thane,Solapur,train,238,6.66,354.2
Thane,Solapur,flight,2124,0.78,354.2
Thane,Mangalore,train,390,8.32,729.1
Thane,Tiruchirappalli,flight,4783,1.93,1120.6
Thane,BiharSharif,flight,4992,1.85,1451.2
Thane,Aligarh,flight,3703,1.6,1096.3
Thane,Tirunelveli,flight,4850,1.74,1276.4
Thane,Bhiwandi,train,58,0.25,11.2
Thane,Saharanpur,flight,5137,2.6,1280.6
Thane,Gorakhpur,flight,4414,1.96,1353.7
Thane,Jalandhar,flight,5211,1.99,1371.3
Thane,Jamshedpur,flight,5681,2.17,1428.8
Thane,Salem,train,517,13.89,1005.9
Thane,Salem,flight,3915,1.43,1005.9
Thane,Warangal,train,426,12.53,710.9
Thane,Mira-Bhayandar,train,61,0.26,14.7
Thane,Thiruvananthapuram,flight,4465,1.63,1263.3
Thane,Bhilai,train,540,11.07,908.7
Thane,Bhilai,flight,3482,2.01,908.7
Thane,Ujjain,train,328,7.82,527.8
Thane,Durgapur,flight,6217,2.92,1558.5
Thane,Asansol,flight,5471,3.15,1528.5
Thane,Rourkela,flight,5008,2.2,1280.0
Thane,Nellore,flight,3757,1.87,915.4
Thane,Dehradun,flight,4593,2.85,1334.9
Thane,Davanagere,train,373,11.6,614.4
Thane,Kozhikode,flight,3290,1.23,934.6
Thane,Akola,train,256,7.54,452.1
Thane,Kurnool,train,411,12.32,655.6
Thane,Nizamabad,train,328,7.62,541.4
Thane,Guntur,train,499,10.0,853.4
Thane,Amravati,flight,2218,0.69,535.4
Thane,Kakinada,flight,3572,2.1,1010.4
Thane,Tirupati,flight,3658,1.55,926.1
Thane,Puri,flight,5326,2.18,1348.4
Thane,Shimoga,train,348,7.44,649.6
Thane,Shimoga,flight,3029,0.96,649.6
Thane,Ongole,flight,3316,1.37,856.4
Thane,Bathinda,flight,4724,1.66,1238.3
Thane,Darbhanga,flight,6075,2.12,1531.6
Thane,Satara,train,144,2.59,201.8
Thane,Proddatur,train,453,9.04,773.1
Thane,Kollam,flight,4472,2.08,1213.0
Thane,Ambala,flight,4911,1.97,1298.5
Thane,Siliguri,flight,6252,3.1,1785.5
Thane,Rohtak,flight,4149,1.68,1137.1
Thane,Etawah,train,614,18.41,1043.5
Thane,Etawah,flight,3753,2.09,1043.5
Thane,Orai,flight,3547,1.6,1004.5
Thane,Haldwani,flight,4367,2.27,1293.8
Thane,Muzaffarpur,flight,6019,2.04,1485.6
Thane,Ramagundam,flight,3117,1.01,693.5
Thane,Baripada,train,735,23.5,1464.0
Thane,Baripada,flight,5856,2.09,1464.0
Thane,Tezpur,flight,7181,3.26,2187.5
Thane,Korba,flight,4153,1.64,1073.9
Thane,Nagapattinam,flight,4566,1.63,1193.5
Thane,Mahbubnagar,train,321,6.74,596.8
Thane,Buxar,flight,4370,2.13,1349.0
Thane,Sagar,train,424,10.46,786.5
Thane,Chittoor,flight,4135,1.96,933.8
Thane,Arrah,flight,4742,2.97,1392.4
Thane,Bharuch,train,172,3.56,276.5
Thane,Bharuch,flight,1815,0.42,276.5
Thane,Balasore,train,780,23.12,1475.9
Thane,Balasore,flight,5441,2.29,1475.9
Thane,Jalgaon,train,220,4.69,335.3
Thane,Palakkad,flight,4113,1.37,1017.2
Thane,Unnao,flight,4204,2.18,1119.1
Thane,Bilaspur,train,517,11.68,1004.7
Bhopal,Mumbai,train,375,12.33,661.4
Bhopal,Delhi,train,338,8.64,606.2
Bhopal,Bengaluru,flight,4405,2.05,1144.2
Bhopal,Kolkata,train,586,21.95,1124.0
Bhopal,Chennai,train,625,24.61,1171.1
Bhopal,Chennai,flight,4575,2.04,1171.1
Bhopal,Hyderabad,train,387,7.75,662.8
Bhopal,Hyderabad,flight,2562,1.42,662.8
Bhopal,Pune,train,343,8.01,643.5
Bhopal,Ahmedabad,train,325,7.23,495.7
Bhopal,Ahmedabad,flight,2606,0.63,495.7
Bhopal,Jaipur,train,274,5.09,437.9
Bhopal,Surat,train,342,6.29,525.7
Bhopal,Lucknow,flight,2392,1.15,534.5
Bhopal,Kanpur,train,264,7.39,461.0
Bhopal,Nagpur,train,198,4.86,291.6
Bhopal,Nagpur,flight,1738,0.37,291.6
Bhopal,Indore,train,126,2.76,170.1
Bhopal,Indore,flight,1265,0.27,170.1
Bhopal,Thane,train,390,9.9,642.7
Bhopal,Visakhapatnam,flight,3689,1.57,865.7
Bhopal,Pimpri-Chinchwad,flight,2920,1.01,637.0
Bhopal,Patna,flight,3173,1.78,823.9
Bhopal,Vadodara,train,296,4.97,446.5
Bhopal,Ghaziabad,train,327,7.87,601.5
Bhopal,Ludhiana,flight,3880,1.3,863.5
Bhopal,Agra,train,266,8.55,439.6
Bhopal,Nashik,train,299,11.05,521.3
Bhopal,Nashik,flight,2385,0.76,521.3
Bhopal,Faridabad,train,326,9.04,572.6
Bhopal,Meerut,flight,2984,0.96,637.2
Bhopal,Rajkot,train,414,10.81,685.9
Bhopal,Rajkot,flight,2689,1.28,685.9
Bhopal,Kalyan,train,379,8.38,629.9
Bhopal,Vasai-Virar,train,396,9.01,639.8
Bhopal,Vasai-Virar,flight,2857,0.8,639.8
Bhopal,Varanasi,train,327,7.93,608.2
Bhopal,Srinagar,flight,5120,2.64,1230.1
Bhopal,Dhanbad,train,526,12.53,921.1
Bhopal,Jodhpur,train,311,7.47,553.2
Bhopal,Amritsar,flight,3815,1.86,964.2
Bhopal,Nanded,flight,2285,0.71,456.7
Bhopal,Gwalior,train,230,4.88,338.0
Bhopal,Kolhapur,flight,2906,1.57,800.5
Bhopal,Bhubaneswar,flight,3470,1.66,928.8
Bhopal,Solapur,train,336,10.55,642.1
Bhopal,Mangalore,train,598,19.0,1181.6
Bhopal,Tiruchirappalli,flight,5563,1.78,1393.3
Bhopal,BiharSharif,flight,3182,1.28,849.6
Bhopal,Aligarh,train,315,7.35,520.1
Bhopal,Tirunelveli,flight,5911,2.14,1617.9
Bhopal,Bhiwandi,train,359,11.89,631.5
Bhopal,Saharanpur,train,441,12.18,745.6
Bhopal,Gorakhpur,train,375,10.98,715.6
Bhopal,Gorakhpur,flight,2735,0.9,715.6
Bhopal,Jalandhar,flight,3734,1.31,915.0
Bhopal,Jamshedpur,flight,3772,1.41,900.8
Bhopal,Salem,flight,4651,1.9,1291.7
Bhopal,Warangal,train,389,10.12,630.6
Bhopal,Warangal,flight,2763,0.97,630.6
Bhopal,Mira-Bhayandar,train,379,9.2,647.2
Bhopal,Thiruvananthapuram,flight,5599,2.13,1639.3
Bhopal,Bhilai,train,259,8.28,473.1
Bhopal,Ujjain,train,126,3.2,166.6
Bhopal,Durgapur,flight,4210,1.84,1010.5
Bhopal,Asansol,flight,3490,1.67,974.4
Bhopal,Rourkela,train,395,12.06,770.9
Bhopal,Nellore,flight,3922,1.5,1017.1
Bhopal,Dehradun,train,482,16.25,787.1
Bhopal,Dehradun,flight,3138,1.35,787.1
Bhopal,Davanagere,train,511,12.25,990.5
Bhopal,Davanagere,flight,4075,1.31,990.5
Bhopal,Kozhikode,flight,4916,1.82,1345.6
Bhopal,Akola,train,194,4.52,287.6
Bhopal,Akola,flight,1591,0.44,287.6
Bhopal,Kurnool,flight,3739,1.32,829.0
Bhopal,Nizamabad,train,290,5.94,515.0
Bhopal,Nizamabad,flight,2185,0.85,515.0
Bhopal,Guntur,train,500,15.95,835.3
Bhopal,Guntur,flight,3710,1.66,835.3
Bhopal,Amravati,train,194,4.85,261.2
Bhopal,Amravati,flight,1732,0.38,261.2
Bhopal,Kakinada,train,528,16.24,860.6
Bhopal,Kakinada,flight,3097,1.76,860.6
Bhopal,Tirupati,train,559,18.37,1091.6
Bhopal,Puri,train,516,10.67,951.1
Bhopal,Shimoga,train,608,18.12,1055.5
Bhopal,Ongole,train,453,15.16,905.4
Bhopal,Ongole,flight,3609,1.13,905.4
Bhopal,Bathinda,flight,3485,1.35,810.7
Bhopal,Darbhanga,train,538,17.31,914.7
Bhopal,Satara,train,435,10.75,715.3
Bhopal,Proddatur,flight,3338,1.45,953.8
Bhopal,Kollam,flight,5408,2.56,1599.8
Bhopal,Ambala,train,466,8.89,794.0
Bhopal,Siliguri,train,659,15.61,1174.0
Bhopal,Rohtak,train,334,9.43,631.8
Bhopal,Etawah,train,282,5.99,424.0
Bhopal,Etawah,flight,1961,0.8,424.0
Bhopal,Orai,train,215,7.45,367.5
Bhopal,Orai,flight,1848,0.72,367.5
Bhopal,Haldwani,train,420,10.94,694.9
Bhopal,Muzaffarpur,flight,3365,1.27,866.2
Bhopal,Ramagundam,train,317,8.93,546.1
Bhopal,Ramagundam,flight,2522,1.02,546.1
Bhopal,Baripada,flight,4132,2.13,969.7
Bhopal,Tezpur,flight,5742,3.03,1594.6
Bhopal,Korba,train,334,9.77,556.2
Bhopal,Nagapattinam,flight,5681,2.19,1412.3
Bhopal,Mahbubnagar,train,397,10.58,727.2
Bhopal,Mahbubnagar,flight,3354,1.17,727.2
Bhopal,Buxar,train,384,12.45,730.6
Bhopal,Sagar,train,118,3.02,149.6
Bhopal,Chittoor,flight,4157,1.55,1130.8
Bhopal,Arrah,train,450,10.05,777.8
Bhopal,Bharuch,train,296,5.9,483.7
Bhopal,Balasore,flight,3504,1.69,998.2
Bhopal,Jalgaon,train,224,5.31,314.7
Bhopal,Jalgaon,flight,1830,0.49,314.7
Bhopal,Palakkad,flight,5245,2.21,1389.3
Bhopal,Unnao,train,301,5.47,478.3
Bhopal,Bilaspur,flight,2619,0.99,502.4
Visakhapatnam,Mumbai,flight,3770,1.71,1101.9
Visakhapatnam,Delhi,flight,5383,2.22,1374.6
Visakhapatnam,Bengaluru,train,493,16.23,799.0
Visakhapatnam,Kolkata,train,395,8.87,763.8
Visakhapatnam,Kolkata,flight,3526,1.22,763.8
Visakhapatnam,Chennai,train,330,6.96,601.6
Visakhapatnam,Hyderabad,train,289,7.18,502.8
Visakhapatnam,Pune,train,547,14.72,993.7
Visakhapatnam,Ahmedabad,flight,4246,2.68,1257.9
Visakhapatnam,Jaipur,flight,4588,1.62,1278.6
Visakhapatnam,Surat,flight,4726,1.6,1155.7
Visakhapatnam,Lucknow,train,584,11.92,1044.9
Visakhapatnam,Kanpur,flight,3851,2.02,1018.7
Visakhapatnam,Nagpur,train,347,9.03,579.2
Visakhapatnam,Indore,train,486,11.91,950.0
Visakhapatnam,Indore,flight,3680,1.19,950.0
Visakhapatnam,Thane,flight,3894,1.59,1093.3
Visakhapatnam,Bhopal,flight,3212,1.15,865.7
Visakhapatnam,Pimpri-Chinchwad,train,508,21.31,1000.6
Visakhapatnam,Patna,train,477,12.13,901.3
Visakhapatnam,Patna,flight,3760,1.29,901.3
Visakhapatnam,Vadodara,train,647,21.84,1167.4
Visakhapatnam,Ghaziabad,flight,4838,1.71,1355.3
Visakhapatnam,Ludhiana,flight,5540,2.16,1646.7
Visakhapatnam,Agra,train,657,16.74,1182.9
Visakhapatnam,Agra,flight,4186,1.99,1182.9
Visakhapatnam,Nashik,train,572,22.31,1024.8
Visakhapatnam,Faridabad,train,734,23.32,1335.8
Visakhapatnam,Meerut,flight,5470,1.72,1375.9
Visakhapatnam,Rajkot,flight,5120,1.88,1394.6
Visakhapatnam,Kalyan,flight,3920,2.03,1077.8
Visakhapatnam,Vasai-Virar,flight,4628,1.99,1110.3
Visakhapatnam,Varanasi,flight,3483,1.53,848.9
Visakhapatnam,Srinagar,flight,6892,3.46,2006.3
Visakhapatnam,Dhanbad,train,446,9.16,756.8
Visakhapatnam,Jodhpur,flight,5274,2.28,1416.3
Visakhapatnam,Amritsar,flight,6103,3.02,1763.7
Visakhapatnam,Nanded,train,396,12.93,643.1
Visakhapatnam,Nanded,flight,3120,1.07,643.1
Visakhapatnam,Gwalior,flight,4630,1.93,1081.2
Visakhapatnam,Kolhapur,flight,3361,1.9,959.4
Visakhapatnam,Bhubaneswar,train,235,6.05,399.0
Visakhapatnam,Bhubaneswar,flight,2036,0.66,399.0
Visakhapatnam,Solapur,train,459,14.88,774.7
Visakhapatnam,Mangalore,train,547,20.86,1041.8
Visakhapatnam,Mangalore,flight,3631,1.89,1041.8
Visakhapatnam,Tiruchirappalli,flight,3386,1.23,907.9
Visakhapatnam,BiharSharif,train,436,11.36,868.6
Visakhapatnam,BiharSharif,flight,3076,1.22,868.6
Visakhapatnam,Aligarh,flight,5010,2.56,1250.8
Visakhapatnam,Tirunelveli,train,619,22.46,1159.5
Visakhapatnam,Tirunelveli,flight,4329,1.61,1159.5
Visakhapatnam,Bhiwandi,train,615,20.52,1085.7
Visakhapatnam,Bhiwandi,flight,4555,2.38,1085.7
Visakhapatnam,Saharanpur,flight,5498,1.98,1481.4
Visakhapatnam,Gorakhpur,train,555,12.47,1009.1
Visakhapatnam,Jalandhar,flight,5971,2.13,1701.0
Visakhapatnam,Jamshedpur,train,356,11.18,648.6
Visakhapatnam,Salem,flight,3254,1.67,863.6
Visakhapatnam,Warangal,train,237,4.31,384.9
Visakhapatnam,Warangal,flight,2169,0.57,384.9
Visakhapatnam,Mira-Bhayandar,flight,4648,1.84,1107.1
Visakhapatnam,Thiruvananthapuram,flight,5055,1.61,1224.6
Visakhapatnam,Bhilai,train,242,8.42,432.5
Visakhapatnam,Ujjain,flight,3776,1.92,986.0
Visakhapatnam,Durgapur,train,440,12.79,775.9
Visakhapatnam,Asansol,train,458,13.7,771.8
Visakhapatnam,Rourkela,train,332,8.06,536.5
Visakhapatnam,Rourkela,flight,2405,0.71,536.5
Visakhapatnam,Nellore,train,317,6.84,499.4
Visakhapatnam,Dehradun,flight,5491,2.38,1499.3
Visakhapatnam,Davanagere,flight,3607,1.85,857.9
Visakhapatnam,Kozhikode,flight,4135,1.78,1073.0
Visakhapatnam,Akola,train,412,13.62,733.3
Visakhapatnam,Kurnool,train,378,6.95,589.1
Visakhapatnam,Nizamabad,train,303,6.2,552.3
Visakhapatnam,Guntur,train,220,4.8,333.3
Visakhapatnam,Guntur,flight,2056,0.44,333.3
Visakhapatnam,Amravati,train,378,8.38,676.3
Visakhapatnam,Kakinada,train,118,1.65,129.0
Visakhapatnam,Tirupati,train,347,9.72,607.4
Visakhapatnam,Puri,train,215,5.99,362.8
Visakhapatnam,Shimoga,flight,3815,1.31,918.8
Visakhapatnam,Ongole,train,232,5.43,415.7
Visakhapatnam,Bathinda,flight,5755,2.68,1625.3
Visakhapatnam,Darbhanga,flight,3896,2.03,981.0
Visakhapatnam,Satara,flight,3938,1.24,977.2
Visakhapatnam,Proddatur,train,321,7.77,595.8
Visakhapatnam,Kollam,flight,4085,1.74,1210.7
Visakhapatnam,Ambala,flight,6142,3.08,1554.6
Visakhapatnam,Siliguri,flight,4633,1.78,1137.1
Visakhapatnam,Rohtak,flight,5344,2.13,1416.7
Visakhapatnam,Etawah,train,568,19.61,1100.1
Visakhapatnam,Orai,flight,3602,1.58,1001.4
Visakhapatnam,Haldwani,flight,5228,2.22,1336.6
Visakhapatnam,Muzaffarpur,train,583,13.66,964.1
Visakhapatnam,Muzaffarpur,flight,4011,1.36,964.1
Visakhapatnam,Ramagundam,train,245,7.52,405.1
Visakhapatnam,Baripada,train,332,6.86,598.1
Visakhapatnam,Baripada,flight,2758,1.06,598.1
Visakhapatnam,Tezpur,flight,4833,1.76,1400.9
Visakhapatnam,Korba,train,307,9.08,521.6
Visakhapatnam,Nagapattinam,flight,3672,1.34,850.6
Visakhapatnam,Mahbubnagar,train,320,8.16,565.7
Visakhapatnam,Buxar,flight,3399,1.32,881.5
Visakhapatnam,Sagar,flight,2975,1.68,827.5
Visakhapatnam,Chittoor,train,409,10.81,664.6
Visakhapatnam,Arrah,flight,3916,1.63,888.2
Visakhapatnam,Bharuch,flight,4664,1.74,1157.4
Visakhapatnam,Balasore,train,354,6.4,574.5
Visakhapatnam,Jalgaon,train,443,12.56,883.8
Visakhapatnam,Jalgaon,flight,3639,1.19,883.8
Visakhapatnam,Palakkad,train,618,13.83,1043.3
Visakhapatnam,Palakkad,flight,3917,2.01,1043.3
Visakhapatnam,Unnao,flight,4433,1.52,1023.5
Visakhapatnam,Bilaspur,train,328,7.18,501.3
Pimpri-Chinchwad,Mumbai,train,98,1.26,109.0
Pimpri-Chinchwad,Delhi,train,632,20.84,1169.4
Pimpri-Chinchwad,Delhi,flight,4649,2.45,1169.4
Pimpri-Chinchwad,Bengaluru,train,420,14.5,748.7
Pimpri-Chinchwad,Kolkata,flight,6079,2.71,1577.1
Pimpri-Chinchwad,Chennai,train,544,11.11,926.8
Pimpri-Chinchwad,Chennai,flight,3727,1.72,926.8
Pimpri-Chinchwad,Hyderabad,train,307,10.27,514.6
Pimpri-Chinchwad,Hyderabad,flight,2431,0.64,514.6
Pimpri-Chinchwad,Pune,train,53,0.18,13.6
Pimpri-Chinchwad,Ahmedabad,train,293,7.93,504.8
Pimpri-Chinchwad,Ahmedabad,flight,2125,0.8,504.8
Pimpri-Chinchwad,Jaipur,flight,3999,1.57,943.2
Pimpri-Chinchwad,Surat,train,181,4.32,300.1
Pimpri-Chinchwad,Lucknow,train,652,15.02,1170.7
Pimpri-Chinchwad,Lucknow,flight,4293,1.89,1170.7
Pimpri-Chinchwad,Kanpur,flight,3765,2.34,1097.7
Pimpri-Chinchwad,Nagpur,train,389,8.16,619.6
Pimpri-Chinchwad,Indore,flight,2090,0.78,502.6
Pimpri-Chinchwad,Thane,train,113,1.49,108.4
Pimpri-Chinchwad,Bhopal,train,379,9.52,637.0
Pimpri-Chinchwad,Visakhapatnam,train,553,11.55,1000.6
Pimpri-Chinchwad,Patna,flight,5046,2.77,1400.3
Pimpri-Chinchwad,Vadodara,train,232,4.85,414.0
Pimpri-Chinchwad,Ghaziabad,flight,4948,2.2,1176.5
Pimpri-Chinchwad,Ludhiana,flight,5209,2.13,1380.1
Pimpri-Chinchwad,Agra,train,604,15.23,1043.3
Pimpri-Chinchwad,Nashik,train,127,1.94,152.1
Pimpri-Chinchwad,Faridabad,train,600,12.77,1144.8
Pimpri-Chinchwad,Meerut,flight,4305,1.55,1217.8
Pimpri-Chinchwad,Rajkot,train,306,10.05,514.2
Pimpri-Chinchwad,Kalyan,train,107,1.62,97.7
Pimpri-Chinchwad,Vasai-Virar,train,122,2.07,131.7
Pimpri-Chinchwad,Varanasi,flight,4223,1.92,1202.6
Pimpri-Chinchwad,Srinagar,flight,5480,3.11,1721.2
Pimpri-Chinchwad,Dhanbad,flight,5216,1.89,1428.9
Pimpri-Chinchwad,Jodhpur,train,467,13.23,849.8
Pimpri-Chinchwad,Amritsar,flight,5079,1.95,1450.0
Pimpri-Chinchwad,Nanded,train,229,5.28,375.0
Pimpri-Chinchwad,Gwalior,flight,3523,1.77,956.3
Pimpri-Chinchwad,Kolhapur,train,146,2.76,219.2
Pimpri-Chinchwad,Bhubaneswar,flight,4630,2.19,1273.9
Pimpri-Chinchwad,Solapur,train,179,5.29,247.4
Pimpri-Chinchwad,Mangalore,train,370,9.99,645.5
Pimpri-Chinchwad,Mangalore,flight,2602,1.02,645.5
Pimpri-Chinchwad,Tiruchirappalli,train,517,13.07,1018.6
Pimpri-Chinchwad,BiharSharif,flight,4923,2.79,1411.5
Pimpri-Chinchwad,Aligarh,flight,4340,2.18,1119.5
Pimpri-Chinchwad,Tirunelveli,flight,4545,1.65,1182.3
Pimpri-Chinchwad,Bhiwandi,train,99,2.15,106.4
Pimpri-Chinchwad,Saharanpur,flight,5441,1.89,1316.0
Pimpri-Chinchwad,Gorakhpur,flight,4933,1.67,1333.8
Pimpri-Chinchwad,Jalandhar,flight,4837,2.82,1423.0
Pimpri-Chinchwad,Jamshedpur,flight,4533,2.63,1370.3
Pimpri-Chinchwad,Salem,flight,3242,1.37,904.0
Pimpri-Chinchwad,Warangal,train,361,8.72,616.1
Pimpri-Chinchwad,Mira-Bhayandar,train,116,2.28,122.9
Pimpri-Chinchwad,Thiruvananthapuram,train,591,18.58,1173.6
Pimpri-Chinchwad,Bhilai,train,454,10.77,846.9
Pimpri-Chinchwad,Bhilai,flight,3237,1.45,846.9
Pimpri-Chinchwad,Ujjain,train,326,10.6,546.3
Pimpri-Chinchwad,Durgapur,flight,4784,2.34,1502.8
Pimpri-Chinchwad,Asansol,flight,5331,3.15,1474.6
Pimpri-Chinchwad,Rourkela,flight,4952,2.58,1220.0
Pimpri-Chinchwad,Nellore,flight,3262,1.62,807.1
Pimpri-Chinchwad,Dehradun,flight,4758,2.01,1367.9
Pimpri-Chinchwad,Davanagere,train,326,6.37,515.4
Pimpri-Chinchwad,Kozhikode,train,510,13.58,846.7
Pimpri-Chinchwad,Kozhikode,flight,3189,1.82,846.7
Pimpri-Chinchwad,Akola,train,253,6.24,407.1
Pimpri-Chinchwad,Akola,flight,2034,0.52,407.1
Pimpri-Chinchwad,Kurnool,train,351,8.65,547.3
Pimpri-Chinchwad,Nizamabad,train,250,9.4,452.5
Pimpri-Chinchwad,Nizamabad,flight,2401,0.93,452.5
Pimpri-Chinchwad,Guntur,train,438,10.01,749.8
Pimpri-Chinchwad,Guntur,flight,3495,1.01,749.8
Pimpri-Chinchwad,Amravati,train,268,6.06,487.9
Pimpri-Chinchwad,Kakinada,train,472,17.59,912.6
Pimpri-Chinchwad,Kakinada,flight,4024,1.37,912.6
Pimpri-Chinchwad,Tirupati,train,439,11.74,818.1
Pimpri-Chinchwad,Tirupati,flight,3241,1.58,818.1
Pimpri-Chinchwad,Puri,flight,5048,2.34,1269.8
Pimpri-Chinchwad,Shimoga,train,338,7.69,555.6
Pimpri-Chinchwad,Ongole,train,416,11.32,749.6
Pimpri-Chinchwad,Ongole,flight,2828,1.28,749.6
Pimpri-Chinchwad,Bathinda,flight,4519,1.64,1293.0
Pimpri-Chinchwad,Darbhanga,flight,5065,1.93,1497.1
Pimpri-Chinchwad,Satara,train,102,1.28,107.6
Pimpri-Chinchwad,Proddatur,train,352,8.3,664.8
Pimpri-Chinchwad,Kollam,flight,4193,2.25,1124.4
Pimpri-Chinchwad,Ambala,flight,5138,2.84,1340.4
Pimpri-Chinchwad,Siliguri,flight,6198,2.47,1747.1
Pimpri-Chinchwad,Rohtak,flight,4237,1.48,1176.5
Pimpri-Chinchwad,Etawah,flight,4307,1.64,1052.6
Pimpri-Chinchwad,Orai,flight,4325,1.9,1004.1
Pimpri-Chinchwad,Haldwani,flight,5330,1.68,1312.2
Pimpri-Chinchwad,Muzaffarpur,flight,5572,2.36,1452.7
Pimpri-Chinchwad,Ramagundam,train,346,7.96,606.6
Pimpri-Chinchwad,Ramagundam,flight,2710,0.83,606.6
Pimpri-Chinchwad,Baripada,flight,5279,2.02,1398.6
Pimpri-Chinchwad,Tezpur,flight,7568,3.57,2140.2
Pimpri-Chinchwad,Korba,flight,4335,2.2,1019.9
Pimpri-Chinchwad,Nagapattinam,flight,4085,1.57,1088.6
Pimpri-Chinchwad,Mahbubnagar,train,267,5.8,490.5
Pimpri-Chinchwad,Buxar,flight,5079,2.15,1316.8
Pimpri-Chinchwad,Sagar,train,448,8.61,772.8
Pimpri-Chinchwad,Sagar,flight,3310,1.04,772.8
Pimpri-Chinchwad,Chittoor,flight,3022,1.32,826.5
Pimpri-Chinchwad,Arrah,flight,5181,1.7,1358.3
Pimpri-Chinchwad,Bharuch,train,246,4.13,351.6
Pimpri-Chinchwad,Balasore,flight,4862,2.21,1407.5
Pimpri-Chinchwad,Jalgaon,train,208,4.73,322.4
Pimpri-Chinchwad,Palakkad,train,461,11.69,924.5
Pimpri-Chinchwad,Unnao,flight,4351,1.57,1114.8
Pimpri-Chinchwad,Bilaspur,flight,3771,2.05,950.0
Patna,Mumbai,flight,4713,2.64,1453.2
Patna,Delhi,flight,3787,1.18,866.7
Patna,Bengaluru,flight,5450,3.36,1610.3
Patna,Kolkata,train,287,6.9,469.2
Patna,Chennai,flight,5853,2.09,1481.5
Patna,Hyderabad,flight,4776,1.66,1142.6
Patna,Pune,flight,5634,2.4,1402.5
Patna,Ahmedabad,flight,4901,1.89,1304.5
Patna,Jaipur,train,537,12.63,943.7
Patna,Jaipur,flight,3278,2.06,943.7
Patna,Surat,flight,4460,2.29,1348.1
Patna,Lucknow,train,274,5.59,440.7
Patna,Kanpur,train,320,6.7,489.5
Patna,Nagpur,train,464,12.2,790.9
Patna,Indore,train,579,13.57,994.0
Patna,Indore,flight,3446,1.28,994.0
Patna,Thane,flight,5337,2.28,1435.9
Patna,Bhopal,flight,3549,1.38,823.9
Patna,Visakhapatnam,flight,3329,1.24,901.3
Patna,Pimpri-Chinchwad,flight,5090,3.05,1400.3
Patna,Vadodara,flight,4230,2.38,1268.2
Patna,Ghaziabad,flight,3119,1.65,833.5
Patna,Ludhiana,train,607,20.19,1083.1
Patna,Agra,train,414,8.99,731.5
Patna,Nashik,flight,4749,1.94,1318.4
Patna,Faridabad,flight,3601,1.21,835.3
Patna,Meerut,train,476,10.51,825.2
Patna,Rajkot,flight,5221,2.51,1501.1
Patna,Kalyan,flight,5239,2.16,1421.2
Patna,Vasai-Virar,flight,4847,3.05,1438.3
Patna,Varanasi,train,163,2.69,219.4
Patna,Srinagar,flight,4930,2.68,1371.7
Patna,Dhanbad,train,180,3.39,238.8
Patna,Dhanbad,flight,1606,0.49,238.8
Patna,Jodhpur,flight,4686,2.4,1213.2
Patna,Amritsar,flight,5022,1.71,1205.3
Patna,Nanded,train,587,14.17,1076.0
Patna,Gwalior,train,395,12.08,699.0
Patna,Kolhapur,flight,4864,1.92,1499.7
Patna,Bhubaneswar,train,330,7.15,593.3
Patna,Solapur,flight,4711,1.76,1298.6
Patna,Mangalore,flight,6240,2.39,1773.7
Patna,Tiruchirappalli,flight,6046,3.58,1779.9
Patna,BiharSharif,train,81,1.14,58.2
Patna,Aligarh,train,433,14.08,745.2
Patna,Tirunelveli,flight,6553,2.68,2032.8
Patna,Bhiwandi,flight,5781,1.79,1424.8
Patna,Saharanpur,flight,3866,1.26,890.6
Patna,Gorakhpur,train,150,2.74,218.7
Patna,Jalandhar,flight,3899,2.21,1130.5
Patna,Jamshedpur,train,214,4.57,328.5
Patna,Salem,flight,5721,2.26,1714.1
Patna,Warangal,train,549,11.46,1022.6
Patna,Warangal,flight,4330,1.51,1022.6
Patna,Mira-Bhayandar,flight,4626,2.27,1443.4
Patna,Thiruvananthapuram,flight,7829,2.94,2087.0
Patna,Bhilai,train,341,10.58,618.7
Patna,Bhilai,flight,2650,1.05,618.7
Patna,Ujjain,train,549,12.24,984.2
Patna,Ujjain,flight,3617,1.37,984.2
Patna,Durgapur,train,209,6.27,318.6
Patna,Durgapur,flight,1738,0.55,318.6
Patna,Asansol,train,177,5.16,280.9
Patna,Rourkela,train,247,4.42,371.8
Patna,Nellore,flight,5010,3.0,1351.3
Patna,Dehradun,train,453,14.9,873.0
Patna,Dehradun,flight,3848,1.15,873.0
Patna,Davanagere,flight,5602,2.82,1566.6
Patna,Kozhikode,flight,6939,2.47,1873.0
Patna,Akola,flight,3900,1.49,993.2
Patna,Kurnool,flight,5334,1.68,1312.5
Patna,Nizamabad,flight,3617,1.35,1057.2
Patna,Guntur,flight,4321,2.51,1141.9
Patna,Amravati,flight,3795,1.31,913.6
Patna,Kakinada,flight,3810,1.86,1002.5
Patna,Tirupati,train,758,28.56,1458.5
Patna,Tirupati,flight,5871,2.12,1458.5
Patna,Puri,train,400,11.12,646.7
Patna,Shimoga,flight,5613,2.29,1637.1
Patna,Ongole,flight,4685,2.58,1240.1
Patna,Bathinda,train,673,15.78,1124.8
Patna,Darbhanga,train,103,1.17,97.9
Patna,Satara,flight,5122,2.12,1448.3
Patna,Proddatur,train,771,15.46,1387.3
Patna,Proddatur,flight,4971,2.36,1387.3
Patna,Kollam,flight,7460,4.26,2064.1
Patna,Ambala,flight,3604,1.58,977.8
Patna,Siliguri,train,245,6.74,351.0
Patna,Siliguri,flight,1880,0.63,351.0
Patna,Rohtak,flight,4068,1.32,919.5
Patna,Etawah,train,373,11.78,625.0
Patna,Orai,train,355,7.88,570.1
Patna,Haldwani,train,431,7.98,686.0
Patna,Muzaffarpur,train,77,1.25,63.8
Patna,Ramagundam,train,494,11.56,951.0
Patna,Ramagundam,flight,3882,1.2,951.0
Patna,Baripada,train,267,5.1,440.2
Patna,Tezpur,train,477,11.54,773.1
Patna,Korba,train,285,7.55,434.0
Patna,Korba,flight,2406,0.85,434.0
Patna,Nagapattinam,flight,5821,3.66,1739.8
Patna,Mahbubnagar,flight,4805,2.46,1231.8
Patna,Buxar,train,89,1.43,97.0
Patna,Sagar,train,351,12.49,675.2
Patna,Chittoor,flight,5662,2.83,1514.2
Patna,Arrah,train,76,0.72,47.3
Patna,Bharuch,flight,4776,2.03,1307.5
Patna,Balasore,train,314,5.9,491.6
Patna,Jalgaon,flight,3884,1.54,1102.3
Patna,Palakkad,flight,7335,2.83,1872.9
Patna,Unnao,train,267,5.57,476.5
Patna,Bilaspur,train,305,5.72,495.7
Vadodara,Mumbai,train,219,5.26,360.7
Vadodara,Delhi,train,484,16.6,812.7
Vadodara,Delhi,flight,3040,1.71,812.7
Vadodara,Bengaluru,train,645,23.56,1138.3
Vadodara,Kolkata,flight,5821,2.73,1560.0
Vadodara,Chennai,flight,4283,1.79,1270.6
Vadodara,Hyderabad,train,451,10.82,779.2
Vadodara,Pune,train,259,6.15,426.9
Vadodara,Ahmedabad,train,107,1.18,101.2
Vadodara,Jaipur,train,309,6.6,575.8
Vadodara,Jaipur,flight,2893,0.94,575.8
Vadodara,Surat,train,116,1.84,131.5
Vadodara,Lucknow,train,492,11.45,933.1
Vadodara,Lucknow,flight,3359,1.98,933.1
Vadodara,Kanpur,train,503,11.84,858.0
Vadodara,Kanpur,flight,3067,1.47,858.0
Vadodara,Nagpur,train,335,8.85,623.6
Vadodara,Indore,train,190,3.52,278.7
Vadodara,Thane,train,226,6.92,344.1
Vadodara,Thane,flight,2083,0.54,344.1
Vadodara,Bhopal,train,252,5.3,446.5
Vadodara,Visakhapatnam,train,694,19.17,1167.4
Vadodara,Visakhapatnam,flight,4359,2.51,1167.4
Vadodara,Pimpri-Chinchwad,flight,2031,0.55,414.0
Vadodara,Patna,flight,4543,2.35,1268.2
Vadodara,Ghaziabad,train,448,10.24,827.1
Vadodara,Ghaziabad,flight,3374,1.48,827.1
Vadodara,Ludhiana,flight,4194,1.38,991.8
Vadodara,Agra,train,397,11.31,728.4
Vadodara,Nashik,train,164,5.1,264.5
Vadodara,Faridabad,train,482,12.4,795.5
Vadodara,Meerut,flight,3600,1.48,869.8
Vadodara,Rajkot,train,179,4.76,244.7
Vadodara,Kalyan,train,231,6.65,341.2
Vadodara,Vasai-Virar,train,224,4.28,326.2
Vadodara,Varanasi,train,576,16.37,1050.6
Vadodara,Varanasi,flight,4396,1.93,1050.6
Vadodara,Srinagar,flight,5455,2.4,1319.0
Vadodara,Dhanbad,train,789,18.77,1365.2
Vadodara,Dhanbad,flight,5150,2.44,1365.2
Vadodara,Jodhpur,train,277,4.92,437.5
Vadodara,Amritsar,train,524,15.45,1050.5
Vadodara,Nanded,train,354,11.8,555.2
Vadodara,Gwalior,train,365,10.45,667.8
Vadodara,Gwalior,flight,2775,1.01,667.8
Vadodara,Kolhapur,train,396,7.3,632.9
Vadodara,Bhubaneswar,flight,4397,1.92,1328.3
Vadodara,Solapur,train,335,7.56,590.0
Vadodara,Solapur,flight,2532,0.74,590.0
Vadodara,Mangalore,flight,3857,1.94,1059.4
Vadodara,Tiruchirappalli,flight,5117,2.47,1408.9
Vadodara,BiharSharif,flight,4978,2.24,1295.6
Vadodara,Aligarh,train,404,15.25,793.8
Vadodara,Aligarh,flight,3291,1.33,793.8
Vadodara,Tirunelveli,flight,5937,2.05,1588.6
Vadodara,Bhiwandi,train,214,4.16,336.6
Vadodara,Saharanpur,flight,3874,1.5,956.2
Vadodara,Gorakhpur,train,617,19.97,1143.1
Vadodara,Jalandhar,train,620,12.73,1030.5
Vadodara,Jalandhar,flight,3738,1.94,1030.5
Vadodara,Jamshedpur,flight,4429,2.25,1337.9
Vadodara,Salem,flight,4297,1.79,1295.5
Vadodara,Warangal,flight,3450,1.04,825.0
Vadodara,Mira-Bhayandar,train,227,4.21,338.4
Vadodara,Thiruvananthapuram,flight,5073,2.37,1584.3
Vadodara,Bhilai,flight,3252,1.1,860.8
Vadodara,Ujjain,train,180,4.66,284.1
Vadodara,Durgapur,flight,4794,1.9,1453.0
Vadodara,Asansol,flight,5309,1.82,1417.7
Vadodara,Rourkela,flight,4679,2.57,1200.7
Vadodara,Nellore,flight,4261,1.66,1131.1
Vadodara,Dehradun,train,516,14.32,1013.0
Vadodara,Dehradun,flight,3881,1.8,1013.0
Vadodara,Davanagere,flight,4027,1.44,918.6
Vadodara,Kozhikode,flight,4745,2.21,1259.2
Vadodara,Akola,train,268,5.81,434.1
Vadodara,Kurnool,flight,3187,1.26,882.7
Vadodara,Nizamabad,train,360,8.4,652.0
Vadodara,Guntur,flight,3601,2.11,1012.0
Vadodara,Amravati,train,277,6.5,498.1
Vadodara,Kakinada,flight,3846,1.69,1118.0
Vadodara,Tirupati,train,606,14.57,1168.5
Vadodara,Tirupati,flight,4191,2.45,1168.5
Vadodara,Puri,flight,4841,2.55,1341.1
Vadodara,Shimoga,flight,4057,2.05,965.0
Vadodara,Ongole,train,553,17.35,1045.5
Vadodara,Bathinda,flight,3301,1.68,896.3
Vadodara,Darbhanga,flight,5547,2.27,1357.2
Vadodara,Satara,train,337,8.15,521.5
Vadodara,Proddatur,train,529,15.03,1012.9
Vadodara,Proddatur,flight,4111,1.65,1012.9
Vadodara,Kollam,flight,5514,2.49,1536.0
Vadodara,Ambala,flight,3711,1.38,966.1
Vadodara,Siliguri,flight,6466,3.06,1617.1
Vadodara,Rohtak,train,430,16.55,809.0
Vadodara,Etawah,train,421,11.43,771.9
Vadodara,Orai,train,450,15.65,757.2
Vadodara,Orai,flight,3232,0.97,757.2
Vadodara,Haldwani,flight,4225,1.77,995.9
Vadodara,Muzaffarpur,flight,5428,2.08,1308.0
Vadodara,Ramagundam,train,475,11.69,771.2
Vadodara,Baripada,flight,5025,2.5,1397.7
Vadodara,Tezpur,flight,6953,3.37,2040.2
Vadodara,Korba,train,590,19.23,984.1
Vadodara,Nagapattinam,flight,4852,2.97,1465.3
Vadodara,Mahbubnagar,train,418,14.75,797.5
Vadodara,Mahbubnagar,flight,3306,1.34,797.5
Vadodara,Buxar,flight,4267,1.9,1173.7
Vadodara,Sagar,flight,2603,0.78,593.3
Vadodara,Chittoor,flight,4609,2.61,1188.9
Vadodara,Arrah,flight,4778,1.97,1221.7
Vadodara,Bharuch,train,81,0.99,69.1
Vadodara,Balasore,flight,5287,2.02,1421.1
Vadodara,Jalgaon,train,177,4.53,285.4
Vadodara,Palakkad,flight,5297,2.78,1333.2
Vadodara,Unnao,train,514,14.16,876.0
Vadodara,Bilaspur,flight,3493,1.27,922.5
Ghaziabad,Mumbai,train,620,17.89,1163.4
Ghaziabad,Delhi,train,68,0.47,34.5
Ghaziabad,Bengaluru,flight,6436,2.63,1745.6
Ghaziabad,Kolkata,flight,5003,2.44,1285.9
Ghaziabad,Chennai,flight,6888,3.14,1757.5
Ghaziabad,Hyderabad,flight,4742,1.62,1259.2
Ghaziabad,Pune,flight,4105,1.78,1186.3
Ghaziabad,Ahmedabad,train,439,12.46,795.4
Ghaziabad,Jaipur,train,175,4.15,255.0
Ghaziabad,Jaipur,flight,1696,0.37,255.0
Ghaziabad,Surat,flight,3318,1.27,955.0
Ghaziabad,Lucknow,train,266,4.93,398.9
Ghaziabad,Kanpur,train,243,4.28,376.0
Ghaziabad,Kanpur,flight,2134,0.48,376.0
Ghaziabad,Nagpur,flight,3641,1.39,852.6
Ghaziabad,Indore,train,400,10.26,680.6
Ghaziabad,Thane,flight,4694,1.79,1144.8
Ghaziabad,Bhopal,train,319,9.04,601.5
Ghaziabad,Bhopal,flight,2566,1.1,601.5
Ghaziabad,Visakhapatnam,flight,5304,2.24,1355.3
Ghaziabad,Pimpri-Chinchwad,train,591,22.94,1176.5
Ghaziabad,Pimpri-Chinchwad,flight,4253,1.8,1176.5
Ghaziabad,Patna,train,485,13.5,833.5
Ghaziabad,Patna,flight,3091,1.08,833.5
Ghaziabad,Vadodara,flight,3725,1.04,827.1
Ghaziabad,Ludhiana,train,211,3.48,292.1
Ghaziabad,Agra,train,144,2.15,174.7
Ghaziabad,Nashik,flight,4262,2.28,1033.0
Ghaziabad,Faridabad,train,69,0.43,31.8
Ghaziabad,Meerut,train,68,0.67,42.8
Ghaziabad,Rajkot,flight,3415,1.32,972.6
Ghaziabad,Kalyan,train,675,18.44,1136.6
Ghaziabad,Kalyan,flight,3918,1.44,1136.6
Ghaziabad,Vasai-Virar,flight,4745,1.84,1132.8
Ghaziabad,Varanasi,train,391,12.72,661.7
Ghaziabad,Srinagar,train,385,10.35,652.7
Ghaziabad,Srinagar,flight,2664,0.98,652.7
Ghaziabad,Dhanbad,flight,3898,1.61,1046.0
Ghaziabad,Jodhpur,flight,2589,0.98,513.8
Ghaziabad,Amritsar,train,238,8.34,412.6
Ghaziabad,Nanded,flight,3649,1.75,1058.2
Ghaziabad,Gwalior,train,179,4.28,281.9
Ghaziabad,Kolhapur,flight,4735,2.99,1370.4
Ghaziabad,Bhubaneswar,flight,5196,2.53,1257.8
Ghaziabad,Solapur,flight,4580,1.69,1234.3
Ghaziabad,Mangalore,flight,5684,3.49,1772.4
Ghaziabad,Tiruchirappalli,flight,6428,2.81,1992.3
Ghaziabad,BiharSharif,flight,3344,1.53,887.4
Ghaziabad,Aligarh,train,113,1.23,105.9
Ghaziabad,Tirunelveli,flight,8450,3.25,2219.2
Ghaziabad,Bhiwandi,train,668,17.58,1134.9
Ghaziabad,Saharanpur,train,132,1.68,144.3
Ghaziabad,Gorakhpur,train,384,10.53,620.0
Ghaziabad,Jalandhar,train,229,5.02,346.3
Ghaziabad,Jalandhar,flight,2065,0.72,346.3
Ghaziabad,Jamshedpur,flight,4081,1.88,1091.7
Ghaziabad,Salem,flight,6379,2.49,1892.2
Ghaziabad,Warangal,flight,4467,1.52,1209.6
Ghaziabad,Mira-Bhayandar,flight,3908,1.47,1143.6
Ghaziabad,Thiruvananthapuram,flight,7837,2.95,2240.7
Ghaziabad,Bhilai,flight,3562,1.29,922.9
Ghaziabad,Ujjain,train,390,11.56,632.8
Ghaziabad,Ujjain,flight,2842,1.1,632.8
Ghaziabad,Durgapur,train,639,13.62,1138.1
Ghaziabad,Durgapur,flight,4180,1.72,1138.1
Ghaziabad,Asansol,train,585,16.98,1097.8
Ghaziabad,Asansol,flight,4612,1.68,1097.8
Ghaziabad,Rourkela,flight,4152,1.64,1028.9
Ghaziabad,Nellore,flight,5168,2.14,1603.3
Ghaziabad,Dehradun,train,150,3.26,191.5
Ghaziabad,Dehradun,flight,1523,0.36,191.5
Ghaziabad,Davanagere,flight,5662,2.72,1587.3
Ghaziabad,Kozhikode,flight,7007,2.96,1943.7
Ghaziabad,Akola,train,497,12.89,887.2
Ghaziabad,Akola,flight,3472,1.53,887.2
Ghaziabad,Kurnool,flight,5716,2.71,1429.1
Ghaziabad,Nizamabad,flight,3952,1.66,1113.5
Ghaziabad,Guntur,flight,5131,2.69,1408.2
Ghaziabad,Amravati,train,520,12.64,860.6
Ghaziabad,Amravati,flight,3637,1.34,860.6
Ghaziabad,Kakinada,flight,5380,2.86,1388.1
Ghaziabad,Tirupati,flight,5483,2.27,1684.7
Ghaziabad,Puri,train,657,16.69,1299.5
Ghaziabad,Puri,flight,5383,1.89,1299.5
Ghaziabad,Shimoga,flight,5462,3.28,1650.4
Ghaziabad,Ongole,flight,5425,2.07,1487.8
Ghaziabad,Bathinda,train,216,3.48,297.3
Ghaziabad,Darbhanga,train,454,9.78,878.3
Ghaziabad,Satara,flight,5055,1.65,1271.9
Ghaziabad,Proddatur,flight,5595,2.28,1551.9
Ghaziabad,Kollam,flight,8490,4.19,2200.7
Ghaziabad,Ambala,train,142,2.31,201.0
Ghaziabad,Ambala,flight,1457,0.29,201.0
Ghaziabad,Siliguri,train,594,20.96,1101.9
Ghaziabad,Rohtak,train,87,1.12,86.3
Ghaziabad,Etawah,train,197,5.56,259.8
Ghaziabad,Etawah,flight,1568,0.4,259.8
Ghaziabad,Orai,train,250,6.04,357.7
Ghaziabad,Haldwani,train,147,4.13,209.4
Ghaziabad,Muzaffarpur,train,458,13.3,832.9
Ghaziabad,Muzaffarpur,flight,3706,1.24,832.9
Ghaziabad,Ramagundam,flight,4127,1.41,1120.7
Ghaziabad,Baripada,flight,4254,1.98,1197.6
Ghaziabad,Tezpur,flight,5363,2.18,1526.1
Ghaziabad,Korba,train,501,13.04,880.2
Ghaziabad,Nagapattinam,flight,6149,3.74,2005.5
Ghaziabad,Mahbubnagar,flight,4896,2.13,1327.4
Ghaziabad,Buxar,flight,3478,1.14,748.9
Ghaziabad,Sagar,train,349,7.02,552.2
Ghaziabad,Chittoor,flight,6526,2.67,1726.6
Ghaziabad,Arrah,train,426,13.56,793.0
Ghaziabad,Bharuch,flight,3498,1.29,893.7
Ghaziabad,Balasore,flight,4142,2.66,1243.4
Ghaziabad,Jalgaon,flight,3108,1.41,873.0
Ghaziabad,Palakkad,flight,6279,3.36,1990.2
Ghaziabad,Unnao,train,263,5.21,381.2
Ghaziabad,Bilaspur,flight,3665,1.4,870.7
Ludhiana,Mumbai,flight,4500,1.71,1348.5
Ludhiana,Delhi,train,174,4.16,272.2
Ludhiana,Bengaluru,flight,6870,2.85,2001.6
Ludhiana,Kolkata,flight,5182,3.08,1547.3
Ludhiana,Chennai,flight,6909,3.23,2032.3
Ludhiana,Hyderabad,flight,5834,1.93,1526.2
Ludhiana,Pune,flight,5407,1.8,1391.3
Ludhiana,Ahmedabad,train,546,12.27,934.5
Ludhiana,Ahmedabad,flight,3330,1.6,934.5
Ludhiana,Jaipur,train,281,5.44,443.6
Ludhiana,Surat,flight,3922,2.22,1123.3
Ludhiana,Lucknow,train,410,8.23,669.7
Ludhiana,Kanpur,train,345,7.64,659.8
Ludhiana,Kanpur,flight,2838,1.03,659.8
Ludhiana,Nagpur,flight,3835,1.57,1131.6
Ludhiana,Indore,train,459,16.84,909.7
Ludhiana,Indore,flight,3274,1.97,909.7
Ludhiana,Thane,flight,4486,2.24,1330.9
Ludhiana,Bhopal,train,521,12.21,863.5
Ludhiana,Bhopal,flight,3283,1.25,863.5
Ludhiana,Visakhapatnam,flight,5257,2.92,1646.7
Ludhiana,Pimpri-Chinchwad,flight,5141,1.93,1380.1
Ludhiana,Patna,flight,4494,2.24,1083.1
Ludhiana,Vadodara,flight,4237,1.35,991.8
Ludhiana,Ghaziabad,train,211,5.37,292.1
Ludhiana,Ghaziabad,flight,1642,0.61,292.1
Ludhiana,Agra,train,288,9.25,463.9
Ludhiana,Nashik,flight,4135,1.86,1230.0
Ludhiana,Faridabad,train,214,3.46,311.0
Ludhiana,Faridabad,flight,1943,0.4,311.0
Ludhiana,Meerut,train,180,3.73,277.8
Ludhiana,Rajkot,flight,4373,1.98,1079.6
Ludhiana,Kalyan,flight,4460,2.02,1325.4
Ludhiana,Vasai-Virar,flight,4874,1.96,1315.2
Ludhiana,Varanasi,flight,3898,1.42,933.7
Ludhiana,Srinagar,train,228,7.51,367.6
Ludhiana,Dhanbad,flight,4340,2.41,1308.3
Ludhiana,Jodhpur,train,348,10.5,587.5
Ludhiana,Amritsar,train,118,2.19,124.1
Ludhiana,Nanded,flight,5129,2.11,1314.5
Ludhiana,Gwalior,train,327,6.41,568.0
Ludhiana,Kolhapur,flight,5732,2.02,1587.0
Ludhiana,Bhubaneswar,flight,5242,3.37,1544.1
Ludhiana,Solapur,flight,5807,2.82,1472.4
Ludhiana,Mangalore,flight,6939,3.32,2002.7
Ludhiana,Tiruchirappalli,flight,8289,2.91,2255.4
Ludhiana,BiharSharif,train,676,25.25,1139.7
Ludhiana,BiharSharif,flight,4052,1.64,1139.7
Ludhiana,Aligarh,train,234,6.34,397.8
Ludhiana,Aligarh,flight,1930,0.58,397.8
Ludhiana,Tirunelveli,flight,7712,4.14,2474.9
Ludhiana,Bhiwandi,flight,5423,2.1,1322.1
Ludhiana,Saharanpur,train,136,2.69,192.6
Ludhiana,Gorakhpur,train,488,12.87,864.5
Ludhiana,Jalandhar,train,81,1.2,54.3
Ludhiana,Jamshedpur,flight,4639,1.76,1363.9
Ludhiana,Salem,flight,6879,3.21,2151.9
Ludhiana,Warangal,flight,5498,2.16,1486.6
Ludhiana,Mira-Bhayandar,flight,5423,2.21,1327.0
Ludhiana,Thiruvananthapuram,flight,7475,3.77,2490.7
Ludhiana,Bhilai,flight,4720,2.03,1214.2
Ludhiana,Ujjain,flight,3046,1.81,858.6
Ludhiana,Durgapur,flight,5138,2.59,1397.3
Ludhiana,Asansol,flight,4921,2.56,1357.7
Ludhiana,Rourkela,flight,5048,1.82,1311.7
Ludhiana,Nellore,flight,6079,3.75,1878.0
Ludhiana,Dehradun,train,144,4.64,218.0
Ludhiana,Dehradun,flight,1509,0.47,218.0
Ludhiana,Davanagere,flight,6571,3.67,1827.7
Ludhiana,Kozhikode,flight,6883,4.67,2184.1
Ludhiana,Akola,flight,4224,2.35,1140.0
Ludhiana,Kurnool,flight,6249,2.97,1690.6
Ludhiana,Nizamabad,flight,5468,2.76,1378.3
Ludhiana,Guntur,flight,5280,2.39,1688.0
Ludhiana,Amravati,train,619,13.57,1124.5
Ludhiana,Amravati,flight,4380,1.55,1124.5
Ludhiana,Kakinada,flight,6278,2.87,1676.7
Ludhiana,Tirupati,flight,6956,2.72,1954.9
Ludhiana,Puri,flight,6023,2.4,1587.0
Ludhiana,Shimoga,flight,6844,2.93,1887.3
Ludhiana,Ongole,flight,5826,2.6,1764.2
Ludhiana,Bathinda,train,102,1.79,116.2
Ludhiana,Darbhanga,flight,4035,1.6,1112.6
Ludhiana,Satara,flight,5559,1.99,1482.1
Ludhiana,Proddatur,flight,6774,3.82,1816.8
Ludhiana,Kollam,flight,7737,3.6,2448.4
Ludhiana,Ambala,train,113,2.3,105.4
Ludhiana,Siliguri,flight,4612,2.42,1309.5
Ludhiana,Rohtak,train,184,2.84,234.4
Ludhiana,Rohtak,flight,1536,0.36,234.4
Ludhiana,Etawah,train,309,9.76,551.3
Ludhiana,Orai,train,388,8.84,649.6
Ludhiana,Orai,flight,2941,1.34,649.6
Ludhiana,Haldwani,train,264,5.98,398.4
Ludhiana,Muzaffarpur,flight,3713,2.15,1071.8
Ludhiana,Ramagundam,flight,5491,2.03,1398.7
Ludhiana,Baripada,flight,5192,2.16,1472.6
Ludhiana,Tezpur,flight,5711,2.31,1714.8
Ludhiana,Korba,train,642,14.71,1170.7
Ludhiana,Nagapattinam,flight,7888,3.64,2275.7
Ludhiana,Mahbubnagar,flight,5280,3.45,1589.1
Ludhiana,Buxar,train,523,14.7,1007.1
Ludhiana,Buxar,flight,3719,1.29,1007.1
Ludhiana,Sagar,train,440,11.98,835.1
Ludhiana,Chittoor,flight,7176,3.39,1994.2
Ludhiana,Arrah,train,577,12.26,1047.1
Ludhiana,Arrah,flight,3782,2.01,1047.1
Ludhiana,Bharuch,train,612,18.05,1060.9
Ludhiana,Balasore,flight,5860,2.37,1520.0
Ludhiana,Jalgaon,train,579,20.68,1100.5
Ludhiana,Jalgaon,flight,4067,1.63,1100.5
Ludhiana,Palakkad,flight,8051,4.53,2238.1
Ludhiana,Unnao,train,401,12.01,662.4
Ludhiana,Bilaspur,flight,4611,2.03,1162.6
Agra,Mumbai,train,597,17.64,1042.0
Agra,Mumbai,flight,4509,1.45,1042.0
Agra,Delhi,train,137,2.32,191.7
Agra,Bengaluru,flight,5226,3.02,1580.1
Agra,Kolkata,flight,4629,1.74,1162.7
Agra,Chennai,flight,5966,3.12,1584.8
Agra,Hyderabad,flight,4572,1.79,1089.9
Agra,Pune,flight,3662,1.34,1052.1
Agra,Ahmedabad,train,416,10.28,716.1
Agra,Jaipur,train,176,2.8,221.9
Agra,Surat,train,456,16.65,849.4
Agra,Surat,flight,3173,1.1,849.4
Agra,Lucknow,train,184,3.47,293.4
Agra,Lucknow,flight,1810,0.53,293.4
Agra,Kanpur,train,160,2.75,244.4
Agra,Kanpur,flight,1699,0.32,244.4
Agra,Nagpur,train,387,14.85,679.5
Agra,Indore,train,321,9.73,540.9
Agra,Thane,flight,4248,1.32,1023.1
Agra,Bhopal,train,277,4.9,439.6
Agra,Visakhapatnam,flight,4794,1.69,1182.9
Agra,Pimpri-Chinchwad,flight,3541,1.75,1043.3
Agra,Patna,train,446,8.21,731.5
Agra,Vadodara,train,389,12.65,728.4
Agra,Ghaziabad,train,138,3.7,174.7
Agra,Ludhiana,train,305,9.93,463.9
Agra,Ludhiana,flight,2163,0.69,463.9
Agra,Nashik,train,551,16.14,906.5
Agra,Nashik,flight,3203,1.56,906.5
Agra,Faridabad,train,117,2.64,152.9
Agra,Meerut,train,159,2.74,203.2
Agra,Rajkot,flight,3445,1.49,906.9
Agra,Kalyan,train,513,14.01,1013.4
Agra,Kalyan,flight,4381,1.52,1013.4
Agra,Vasai-Virar,train,521,15.56,1013.6
Agra,Vasai-Virar,flight,3752,1.47,1013.6
Agra,Varanasi,train,311,11.78,536.6
Agra,Varanasi,flight,2530,0.72,536.6
Agra,Srinagar,flight,3127,1.41,827.0
Agra,Dhanbad,flight,3388,1.5,924.9
Agra,Jodhpur,train,319,9.11,505.9
Agra,Amritsar,train,341,6.88,581.2
Agra,Nanded,train,522,12.03,894.9
Agra,Nanded,flight,3473,1.16,894.9
Agra,Gwalior,train,110,1.29,108.0
Agra,Gwalior,flight,1059,0.17,108.0
Agra,Kolhapur,flight,4616,1.64,1227.2
Agra,Bhubaneswar,train,570,20.8,1103.2
Agra,Bhubaneswar,flight,4606,2.15,1103.2
Agra,Solapur,flight,3867,1.56,1080.0
Agra,Mangalore,flight,6210,2.42,1619.5
Agra,Tiruchirappalli,flight,5797,2.88,1823.5
Agra,BiharSharif,train,481,11.49,780.8
Agra,Aligarh,train,95,1.04,80.5
Agra,Tirunelveli,flight,7011,3.49,2053.1
Agra,Bhiwandi,train,578,19.59,1012.6
Agra,Bhiwandi,flight,3659,2.02,1012.6
Agra,Saharanpur,train,190,6.71,313.2
Agra,Gorakhpur,train,346,6.45,533.7
Agra,Jalandhar,train,284,8.68,518.2
Agra,Jalandhar,flight,2632,0.72,518.2
Agra,Jamshedpur,train,543,14.81,958.0
Agra,Jamshedpur,flight,3437,1.8,958.0
Agra,Salem,flight,6234,3.56,1725.0
Agra,Warangal,train,591,11.89,1036.7
Agra,Warangal,flight,3962,1.51,1036.7
Agra,Mira-Bhayandar,flight,3712,1.47,1023.6
Agra,Thiruvananthapuram,flight,6976,4.39,2077.1
Agra,Bhilai,flight,3188,1.04,750.5
Agra,Ujjain,train,277,5.8,497.6
Agra,Durgapur,flight,3531,1.72,1019.1
Agra,Asansol,train,580,13.19,978.6
Agra,Rourkela,train,446,13.25,881.1
Agra,Rourkela,flight,3716,1.12,881.1
Agra,Nellore,flight,4628,2.34,1430.7
Agra,Dehradun,train,209,3.89,349.1
Agra,Davanagere,flight,4884,2.76,1430.0
Agra,Kozhikode,flight,6376,3.88,1785.2
Agra,Akola,train,449,9.18,727.2
Agra,Kurnool,flight,4511,1.93,1261.9
Agra,Nizamabad,train,520,13.05,945.7
Agra,Nizamabad,flight,4131,1.62,945.7
Agra,Guntur,flight,4698,2.05,1234.3
Agra,Amravati,train,370,14.47,694.5
Agra,Kakinada,flight,4682,1.98,1213.8
Agra,Tirupati,flight,5336,1.9,1513.6
Agra,Puri,train,680,13.86,1142.5
Agra,Shimoga,train,752,17.25,1494.6
Agra,Shimoga,flight,5570,2.76,1494.6
Agra,Ongole,flight,4726,2.49,1314.8
Agra,Bathinda,train,263,8.72,450.6
Agra,Bathinda,flight,2426,0.69,450.6
Agra,Darbhanga,train,423,8.89,791.5
Agra,Darbhanga,flight,3041,1.15,791.5
Agra,Satara,flight,3802,1.72,1133.5
Agra,Proddatur,flight,5183,2.14,1382.9
Agra,Kollam,flight,7785,3.18,2038.3
Agra,Ambala,train,250,6.98,375.7
Agra,Siliguri,flight,4397,2.28,1033.9
Agra,Rohtak,train,163,4.52,235.5
Agra,Etawah,train,113,1.27,108.8
Agra,Orai,train,153,4.22,195.5
Agra,Haldwani,train,191,4.83,270.7
Agra,Muzaffarpur,flight,3454,1.41,742.9
Agra,Ramagundam,train,500,10.87,947.5
Agra,Ramagundam,flight,3544,1.27,947.5
Agra,Baripada,flight,3805,1.85,1059.2
Agra,Tezpur,flight,5770,2.11,1466.2
Agra,Korba,train,430,10.44,718.5
Agra,Nagapattinam,flight,6044,2.61,1834.2
Agra,Mahbubnagar,train,615,19.02,1160.3
Agra,Mahbubnagar,flight,4677,1.69,1160.3
Agra,Buxar,train,399,7.2,639.5
Agra,Sagar,train,248,4.34,378.3
Agra,Sagar,flight,2091,0.48,378.3
Agra,Chittoor,flight,5861,2.07,1556.4
Agra,Arrah,train,365,10.75,687.3
Agra,Bharuch,train,440,16.79,790.7
Agra,Balasore,flight,4626,1.62,1102.7
Agra,Jalgaon,train,425,9.91,729.4
Agra,Palakkad,flight,6556,2.37,1828.0
Agra,Unnao,train,186,4.22,255.7
Agra,Bilaspur,train,373,9.02,703.8
Nashik,Mumbai,train,129,1.56,140.1
Nashik,Delhi,flight,3505,2.21,1024.5
Nashik,Bengaluru,train,457,15.43,880.1
Nashik,Bengaluru,flight,3770,1.46,880.1
Nashik,Kolkata,train,806,33.79,1536.2
Nashik,Kolkata,flight,5791,2.74,1536.2
Nashik,Chennai,train,610,13.37,1033.3
Nashik,Chennai,flight,4226,1.72,1033.3
Nashik,Hyderabad,train,370,7.32,573.6
Nashik,Hyderabad,flight,2875,0.83,573.6
Nashik,Pune,train,126,1.85,164.4
Nashik,Ahmedabad,train,214,5.62,359.2
Nashik,Jaipur,train,433,11.16,795.4
Nashik,Surat,train,131,1.89,164.2
Nashik,Surat,flight,1408,0.32,164.2
Nashik,Lucknow,train,580,12.2,1054.6
Nashik,Lucknow,flight,4071,1.38,1054.6
Nashik,Kanpur,flight,3373,1.77,980.2
Nashik,Nagpur,train,364,7.77,566.1
Nashik,Indore,train,228,6.67,370.8
Nashik,Indore,flight,1745,0.71,370.8
Nashik,Thane,train,111,1.68,121.4
Nashik,Bhopal,train,331,8.13,521.3
Nashik,Visakhapatnam,flight,4363,1.56,1024.8
Nashik,Pimpri-Chinchwad,train,123,3.01,152.1
Nashik,Patna,flight,4394,1.75,1318.4
Nashik,Vadodara,train,191,3.95,264.5
Nashik,Ghaziabad,flight,3847,2.19,1033.0
Nashik,Ludhiana,flight,5023,1.87,1230.0
Nashik,Agra,flight,4010,1.48,906.5
Nashik,Faridabad,train,545,11.19,1001.2
Nashik,Faridabad,flight,3541,1.7,1001.2
Nashik,Meerut,flight,3740,2.01,1074.8
Nashik,Rajkot,train,236,4.47,402.2
Nashik,Kalyan,train,95,2.18,109.1
Nashik,Kalyan,flight,1074,0.24,109.1
Nashik,Vasai-Virar,train,106,1.56,120.2
Nashik,Varanasi,flight,4741,1.66,1112.1
Nashik,Srinagar,flight,6203,2.57,1569.5
Nashik,Dhanbad,flight,5519,1.92,1370.2
Nashik,Jodhpur,train,408,13.93,698.4
Nashik,Jodhpur,flight,3325,1.54,698.4
Nashik,Amritsar,flight,5071,1.7,1298.4
Nashik,Nanded,train,246,4.62,381.7
Nashik,Gwalior,train,471,10.51,824.6
Nashik,Kolhapur,train,219,5.85,369.3
Nashik,Kolhapur,flight,2193,0.47,369.3
Nashik,Bhubaneswar,flight,4950,2.7,1256.5
Nashik,Solapur,train,212,6.72,342.3
Nashik,Mangalore,train,464,17.39,795.8
Nashik,Mangalore,flight,3642,1.22,795.8
Nashik,Tiruchirappalli,train,625,22.21,1151.1
Nashik,BiharSharif,flight,5271,2.42,1335.0
Nashik,Aligarh,flight,3939,1.36,980.8
Nashik,Tirunelveli,flight,5384,2.78,1325.2
Nashik,Bhiwandi,train,103,1.46,110.3
Nashik,Saharanpur,flight,4441,1.67,1170.9
Nashik,Gorakhpur,flight,5093,1.9,1233.0
Nashik,Jalandhar,flight,4645,1.86,1272.3
Nashik,Jamshedpur,flight,5096,2.17,1322.0
Nashik,Salem,flight,4201,1.42,1037.0
Nashik,Warangal,train,373,8.8,650.6
Nashik,Mira-Bhayandar,train,104,2.56,126.4
Nashik,Thiruvananthapuram,flight,5165,1.74,1319.9
Nashik,Bhilai,train,420,14.49,806.1
Nashik,Bhilai,flight,3494,1.54,806.1
Nashik,Ujjain,train,276,6.69,409.5
Nashik,Durgapur,flight,5625,3.06,1449.6
Nashik,Asansol,flight,4918,2.51,1418.7
Nashik,Rourkela,train,584,16.95,1174.5
Nashik,Rourkela,flight,4388,1.97,1174.5
Nashik,Nellore,flight,3478,1.45,902.3
Nashik,Dehradun,flight,4352,2.3,1224.0
Nashik,Davanagere,train,370,11.08,655.5
Nashik,Kozhikode,flight,3532,1.27,994.8
Nashik,Akola,train,239,4.43,344.3
Nashik,Kurnool,train,407,13.26,645.6
Nashik,Kurnool,flight,2552,1.04,645.6
Nashik,Nizamabad,flight,2383,1.05,475.0
Nashik,Guntur,flight,3643,1.5,813.2
Nashik,Amravati,train,262,5.56,427.3
Nashik,Kakinada,train,526,10.73,952.4
Nashik,Tirupati,flight,3707,1.64,927.4
Nashik,Puri,flight,4279,1.77,1258.8
Nashik,Shimoga,train,375,13.6,700.7
Nashik,Ongole,train,486,9.92,829.8
Nashik,Ongole,flight,3259,1.27,829.8
Nashik,Bathinda,flight,4768,2.05,1141.6
Nashik,Darbhanga,flight,5598,2.9,1413.6
Nashik,Satara,train,182,3.93,258.6
Nashik,Proddatur,train,422,10.95,771.6
Nashik,Kollam,flight,5272,2.39,1271.5
Nashik,Ambala,train,668,15.75,1192.6
Nashik,Ambala,flight,4287,2.42,1192.6
Nashik,Siliguri,flight,6389,3.27,1668.5
Nashik,Rohtak,flight,4089,2.05,1029.5
Nashik,Etawah,flight,3417,1.37,923.9
Nashik,Orai,train,449,18.93,883.4
Nashik,Haldwani,train,674,22.47,1176.8
Nashik,Muzaffarpur,flight,5056,1.82,1367.2
Nashik,Ramagundam,train,388,10.2,620.0
Nashik,Ramagundam,flight,2696,0.78,620.0
Nashik,Baripada,flight,5543,1.73,1361.9
Nashik,Tezpur,flight,6617,4.24,2073.7
Nashik,Korba,train,570,11.16,965.2
Nashik,Nagapattinam,flight,4351,1.56,1213.3
Nashik,Mahbubnagar,train,348,6.44,571.8
Nashik,Mahbubnagar,flight,2490,0.92,571.8
Nashik,Buxar,flight,4956,1.79,1230.5
Nashik,Sagar,train,354,10.92,665.4
Nashik,Chittoor,flight,3374,1.43,942.4
Nashik,Arrah,flight,4407,1.93,1274.5
Nashik,Bharuch,train,153,3.11,206.2
Nashik,Balasore,flight,4952,1.77,1376.2
Nashik,Jalgaon,train,169,4.48,216.1
Nashik,Jalgaon,flight,1464,0.35,216.1
Nashik,Palakkad,train,641,14.94,1069.1
Nashik,Unnao,train,564,16.99,997.8
Nashik,Unnao,flight,3698,1.43,997.8
Nashik,Bilaspur,flight,3158,1.99,896.7
Faridabad,Mumbai,train,665,14.45,1131.6
Faridabad,Mumbai,flight,4405,1.75,1131.6
Faridabad,Delhi,train,70,0.68,39.0
Faridabad,Bengaluru,flight,5929,2.4,1716.8
Faridabad,Kolkata,train,740,17.85,1283.7
Faridabad,Kolkata,flight,4951,2.32,1283.7
Faridabad,Chennai,flight,5770,3.83,1731.4
Faridabad,Hyderabad,flight,4920,2.1,1231.6
Faridabad,Pune,train,653,20.52,1154.6
Faridabad,Ahmedabad,train,404,14.06,764.5
Faridabad,Ahmedabad,flight,3366,1.29,764.5
Faridabad,Jaipur,train,153,4.62,224.5
Faridabad,Jaipur,flight,1469,0.28,224.5
Faridabad,Surat,flight,3997,1.72,923.3
Faridabad,Lucknow,train,259,4.5,397.4
Faridabad,Lucknow,flight,2221,0.71,397.4
Faridabad,Kanpur,train,233,6.82,368.7
Faridabad,Nagpur,train,503,14.85,827.1
Faridabad,Nagpur,flight,2961,1.75,827.1
Faridabad,Indore,train,390,8.79,649.3
Faridabad,Indore,flight,2884,0.94,649.3
Faridabad,Thane,train,645,18.05,1112.9
Faridabad,Thane,flight,4445,1.94,1112.9
Faridabad,Bhopal,train,353,11.4,572.6
Faridabad,Visakhapatnam,flight,5313,2.52,1335.8
Faridabad,Pimpri-Chinchwad,train,591,12.87,1144.8
Faridabad,Patna,flight,3290,1.23,835.3
Faridabad,Vadodara,train,430,17.33,795.5
Faridabad,Ghaziabad,train,72,0.62,31.8
Faridabad,Ludhiana,train,200,6.54,311.0
Faridabad,Agra,train,125,3.3,152.9
Faridabad,Nashik,flight,4197,2.16,1001.2
Faridabad,Meerut,train,80,0.94,74.4
Faridabad,Rajkot,flight,4101,1.71,942.7
Faridabad,Kalyan,train,654,12.8,1104.8
Faridabad,Kalyan,flight,4280,2.0,1104.8
Faridabad,Vasai-Virar,flight,4669,1.98,1100.9
Faridabad,Varanasi,train,379,8.03,657.8
Faridabad,Varanasi,flight,2548,1.22,657.8
Faridabad,Srinagar,train,398,8.78,674.9
Faridabad,Srinagar,flight,3231,0.93,674.9
Faridabad,Dhanbad,train,575,17.52,1044.0
Faridabad,Dhanbad,flight,4476,1.93,1044.0
Faridabad,Jodhpur,train,297,6.7,487.9
Faridabad,Jodhpur,flight,2321,0.61,487.9
Faridabad,Amritsar,train,263,6.88,429.0
Faridabad,Nanded,train,511,19.01,1029.1
Faridabad,Gwalior,train,182,3.11,258.1
Faridabad,Kolhapur,flight,4503,2.82,1339.0
Faridabad,Bhubaneswar,flight,4922,1.65,1246.7
Faridabad,Solapur,flight,4490,1.83,1203.9
Faridabad,Mangalore,flight,5744,2.81,1741.7
Faridabad,Tiruchirappalli,flight,6997,2.58,1964.4
Faridabad,BiharSharif,train,516,13.57,888.4
Faridabad,BiharSharif,flight,3500,1.89,888.4
Faridabad,Aligarh,train,100,1.06,94.5
Faridabad,Tirunelveli,flight,7024,4.29,2190.5
Faridabad,Bhiwandi,train,647,16.12,1103.0
Faridabad,Saharanpur,train,147,3.85,174.3
Faridabad,Saharanpur,flight,1471,0.23,174.3
Faridabad,Gorakhpur,train,379,9.64,624.2
Faridabad,Jalandhar,train,214,5.23,365.2
Faridabad,Jalandhar,flight,1833,0.6,365.2
Faridabad,Jamshedpur,train,570,14.94,1086.6
Faridabad,Salem,flight,6926,2.62,1863.9
Faridabad,Warangal,flight,4320,1.99,1183.9
Faridabad,Mira-Bhayandar,flight,4611,2.14,1111.7
Faridabad,Thiruvananthapuram,flight,6965,2.8,2211.4
Faridabad,Bhilai,train,496,16.55,903.3
Faridabad,Ujjain,train,346,8.0,601.4
Faridabad,Durgapur,train,583,14.5,1136.8
Faridabad,Durgapur,flight,4036,1.88,1136.8
Faridabad,Asansol,flight,4059,1.44,1096.3
Faridabad,Rourkela,train,552,14.41,1019.8
Faridabad,Nellore,flight,6140,2.22,1577.2
Faridabad,Dehradun,train,154,3.7,223.1
Faridabad,Davanagere,flight,4958,3.38,1557.2
Faridabad,Kozhikode,flight,6925,2.67,1913.7
Faridabad,Akola,flight,3443,1.35,857.7
Faridabad,Kurnool,flight,5060,3.0,1400.9
Faridabad,Nizamabad,train,625,21.51,1085.5
Faridabad,Guntur,flight,5002,2.85,1383.2
Faridabad,Amravati,train,502,15.24,832.4
Faridabad,Amravati,flight,3574,1.13,832.4
Faridabad,Kakinada,flight,4737,2.34,1366.3
Faridabad,Tirupati,flight,5436,2.28,1657.8
Faridabad,Puri,flight,5108,1.95,1287.5
Faridabad,Shimoga,flight,5340,2.3,1620.1
Faridabad,Ongole,flight,5544,2.29,1462.0
Faridabad,Bathinda,train,189,3.95,305.0
Faridabad,Darbhanga,train,528,19.42,883.4
Faridabad,Darbhanga,flight,3491,1.21,883.4
Faridabad,Satara,flight,4362,1.64,1240.3
Faridabad,Proddatur,flight,5908,2.22,1524.1
Faridabad,Kollam,flight,7873,3.79,2171.3
Faridabad,Ambala,train,153,2.88,225.2
Faridabad,Siliguri,flight,4201,1.41,1111.0
Faridabad,Rohtak,train,85,1.26,88.0
Faridabad,Etawah,train,179,3.6,246.1
Faridabad,Orai,train,219,4.37,342.3
Faridabad,Haldwani,train,161,2.71,232.0
Faridabad,Muzaffarpur,flight,3374,1.67,837.2
Faridabad,Ramagundam,train,557,13.09,1095.2
Faridabad,Baripada,train,684,16.09,1191.3
Faridabad,Baripada,flight,4942,1.79,1191.3
Faridabad,Tezpur,flight,6219,3.33,1537.2
Faridabad,Korba,train,455,14.2,866.2
Faridabad,Nagapattinam,flight,7405,3.68,1978.7
Faridabad,Mahbubnagar,flight,4971,2.62,1299.1
Faridabad,Buxar,train,412,9.29,748.9
Faridabad,Buxar,flight,3359,1.11,748.9
Faridabad,Sagar,train,336,8.83,527.6
Faridabad,Chittoor,flight,6759,3.0,1699.3
Faridabad,Arrah,train,469,10.55,794.0
Faridabad,Arrah,flight,3408,1.6,794.0
Faridabad,Bharuch,train,502,9.61,862.0
Faridabad,Bharuch,flight,3551,1.45,862.0
Faridabad,Balasore,flight,4737,2.02,1236.6
Faridabad,Jalgaon,flight,3112,1.27,841.8
Faridabad,Palakkad,flight,6820,2.8,1960.7
Faridabad,Unnao,train,233,5.48,375.3
Faridabad,Unnao,flight,1867,0.51,375.3
Faridabad,Bilaspur,flight,3602,1.33,854.4
Meerut,Mumbai,flight,4315,2.29,1205.6
Meerut,Delhi,train,82,0.77,66.6
Meerut,Bengaluru,flight,6774,2.24,1780.6
Meerut,Kolkata,flight,4252,1.87,1282.4
Meerut,Chennai,flight,5962,3.6,1787.9
Meerut,Hyderabad,train,749,22.42,1292.3
Meerut,Hyderabad,flight,5139,1.99,1292.3
Meerut,Pune,flight,4631,1.88,1227.5
Meerut,Ahmedabad,flight,3157,1.82,838.1
Meerut,Jaipur,train,210,4.94,297.7
Meerut,Surat,train,514,14.98,997.7
Meerut,Surat,flight,4306,1.88,997.7
Meerut,Lucknow,train,252,5.1,397.3
Meerut,Kanpur,train,237,7.4,382.4
Meerut,Nagpur,flight,3737,1.27,882.6
Meerut,Indore,train,427,11.83,720.7
Meerut,Thane,train,692,14.61,1186.9
Meerut,Bhopal,train,377,10.49,637.2
Meerut,Bhopal,flight,2735,0.94,637.2
Meerut,Visakhapatnam,flight,5626,2.16,1375.9
Meerut,Pimpri-Chinchwad,flight,4488,1.74,1217.8
Meerut,Patna,flight,3537,1.16,825.2
Meerut,Vadodara,train,487,9.77,869.8
Meerut,Ghaziabad,train,68,0.88,42.8
Meerut,Ludhiana,train,182,4.0,277.8
Meerut,Agra,train,139,2.27,203.2
Meerut,Nashik,train,636,21.31,1074.8
Meerut,Nashik,flight,4256,2.19,1074.8
Meerut,Faridabad,train,86,1.14,74.4
Meerut,Rajkot,flight,4077,1.31,1014.8
Meerut,Kalyan,flight,4960,1.47,1178.7
Meerut,Vasai-Virar,train,613,20.34,1175.0
Meerut,Vasai-Virar,flight,4024,1.48,1175.0
Meerut,Varanasi,train,365,10.19,661.6
Meerut,Varanasi,flight,2711,1.12,661.6
Meerut,Srinagar,train,369,7.72,630.4
Meerut,Dhanbad,flight,3959,1.63,1042.5
Meerut,Jodhpur,train,356,7.0,553.1
Meerut,Amritsar,train,228,5.67,401.0
Meerut,Amritsar,flight,2045,0.75,401.0
Meerut,Nanded,flight,3923,2.05,1093.8
Meerut,Gwalior,train,220,6.38,311.1
Meerut,Kolhapur,flight,4700,1.99,1410.6
Meerut,Bhubaneswar,flight,4974,2.11,1266.6
Meerut,Solapur,flight,5165,2.3,1272.5
Meerut,Mangalore,flight,5903,3.55,1811.1
Meerut,Tiruchirappalli,flight,6707,2.84,2025.7
Meerut,BiharSharif,train,526,14.98,880.1
Meerut,BiharSharif,flight,3421,1.19,880.1
Meerut,Aligarh,train,117,1.92,126.5
Meerut,Tirunelveli,flight,8003,3.53,2254.0
Meerut,Bhiwandi,flight,4748,1.98,1177.0
Meerut,Saharanpur,train,112,1.67,110.0
Meerut,Gorakhpur,train,374,10.45,609.3
Meerut,Jalandhar,train,200,4.0,331.2
Meerut,Jalandhar,flight,1804,0.63,331.2
Meerut,Jamshedpur,flight,3935,1.4,1092.3
Meerut,Salem,flight,7067,3.4,1926.5
Meerut,Warangal,train,691,21.2,1239.8
Meerut,Mira-Bhayandar,train,684,19.05,1185.8
Meerut,Mira-Bhayandar,flight,4304,1.65,1185.8
Meerut,Thiruvananthapuram,flight,7081,2.87,2276.5
Meerut,Bhilai,train,479,20.82,944.0
Meerut,Bhilai,flight,4015,1.8,944.0
Meerut,Ujjain,train,353,9.73,673.4
Meerut,Durgapur,flight,4789,1.58,1133.6
Meerut,Asansol,flight,4586,1.4,1093.5
Meerut,Rourkela,train,592,15.13,1035.1
Meerut,Rourkela,flight,3551,1.8,1035.1
Meerut,Nellore,flight,5948,3.31,1633.9
Meerut,Dehradun,train,115,2.61,151.4
Meerut,Davanagere,flight,5230,2.03,1625.0
Meerut,Kozhikode,flight,6240,4.37,1981.1
Meerut,Akola,flight,3850,1.89,923.8
Meerut,Kurnool,flight,4898,2.15,1463.3
Meerut,Nizamabad,flight,4357,1.63,1147.3
Meerut,Guntur,flight,4841,2.63,1437.1
Meerut,Amravati,flight,3767,1.52,895.1
Meerut,Kakinada,flight,5533,2.27,1412.1
Meerut,Tirupati,flight,6433,2.36,1716.6
Meerut,Puri,flight,4402,2.29,1309.3
Meerut,Shimoga,flight,5429,2.21,1688.4
Meerut,Ongole,flight,6026,2.26,1517.9
Meerut,Bathinda,flight,1926,0.42,299.7
Meerut,Darbhanga,flight,3301,1.28,865.7
Meerut,Satara,flight,4751,2.13,1312.6
Meerut,Proddatur,flight,5841,2.08,1585.2
Meerut,Kollam,flight,8520,3.43,2237.0
Meerut,Ambala,train,126,3.71,179.1
Meerut,Siliguri,train,616,17.05,1083.6
Meerut,Rohtak,train,96,1.3,107.5
Meerut,Rohtak,flight,1129,0.14,107.5
Meerut,Etawah,train,182,3.79,276.3
Meerut,Orai,train,236,7.86,375.1
Meerut,Orai,flight,1983,0.49,375.1
Meerut,Haldwani,train,141,2.44,177.4
Meerut,Muzaffarpur,flight,3722,1.54,821.4
Meerut,Ramagundam,flight,4180,1.49,1150.6
Meerut,Baripada,flight,4792,1.54,1199.6
Meerut,Tezpur,flight,5694,3.07,1505.0
Meerut,Korba,flight,3826,1.41,893.4
Meerut,Nagapattinam,flight,7711,2.89,2037.3
Meerut,Mahbubnagar,flight,4816,2.02,1361.6
Meerut,Buxar,train,455,14.78,743.3
Meerut,Sagar,flight,2826,0.76,581.3
Meerut,Chittoor,flight,6151,3.07,1759.1
Meerut,Arrah,train,455,10.45,786.1
Meerut,Bharuch,train,483,17.67,936.4
Meerut,Bharuch,flight,3797,1.51,936.4
Meerut,Balasore,flight,4400,1.6,1246.2
Meerut,Jalgaon,flight,3798,1.3,912.8
Meerut,Palakkad,flight,7408,4.49,2026.5
Meerut,Unnao,train,253,7.92,385.7
Meerut,Bilaspur,flight,3622,1.65,887.1
Rajkot,Mumbai,train,247,6.13,418.8
Rajkot,Delhi,flight,3724,1.55,951.6
Rajkot,Bengaluru,flight,4427,1.8,1262.3
Rajkot,Kolkata,flight,6082,2.49,1804.1
Rajkot,Chennai,flight,5507,2.86,1433.3
Rajkot,Hyderabad,train,535,13.54,971.8
Rajkot,Hyderabad,flight,3351,1.78,971.8
Rajkot,Pune,train,317,9.13,527.5
Rajkot,Ahmedabad,train,150,2.8,198.3
Rajkot,Jaipur,flight,2849,0.9,718.6
Rajkot,Surat,train,176,3.2,244.6
Rajkot,Surat,flight,1732,0.39,244.6
Rajkot,Lucknow,train,615,23.88,1142.8
Rajkot,Kanpur,train,622,14.46,1069.2
Rajkot,Kanpur,flight,3749,2.2,1069.2
Rajkot,Nagpur,flight,3649,1.16,865.4
Rajkot,Indore,train,327,5.87,521.3
Rajkot,Thane,train,245,9.06,411.0
Rajkot,Bhopal,train,390,11.95,685.9
Rajkot,Visakhapatnam,flight,5198,2.41,1394.6
Rajkot,Pimpri-Chinchwad,train,281,7.25,514.2
Rajkot,Pimpri-Chinchwad,flight,2522,1.13,514.2
Rajkot,Patna,flight,5920,3.32,1501.1
Rajkot,Vadodara,train,155,5.02,244.7
Rajkot,Ghaziabad,train,487,16.61,972.6
Rajkot,Ghaziabad,flight,3509,1.38,972.6
Rajkot,Ludhiana,train,549,13.91,1079.6
Rajkot,Ludhiana,flight,4133,2.31,1079.6
Rajkot,Agra,flight,3446,1.21,906.9
Rajkot,Nashik,flight,2161,0.58,402.2
Rajkot,Faridabad,flight,3981,1.78,942.7
Rajkot,Meerut,flight,3814,1.53,1014.8
Rajkot,Kalyan,train,257,5.78,418.0
Rajkot,Vasai-Virar,train,254,6.62,386.9
Rajkot,Varanasi,flight,4575,2.75,1282.2
Rajkot,Srinagar,flight,5316,2.34,1366.7
Rajkot,Dhanbad,flight,5413,3.35,1606.8
Rajkot,Jodhpur,train,283,6.53,492.1
Rajkot,Amritsar,train,627,16.38,1112.8
Rajkot,Nanded,train,449,8.48,762.9
Rajkot,Gwalior,train,448,16.21,865.3
Rajkot,Kolhapur,train,443,13.55,719.5
Rajkot,Kolhapur,flight,2666,1.26,719.5
Rajkot,Bhubaneswar,flight,5123,2.05,1571.5
Rajkot,Solapur,train,432,9.29,742.2
Rajkot,Mangalore,train,584,15.46,1128.8
Rajkot,Mangalore,flight,4164,1.42,1128.8
Rajkot,Tiruchirappalli,flight,5990,2.22,1531.5
Rajkot,BiharSharif,flight,5454,2.96,1531.1
Rajkot,Aligarh,flight,3951,1.35,961.4
Rajkot,Tirunelveli,flight,5899,3.73,1683.9
Rajkot,Bhiwandi,train,247,7.75,409.8
Rajkot,Saharanpur,train,615,18.55,1085.1
Rajkot,Gorakhpur,flight,4464,2.37,1363.9
Rajkot,Jalandhar,train,548,17.25,1109.1
Rajkot,Jamshedpur,flight,5935,2.02,1581.8
Rajkot,Salem,flight,5321,2.73,1416.8
Rajkot,Warangal,flight,4267,1.8,1036.4
Rajkot,Mira-Bhayandar,train,272,4.81,398.2
Rajkot,Thiruvananthapuram,flight,5743,3.0,1666.6
Rajkot,Bhilai,flight,4084,2.13,1104.3
Rajkot,Ujjain,train,313,7.0,520.1
Rajkot,Durgapur,flight,6107,3.03,1695.4
Rajkot,Asansol,flight,5843,3.0,1659.8
Rajkot,Rourkela,flight,4764,1.98,1445.3
Rajkot,Nellore,flight,4258,2.9,1304.3
Rajkot,Dehradun,flight,4423,2.12,1145.2
Rajkot,Davanagere,flight,3524,1.65,1025.2
Rajkot,Kozhikode,flight,4922,2.2,1337.2
Rajkot,Akola,train,365,10.6,666.1
Rajkot,Kurnool,train,605,16.75,1046.8
Rajkot,Kurnool,flight,4502,1.51,1046.8
Rajkot,Nizamabad,train,452,13.46,860.0
Rajkot,Nizamabad,flight,3154,1.75,860.0
Rajkot,Guntur,flight,4938,1.77,1210.5
Rajkot,Amravati,train,392,9.15,735.9
Rajkot,Amravati,flight,3015,1.42,735.9
Rajkot,Kakinada,train,774,24.88,1335.6
Rajkot,Kakinada,flight,4337,2.36,1335.6
Rajkot,Tirupati,flight,5288,2.45,1326.3
Rajkot,Puri,flight,6071,2.73,1583.2
Rajkot,Shimoga,flight,3866,1.69,1058.4
Rajkot,Ongole,flight,4346,2.02,1231.3
Rajkot,Bathinda,train,488,17.49,971.2
Rajkot,Bathinda,flight,4084,1.45,971.2
Rajkot,Darbhanga,flight,5211,3.21,1587.7
Rajkot,Satara,train,366,12.16,612.7
Rajkot,Satara,flight,2831,1.01,612.7
Rajkot,Proddatur,flight,4899,2.48,1171.1
Rajkot,Kollam,flight,6047,2.35,1615.2
Rajkot,Ambala,train,566,18.51,1076.8
Rajkot,Ambala,flight,3950,1.75,1076.8
Rajkot,Siliguri,flight,6673,2.55,1847.5
Rajkot,Rohtak,flight,3389,1.74,935.6
Rajkot,Etawah,train,503,15.81,968.3
Rajkot,Etawah,flight,3373,1.26,968.3
Rajkot,Orai,flight,3636,2.15,969.0
Rajkot,Haldwani,train,682,15.88,1162.0
Rajkot,Haldwani,flight,4248,2.22,1162.0
Rajkot,Muzaffarpur,flight,5972,2.6,1538.0
Rajkot,Ramagundam,train,550,11.04,992.2
Rajkot,Baripada,flight,6449,3.28,1642.4
Rajkot,Tezpur,flight,6900,3.05,2274.2
Rajkot,Korba,flight,4815,2.54,1228.7
Rajkot,Nagapattinam,flight,5464,3.21,1602.7
Rajkot,Mahbubnagar,train,536,12.37,973.9
Rajkot,Buxar,flight,5134,2.05,1405.5
Rajkot,Sagar,flight,3048,1.27,829.4
Rajkot,Chittoor,flight,4689,2.93,1338.2
Rajkot,Arrah,flight,5742,2.96,1454.2
Rajkot,Bharuch,train,171,2.74,237.7
Rajkot,Balasore,flight,6182,2.45,1665.8
Rajkot,Jalgaon,train,282,9.19,512.6
Rajkot,Jalgaon,flight,2171,0.84,512.6
Rajkot,Palakkad,flight,4873,2.9,1423.9
Rajkot,Unnao,train,606,15.62,1086.9
Rajkot,Bilaspur,train,660,14.62,1167.2
Kalyan,Mumbai,train,68,0.45,32.1
Kalyan,Delhi,flight,4134,2.14,1127.0
Kalyan,Bengaluru,flight,3425,1.12,844.3
Kalyan,Kolkata,flight,5136,2.11,1624.4
Kalyan,Chennai,train,549,22.47,1024.4
Kalyan,Hyderabad,train,343,7.61,601.8
Kalyan,Pune,train,113,1.41,110.6
Kalyan,Ahmedabad,train,263,9.01,424.7
Kalyan,Ahmedabad,flight,2069,0.82,424.7
Kalyan,Jaipur,flight,3704,1.35,895.4
Kalyan,Surat,train,172,4.66,217.0
Kalyan,Lucknow,flight,4464,2.11,1163.5
Kalyan,Kanpur,train,581,18.7,1089.2
Kalyan,Nagpur,train,382,11.87,656.9
Kalyan,Indore,flight,2559,0.69,479.6
Kalyan,Thane,train,63,0.21,16.1
Kalyan,Bhopal,train,394,12.33,629.9
Kalyan,Visakhapatnam,train,541,22.84,1077.8
Kalyan,Pimpri-Chinchwad,train,109,1.93,97.7
Kalyan,Patna,flight,4993,2.09,1421.2
Kalyan,Vadodara,train,221,4.24,341.2
Kalyan,Ghaziabad,flight,4460,2.34,1136.6
Kalyan,Ludhiana,flight,5039,2.53,1325.4
Kalyan,Agra,flight,4179,1.78,1013.4
Kalyan,Nashik,train,106,1.42,109.1
Kalyan,Faridabad,flight,4322,1.94,1104.8
Kalyan,Meerut,flight,4457,2.41,1178.7
Kalyan,Rajkot,train,280,5.33,418.0
Kalyan,Vasai-Virar,train,65,0.43,34.9
Kalyan,Varanasi,flight,4711,1.77,1217.0
Kalyan,Srinagar,flight,5963,3.32,1658.9
Kalyan,Dhanbad,flight,4868,2.98,1465.3
Kalyan,Jodhpur,train,418,9.11,778.5
Kalyan,Amritsar,flight,5562,2.05,1389.3
Kalyan,Nanded,train,287,5.93,440.2
Kalyan,Gwalior,train,476,17.95,932.9
Kalyan,Gwalior,flight,3737,1.43,932.9
Kalyan,Kolhapur,train,200,5.67,305.5
Kalyan,Bhubaneswar,flight,5429,2.3,1333.2
Kalyan,Solapur,train,226,4.32,341.4
Kalyan,Mangalore,train,449,12.8,727.0
Kalyan,Mangalore,flight,3043,1.02,727.0
Kalyan,Tiruchirappalli,flight,4603,1.91,1113.6
Kalyan,BiharSharif,flight,5472,1.84,1436.2
Kalyan,Aligarh,flight,3733,2.01,1087.0
Kalyan,Tirunelveli,flight,4744,2.74,1272.0
Kalyan,Bhiwandi,train,58,0.15,8.8
Kalyan,Saharanpur,flight,5044,2.32,1273.1
Kalyan,Gorakhpur,flight,5157,1.8,1340.1
Kalyan,Jalandhar,flight,5307,1.94,1366.2
Kalyan,Jamshedpur,flight,4603,2.23,1413.0
Kalyan,Salem,flight,4270,1.4,998.9
Kalyan,Warangal,train,421,13.73,695.6
Kalyan,Mira-Bhayandar,train,71,0.33,29.3
Kalyan,Thiruvananthapuram,flight,4875,2.55,1260.0
Kalyan,Bhilai,train,504,19.73,892.7
Kalyan,Ujjain,train,296,10.08,517.4
Kalyan,Ujjain,flight,2190,0.67,517.4
Kalyan,Durgapur,flight,4909,2.44,1542.7
Kalyan,Asansol,flight,5098,2.09,1512.8
Kalyan,Rourkela,flight,4403,2.59,1264.0
Kalyan,Nellore,train,476,10.53,903.6
Kalyan,Dehradun,flight,5199,1.7,1327.0
Kalyan,Davanagere,train,343,11.19,608.3
Kalyan,Kozhikode,train,478,15.64,931.7
Kalyan,Kozhikode,flight,3875,1.27,931.7
Kalyan,Akola,train,287,4.94,436.5
Kalyan,Akola,flight,2113,0.57,436.5
Kalyan,Kurnool,flight,2495,0.9,643.8
Kalyan,Nizamabad,train,312,6.62,525.8
Kalyan,Nizamabad,flight,2337,0.88,525.8
Kalyan,Guntur,flight,3256,1.1,839.4
Kalyan,Amravati,train,291,7.86,519.7
Kalyan,Kakinada,train,557,17.49,995.3
Kalyan,Kakinada,flight,3443,1.51,995.3
Kalyan,Tirupati,flight,3766,1.49,915.7
Kalyan,Puri,flight,4936,2.07,1332.3
Kalyan,Shimoga,train,389,7.58,644.9
Kalyan,Ongole,train,468,16.57,843.4
Kalyan,Ongole,flight,3236,1.13,843.4
Kalyan,Bathinda,flight,4560,2.11,1233.7
Kalyan,Darbhanga,flight,5690,3.06,1516.9
Kalyan,Satara,train,155,2.3,195.8
Kalyan,Proddatur,train,461,14.31,762.3
Kalyan,Kollam,flight,4641,1.79,1210.0
Kalyan,Ambala,train,651,14.82,1291.9
Kalyan,Ambala,flight,5178,2.57,1291.9
Kalyan,Siliguri,flight,7013,2.64,1770.6
Kalyan,Rohtak,flight,4629,1.51,1130.1
Kalyan,Etawah,train,594,13.68,1032.5
Kalyan,Etawah,flight,4251,1.4,1032.5
Kalyan,Orai,train,541,14.37,992.5
Kalyan,Haldwani,flight,5193,2.17,1284.0
Kalyan,Muzaffarpur,flight,5258,1.97,1471.0
Kalyan,Ramagundam,train,409,8.68,677.7
Kalyan,Ramagundam,flight,2721,1.08,677.7
Kalyan,Baripada,flight,5876,2.33,1448.0
Kalyan,Tezpur,flight,7550,4.35,2172.2
Kalyan,Korba,flight,4333,1.89,1058.1
Kalyan,Nagapattinam,train,623,19.76,1185.2
Kalyan,Mahbubnagar,train,367,7.98,583.6
Kalyan,Buxar,flight,5356,1.84,1334.4
Kalyan,Sagar,train,416,15.82,773.1
Kalyan,Sagar,flight,3280,1.28,773.1
Kalyan,Chittoor,train,523,14.83,924.2
Kalyan,Arrah,flight,5655,1.98,1377.8
Kalyan,Bharuch,train,206,5.75,274.5
Kalyan,Balasore,flight,5656,1.85,1459.8
Kalyan,Jalgaon,train,206,3.94,321.2
Kalyan,Palakkad,train,558,20.08,1013.0
Kalyan,Palakkad,flight,3739,1.51,1013.0
Kalyan,Unnao,train,644,14.74,1106.7
Kalyan,Unnao,flight,4134,2.24,1106.7
Kalyan,Bilaspur,train,499,11.48,988.9
Kalyan,Bilaspur,flight,3686,1.69,988.9
Vasai-Virar,Mumbai,train,63,0.59,35.3
Vasai-Virar,Delhi,flight,4046,1.55,1122.1
Vasai-Virar,Bengaluru,flight,3096,1.23,875.8
Vasai-Virar,Kolkata,flight,6592,2.07,1649.2
Vasai-Virar,Chennai,train,619,13.41,1058.6
Vasai-Virar,Chennai,flight,4499,1.7,1058.6
Vasai-Virar,Hyderabad,train,352,11.62,636.2
Vasai-Virar,Hyderabad,flight,2671,0.95,636.2
Vasai-Virar,Pune,train,127,1.99,144.3
Vasai-Virar,Ahmedabad,flight,1848,0.63,404.8
Vasai-Virar,Jaipur,flight,3177,1.21,888.9
Vasai-Virar,Surat,train,163,3.26,197.8
Vasai-Virar,Lucknow,train,632,25.34,1171.7
Vasai-Virar,Lucknow,flight,4329,1.82,1171.7
Vasai-Virar,Kanpur,train,582,14.93,1097.1
Vasai-Virar,Kanpur,flight,4025,2.16,1097.1
Vasai-Virar,Nagpur,train,413,9.24,680.3
Vasai-Virar,Indore,train,308,9.08,484.8
Vasai-Virar,Thane,train,57,0.29,24.1
Vasai-Virar,Bhopal,train,361,9.75,639.8
Vasai-Virar,Visakhapatnam,flight,4416,1.44,1110.3
Vasai-Virar,Pimpri-Chinchwad,train,120,1.59,131.7
Vasai-Virar,Patna,flight,5404,2.97,1438.3
Vasai-Virar,Vadodara,train,205,5.95,326.2
Vasai-Virar,Vadodara,flight,1609,0.46,326.2
Vasai-Virar,Ghaziabad,train,578,16.5,1132.8
Vasai-Virar,Ghaziabad,flight,4032,1.53,1132.8
Vasai-Virar,Ludhiana,flight,5144,2.33,1315.2
Vasai-Virar,Agra,flight,3542,1.79,1013.6
Vasai-Virar,Nashik,train,103,1.48,120.2
Vasai-Virar,Faridabad,train,543,12.24,1100.9
Vasai-Virar,Faridabad,flight,3829,2.39,1100.9
Vasai-Virar,Meerut,train,673,13.74,1175.0
Vasai-Virar,Meerut,flight,4903,1.74,1175.0
Vasai-Virar,Rajkot,train,226,4.71,386.9
Vasai-Virar,Rajkot,flight,1851,0.81,386.9
Vasai-Virar,Kalyan,train,71,0.43,34.9
Vasai-Virar,Varanasi,flight,5142,1.73,1232.3
Vasai-Virar,Srinagar,flight,6508,2.54,1645.2
Vasai-Virar,Dhanbad,flight,4821,2.74,1487.2
Vasai-Virar,Jodhpur,train,394,13.01,761.7
Vasai-Virar,Amritsar,flight,5495,2.9,1376.5
Vasai-Virar,Nanded,train,269,6.97,471.1
Vasai-Virar,Gwalior,flight,3346,1.86,935.8
Vasai-Virar,Kolhapur,train,199,6.87,333.6
Vasai-Virar,Bhubaneswar,flight,4986,2.53,1361.5
Vasai-Virar,Solapur,train,226,7.79,376.3
Vasai-Virar,Solapur,flight,2089,0.59,376.3
Vasai-Virar,Mangalore,train,390,14.59,751.7
Vasai-Virar,Tiruchirappalli,train,593,13.9,1144.6
Vasai-Virar,Tiruchirappalli,flight,4042,1.62,1144.6
Vasai-Virar,BiharSharif,flight,5790,2.33,1454.5
Vasai-Virar,Aligarh,train,535,21.05,1086.1
Vasai-Virar,Aligarh,flight,3939,2.07,1086.1
Vasai-Virar,Tirunelveli,flight,4327,2.17,1299.9
Vasai-Virar,Bhiwandi,train,65,0.3,26.1
Vasai-Virar,Saharanpur,flight,4929,1.64,1267.8
Vasai-Virar,Gorakhpur,flight,4872,2.23,1352.7
Vasai-Virar,Jalandhar,train,790,28.71,1355.1
Vasai-Virar,Jalandhar,flight,5268,1.76,1355.1
Vasai-Virar,Jamshedpur,train,778,23.65,1436.7
Vasai-Virar,Jamshedpur,flight,5158,2.1,1436.7
Vasai-Virar,Salem,flight,4282,1.68,1029.9
Vasai-Virar,Warangal,train,425,10.6,728.8
Vasai-Virar,Mira-Bhayandar,train,60,0.15,12.5
Vasai-Virar,Thiruvananthapuram,flight,5032,2.59,1286.4
Vasai-Virar,Bhilai,train,545,14.2,917.8
Vasai-Virar,Ujjain,train,305,11.31,520.1
Vasai-Virar,Durgapur,flight,5719,2.23,1565.6
Vasai-Virar,Asansol,flight,5011,3.34,1535.2
Vasai-Virar,Rourkela,train,638,18.62,1288.3
Vasai-Virar,Rourkela,flight,4910,1.61,1288.3
Vasai-Virar,Nellore,flight,3902,1.48,938.2
Vasai-Virar,Dehradun,flight,4501,1.93,1322.5
Vasai-Virar,Davanagere,train,384,7.17,638.3
Vasai-Virar,Kozhikode,flight,3914,1.47,957.6
Vasai-Virar,Akola,train,281,6.14,459.0
Vasai-Virar,Akola,flight,2353,0.86,459.0
Vasai-Virar,Kurnool,train,392,12.92,678.4
Vasai-Virar,Kurnool,flight,3135,1.38,678.4
Vasai-Virar,Nizamabad,train,299,8.54,558.1
Vasai-Virar,Guntur,train,452,15.32,874.0
Vasai-Virar,Amravati,flight,2448,0.74,542.3
Vasai-Virar,Kakinada,flight,4004,1.86,1028.9
Vasai-Virar,Tirupati,train,518,17.35,949.7
Vasai-Virar,Puri,flight,5090,2.01,1361.3
Vasai-Virar,Shimoga,train,421,8.67,673.2
Vasai-Virar,Ongole,flight,3414,1.69,878.2
Vasai-Virar,Bathinda,flight,4134,2.12,1221.7
Vasai-Virar,Darbhanga,flight,6048,2.1,1533.6
Vasai-Virar,Satara,train,172,4.07,225.8
Vasai-Virar,Proddatur,train,475,12.84,796.5
Vasai-Virar,Kollam,flight,5181,1.55,1236.0
Vasai-Virar,Ambala,flight,5013,2.84,1284.3
Vasai-Virar,Siliguri,flight,5614,3.89,1788.4
Vasai-Virar,Rohtak,train,617,13.72,1123.6
Vasai-Virar,Rohtak,flight,3986,1.58,1123.6
Vasai-Virar,Etawah,flight,4244,1.34,1036.4
Vasai-Virar,Orai,flight,3439,1.78,999.5
Vasai-Virar,Haldwani,flight,5166,1.94,1284.4
Vasai-Virar,Muzaffarpur,flight,5468,2.36,1487.3
Vasai-Virar,Ramagundam,train,397,8.71,709.2
Vasai-Virar,Baripada,flight,5004,2.14,1473.5
Vasai-Virar,Tezpur,flight,7093,2.82,2192.4
Vasai-Virar,Korba,flight,4335,2.13,1080.9
Vasai-Virar,Nagapattinam,flight,4416,2.13,1217.5
Vasai-Virar,Mahbubnagar,train,341,12.63,618.5
Vasai-Virar,Mahbubnagar,flight,2802,0.9,618.5
Vasai-Virar,Buxar,flight,4529,2.39,1350.6
Vasai-Virar,Sagar,train,439,10.16,784.9
Vasai-Virar,Chittoor,flight,3763,1.76,957.7
Vasai-Virar,Arrah,flight,4726,2.54,1394.5
Vasai-Virar,Bharuch,train,178,4.96,258.0
Vasai-Virar,Balasore,flight,5291,1.86,1486.2
Vasai-Virar,Jalgaon,train,212,5.94,336.2
Vasai-Virar,Jalgaon,flight,1738,0.68,336.2
Vasai-Virar,Palakkad,train,543,22.61,1040.6
Vasai-Virar,Unnao,flight,4138,2.19,1114.7
Vasai-Virar,Bilaspur,train,568,22.1,1012.0
Varanasi,Mumbai,flight,4809,1.8,1249.1
Varanasi,Delhi,train,358,12.02,692.7
Varanasi,Bengaluru,flight,5450,3.21,1484.0
Varanasi,Kolkata,train,369,13.35,627.0
Varanasi,Chennai,flight,4670,2.22,1389.6
Varanasi,Hyderabad,flight,3911,1.39,996.7
Varanasi,Pune,flight,4020,2.34,1205.8
Varanasi,Ahmedabad,flight,4577,2.1,1085.4
Varanasi,Jaipur,flight,2996,0.93,739.0
Varanasi,Surat,train,673,15.71,1133.8
Varanasi,Surat,flight,4684,2.14,1133.8
Varanasi,Lucknow,train,167,4.64,264.4
Varanasi,Kanpur,train,184,5.35,292.8
Varanasi,Nagpur,train,331,10.05,610.5
Varanasi,Nagpur,flight,2700,1.07,610.5
Varanasi,Indore,train,458,15.2,778.2
Varanasi,Thane,flight,5002,1.9,1231.3
Varanasi,Bhopal,train,329,8.37,608.2
Varanasi,Bhopal,flight,2635,1.18,608.2
Varanasi,Visakhapatnam,flight,3340,1.48,848.9
Varanasi,Pimpri-Chinchwad,flight,4404,1.79,1202.6
Varanasi,Patna,train,147,3.06,219.4
Varanasi,Patna,flight,1622,0.48,219.4
Varanasi,Vadodara,flight,4395,2.27,1050.6
Varanasi,Ghaziabad,train,402,8.15,661.7
Varanasi,Ludhiana,flight,3659,1.18,933.7
Varanasi,Agra,train,313,7.69,536.6
Varanasi,Nashik,train,550,16.63,1112.1
Varanasi,Nashik,flight,4650,2.15,1112.1
Varanasi,Faridabad,train,398,12.32,657.8
Varanasi,Faridabad,flight,3189,0.98,657.8
Varanasi,Meerut,train,370,11.38,661.6
Varanasi,Meerut,flight,2508,1.31,661.6
Varanasi,Rajkot,flight,4263,2.31,1282.2
Varanasi,Kalyan,flight,4604,2.15,1217.0
Varanasi,Vasai-Virar,train,655,17.7,1232.3
Varanasi,Vasai-Virar,flight,4920,2.37,1232.3
Varanasi,Srinagar,flight,4383,2.07,1253.5
Varanasi,Dhanbad,train,228,4.67,388.4
Varanasi,Jodhpur,train,561,21.09,1001.2
Varanasi,Jodhpur,flight,4094,1.37,1001.2
Varanasi,Amritsar,flight,3740,2.08,1057.8
Varanasi,Nanded,flight,3842,1.81,898.8
Varanasi,Gwalior,flight,2166,0.75,490.1
Varanasi,Kolhapur,flight,5303,2.52,1317.6
Varanasi,Bhubaneswar,train,363,9.42,630.1
Varanasi,Solapur,train,581,24.2,1121.8
Varanasi,Mangalore,flight,6482,2.05,1620.4
Varanasi,Tiruchirappalli,flight,6270,2.1,1676.8
Varanasi,BiharSharif,train,173,4.72,256.3
Varanasi,BiharSharif,flight,1718,0.33,256.3
Varanasi,Aligarh,train,322,11.3,564.0
Varanasi,Tirunelveli,flight,7154,3.26,1927.1
Varanasi,Bhiwandi,flight,4300,2.38,1220.1
Varanasi,Saharanpur,train,390,9.77,743.2
Varanasi,Gorakhpur,train,136,2.45,165.3
Varanasi,Jalandhar,flight,3554,1.38,984.7
Varanasi,Jamshedpur,train,259,4.93,430.7
Varanasi,Salem,flight,5486,3.22,1600.8
Varanasi,Warangal,train,490,14.88,888.5
Varanasi,Warangal,flight,3642,1.27,888.5
Varanasi,Mira-Bhayandar,flight,4956,1.99,1238.1
Varanasi,Thiruvananthapuram,flight,6614,2.98,1973.7
Varanasi,Bhilai,train,270,5.78,485.2
Varanasi,Bhilai,flight,2592,0.8,485.2
Varanasi,Ujjain,train,404,9.69,766.5
Varanasi,Durgapur,train,310,5.95,482.5
Varanasi,Asansol,train,271,5.28,442.0
Varanasi,Rourkela,train,262,4.86,390.0
Varanasi,Rourkela,flight,1826,0.84,390.0
Varanasi,Nellore,flight,4779,2.75,1248.8
Varanasi,Dehradun,train,418,10.26,738.1
Varanasi,Davanagere,flight,5101,3.13,1413.4
Varanasi,Kozhikode,flight,6120,2.99,1736.9
Varanasi,Akola,train,467,10.49,797.6
Varanasi,Kurnool,flight,4454,1.52,1173.3
Varanasi,Nizamabad,train,525,12.82,893.7
Varanasi,Guntur,train,595,22.59,1036.0
Varanasi,Guntur,flight,4135,1.64,1036.0
Varanasi,Amravati,train,421,11.56,721.6
Varanasi,Kakinada,flight,3566,1.42,929.1
Varanasi,Tirupati,flight,4973,2.61,1351.9
Varanasi,Puri,train,414,7.84,678.6
Varanasi,Puri,flight,3215,1.02,678.6
Varanasi,Shimoga,flight,4791,2.5,1484.0
Varanasi,Ongole,flight,4438,1.47,1132.6
Varanasi,Bathinda,flight,3807,1.77,958.7
Varanasi,Darbhanga,train,189,3.51,306.7
Varanasi,Darbhanga,flight,1585,0.4,306.7
Varanasi,Satara,flight,5084,1.98,1257.9
Varanasi,Proddatur,flight,4588,1.6,1262.3
Varanasi,Kollam,flight,6708,4.02,1946.3
Varanasi,Ambala,flight,3451,1.05,829.1
Varanasi,Siliguri,train,323,10.5,566.5
Varanasi,Rohtak,train,449,12.09,745.1
Varanasi,Etawah,train,263,7.75,427.8
Varanasi,Etawah,flight,2035,0.74,427.8
Varanasi,Orai,train,242,5.04,360.1
Varanasi,Orai,flight,1838,0.65,360.1
Varanasi,Haldwani,train,337,7.07,552.4
Varanasi,Muzaffarpur,flight,1614,0.4,258.0
Varanasi,Ramagundam,train,410,10.14,808.1
Varanasi,Baripada,train,342,11.55,538.9
Varanasi,Tezpur,train,521,13.74,992.3
Varanasi,Tezpur,flight,4248,1.25,992.3
Varanasi,Korba,train,224,6.61,330.0
Varanasi,Korba,flight,1699,0.63,330.0
Varanasi,Nagapattinam,flight,5668,2.84,1650.7
Varanasi,Mahbubnagar,train,575,14.56,1084.7
Varanasi,Mahbubnagar,flight,3687,2.31,1084.7
Varanasi,Buxar,train,109,1.46,123.3
Varanasi,Sagar,train,294,5.58,458.8
Varanasi,Chittoor,flight,5601,2.09,1405.3
Varanasi,Arrah,train,133,2.12,172.2
Varanasi,Bharuch,flight,4367,2.17,1091.5
Varanasi,Balasore,train,367,8.23,586.7
Varanasi,Balasore,flight,2863,1.02,586.7
Varanasi,Jalgaon,flight,3495,1.7,896.2
Varanasi,Palakkad,flight,6828,2.19,1747.5
Varanasi,Unnao,train,205,3.72,283.5
Varanasi,Unnao,flight,1498,0.57,283.5
Varanasi,Bilaspur,train,231,6.54,369.9
Varanasi,Bilaspur,flight,1781,0.6,369.9
Srinagar,Mumbai,flight,5684,2.75,1679.6
Srinagar,Delhi,train,378,9.28,636.9
Srinagar,Bengaluru,flight,7504,5.03,2364.5
Srinagar,Kolkata,flight,6538,2.57,1840.8
Srinagar,Chennai,flight,7241,3.49,2399.7
Srinagar,Hyderabad,flight,6986,2.48,1892.8
Srinagar,Pune,flight,6004,2.98,1733.1
Srinagar,Ahmedabad,flight,4198,2.22,1248.9
Srinagar,Jaipur,train,476,13.46,803.0
Srinagar,Jaipur,flight,3210,1.03,803.0
Srinagar,Surat,flight,4978,1.82,1448.8
Srinagar,Lucknow,flight,3779,1.74,996.9
Srinagar,Kanpur,train,507,12.49,1001.1
Srinagar,Nagpur,flight,5973,2.22,1499.0
Srinagar,Indore,flight,5164,1.88,1267.9
Srinagar,Thane,flight,6321,2.69,1662.7
Srinagar,Bhopal,flight,4722,1.95,1230.1
Srinagar,Visakhapatnam,flight,6734,3.28,2006.3
Srinagar,Pimpri-Chinchwad,flight,6510,2.32,1721.2
Srinagar,Patna,flight,5378,1.9,1371.7
Srinagar,Vadodara,flight,5441,2.69,1319.0
Srinagar,Ghaziabad,train,358,9.77,652.7
Srinagar,Ludhiana,train,251,7.62,367.6
Srinagar,Ludhiana,flight,1913,0.51,367.6
Srinagar,Agra,train,433,10.7,827.0
Srinagar,Agra,flight,3519,1.79,827.0
Srinagar,Nashik,flight,5314,2.77,1569.5
Srinagar,Faridabad,train,382,13.71,674.9
Srinagar,Meerut,flight,2621,1.29,630.4
Srinagar,Rajkot,flight,4818,1.85,1366.7
Srinagar,Kalyan,flight,5732,2.68,1658.9
Srinagar,Vasai-Virar,flight,5412,2.8,1645.2
Srinagar,Varanasi,flight,5056,1.83,1253.5
Srinagar,Dhanbad,flight,6028,2.01,1607.0
Srinagar,Jodhpur,flight,3334,1.64,888.7
Srinagar,Amritsar,train,189,3.42,272.5
Srinagar,Nanded,flight,5993,2.34,1678.8
Srinagar,Gwalior,flight,3391,1.98,933.0
Srinagar,Kolhapur,flight,6306,2.79,1933.3
Srinagar,Bhubaneswar,flight,6481,2.54,1878.5
Srinagar,Solapur,flight,6458,3.41,1829.6
Srinagar,Mangalore,flight,8434,3.73,2354.0
Srinagar,Tiruchirappalli,flight,8967,4.28,2620.4
Srinagar,BiharSharif,flight,5822,2.56,1429.8
Srinagar,Aligarh,train,444,8.62,755.9
Srinagar,Tirunelveli,flight,9757,3.63,2837.2
Srinagar,Bhiwandi,flight,5420,3.35,1654.7
Srinagar,Saharanpur,train,290,5.98,526.3
Srinagar,Saharanpur,flight,2406,0.92,526.3
Srinagar,Gorakhpur,flight,4669,2.2,1156.3
Srinagar,Jalandhar,train,189,4.81,315.2
Srinagar,Jamshedpur,flight,5801,2.1,1675.7
Srinagar,Salem,flight,8148,4.35,2516.0
Srinagar,Warangal,flight,7014,3.73,1854.2
Srinagar,Mira-Bhayandar,flight,6173,3.67,1657.3
Srinagar,Thiruvananthapuram,flight,8661,4.12,2850.5
Srinagar,Bhilai,flight,5786,2.46,1574.3
Srinagar,Ujjain,flight,4881,2.45,1216.3
Srinagar,Durgapur,flight,5298,2.71,1690.3
Srinagar,Asansol,flight,5487,3.67,1652.3
Srinagar,Rourkela,flight,6096,2.45,1641.1
Srinagar,Nellore,flight,8351,2.98,2245.5
Srinagar,Dehradun,train,305,11.4,517.7
Srinagar,Dehradun,flight,2125,0.76,517.7
Srinagar,Davanagere,flight,7066,2.84,2184.5
Srinagar,Kozhikode,flight,9312,5.17,2540.0
Srinagar,Akola,flight,5805,2.23,1503.9
Srinagar,Kurnool,flight,6821,4.11,2055.7
Srinagar,Nizamabad,flight,6597,3.71,1744.5
Srinagar,Guntur,flight,6481,3.54,2055.5
Srinagar,Amravati,flight,5921,2.13,1491.0
Srinagar,Kakinada,flight,7846,2.82,2040.8
Srinagar,Tirupati,flight,7261,3.15,2321.7
Srinagar,Puri,flight,6062,3.42,1924.1
Srinagar,Shimoga,flight,7383,3.8,2242.3
Srinagar,Ongole,flight,7089,4.29,2131.8
Srinagar,Bathinda,flight,2279,0.94,430.9
Srinagar,Darbhanga,flight,5325,1.73,1382.6
Srinagar,Satara,flight,5987,2.47,1825.8
Srinagar,Proddatur,flight,7534,4.67,2182.6
Srinagar,Kollam,flight,9440,4.03,2807.2
Srinagar,Ambala,train,251,5.16,452.1
Srinagar,Siliguri,flight,5320,1.94,1541.0
Srinagar,Rohtak,train,383,10.77,601.8
Srinagar,Etawah,flight,3946,1.98,906.4
Srinagar,Orai,train,499,20.96,1005.2
Srinagar,Orai,flight,3898,1.68,1005.2
Srinagar,Haldwani,train,396,12.67,701.1
Srinagar,Muzaffarpur,flight,4637,1.84,1348.4
Srinagar,Ramagundam,flight,6739,2.91,1766.3
Srinagar,Baripada,flight,7066,2.52,1787.5
Srinagar,Tezpur,flight,6015,2.75,1910.1
Srinagar,Korba,flight,5174,2.29,1517.7
Srinagar,Nagapattinam,flight,7904,3.73,2642.4
Srinagar,Mahbubnagar,flight,6774,3.22,1954.4
Srinagar,Buxar,flight,4332,1.65,1308.3
Srinagar,Sagar,flight,4383,1.84,1201.6
Srinagar,Chittoor,flight,7284,5.16,2360.6
Srinagar,Arrah,flight,5449,2.8,1342.0
Srinagar,Bharuch,flight,5007,1.91,1387.4
Srinagar,Balasore,flight,6726,3.49,1836.9
Srinagar,Jalgaon,flight,5251,1.83,1455.9
Srinagar,Palakkad,flight,8181,3.51,2597.4
Srinagar,Unnao,train,595,15.24,1000.6
Srinagar,Unnao,flight,4154,1.79,1000.6
Srinagar,Bilaspur,train,821,19.5,1515.5
Srinagar,Bilaspur,flight,5274,2.91,1515.5
Dhanbad,Mumbai,flight,4910,2.62,1496.8
Dhanbad,Delhi,flight,3716,1.59,1077.9
Dhanbad,Bengaluru,flight,4832,2.55,1521.3
Dhanbad,Kolkata,train,161,3.33,239.9
Dhanbad,Kolkata,flight,1738,0.48,239.9
Dhanbad,Chennai,flight,5191,2.39,1356.3
Dhanbad,Hyderabad,flight,4415,1.91,1091.2
Dhanbad,Pune,flight,4933,2.63,1428.8
Dhanbad,Ahmedabad,flight,5157,2.19,1416.3
Dhanbad,Jaipur,flight,4252,2.22,1123.7
Dhanbad,Surat,flight,5465,1.87,1426.8
Dhanbad,Lucknow,train,351,8.2,647.1
Dhanbad,Kanpur,train,396,9.92,681.1
Dhanbad,Kanpur,flight,3003,1.51,681.1
Dhanbad,Nagpur,flight,3461,1.26,809.8
Dhanbad,Indore,flight,4657,1.78,1086.4
Dhanbad,Thane,flight,5230,1.91,1480.9
Dhanbad,Bhopal,flight,3553,1.17,921.1
Dhanbad,Visakhapatnam,train,440,12.26,756.8
Dhanbad,Pimpri-Chinchwad,flight,5281,2.05,1428.9
Dhanbad,Patna,train,155,3.72,238.8
Dhanbad,Patna,flight,1527,0.35,238.8
Dhanbad,Vadodara,flight,5355,1.8,1365.2
Dhanbad,Ghaziabad,flight,4236,1.64,1046.0
Dhanbad,Ludhiana,flight,5167,1.76,1308.3
Dhanbad,Agra,train,504,11.94,924.9
Dhanbad,Nashik,flight,5270,1.89,1370.2
Dhanbad,Faridabad,flight,3678,2.09,1044.0
Dhanbad,Meerut,train,559,19.37,1042.5
Dhanbad,Rajkot,flight,6317,3.28,1606.8
Dhanbad,Kalyan,flight,5351,1.85,1465.3
Dhanbad,Vasai-Virar,flight,5258,2.02,1487.2
Dhanbad,Varanasi,train,242,8.16,388.4
Dhanbad,Varanasi,flight,2213,0.53,388.4
Dhanbad,Srinagar,flight,5876,3.35,1607.0
Dhanbad,Jodhpur,flight,5139,2.19,1377.2
Dhanbad,Amritsar,flight,5401,1.98,1431.6
Dhanbad,Nanded,flight,4211,1.71,1074.2
Dhanbad,Gwalior,train,525,11.99,873.5
Dhanbad,Kolhapur,flight,5122,2.45,1494.7
Dhanbad,Bhubaneswar,train,235,5.39,394.1
Dhanbad,Solapur,flight,4608,1.92,1288.9
Dhanbad,Mangalore,flight,5957,3.08,1717.5
Dhanbad,Tiruchirappalli,flight,6225,2.71,1661.4
Dhanbad,BiharSharif,train,144,2.65,181.3
Dhanbad,Aligarh,flight,3473,1.32,950.9
Dhanbad,Tirunelveli,flight,5934,2.61,1914.0
Dhanbad,Bhiwandi,flight,5710,2.0,1470.2
Dhanbad,Saharanpur,train,589,14.93,1115.9
Dhanbad,Saharanpur,flight,4261,2.32,1115.9
Dhanbad,Gorakhpur,train,268,8.67,450.7
Dhanbad,Jalandhar,flight,4909,2.04,1357.3
Dhanbad,Jamshedpur,train,103,1.51,112.6
Dhanbad,Salem,flight,5787,2.39,1608.0
Dhanbad,Warangal,flight,3866,1.42,961.0
Dhanbad,Mira-Bhayandar,flight,4967,2.29,1490.4
Dhanbad,Thiruvananthapuram,train,979,29.87,1975.8
Dhanbad,Bhilai,train,350,7.3,589.7
Dhanbad,Ujjain,train,538,19.45,1087.6
Dhanbad,Ujjain,flight,3802,1.63,1087.6
Dhanbad,Durgapur,train,107,1.16,94.9
Dhanbad,Asansol,train,71,0.75,55.0
Dhanbad,Rourkela,train,176,3.31,234.9
Dhanbad,Nellore,flight,4186,2.33,1240.4
Dhanbad,Dehradun,flight,4160,1.6,1102.6
Dhanbad,Davanagere,flight,5967,2.6,1513.7
Dhanbad,Kozhikode,flight,6743,3.0,1792.1
Dhanbad,Akola,flight,4269,1.61,1028.8
Dhanbad,Kurnool,flight,4377,2.18,1246.6
Dhanbad,Nizamabad,flight,4195,1.33,1034.5
Dhanbad,Guntur,flight,3619,1.53,1041.5
Dhanbad,Amravati,train,525,15.04,945.6
Dhanbad,Kakinada,flight,3601,1.22,873.3
Dhanbad,Tirupati,flight,5133,1.97,1349.6
Dhanbad,Puri,train,294,6.92,447.1
Dhanbad,Shimoga,train,821,26.45,1582.7
Dhanbad,Ongole,train,610,15.65,1138.0
Dhanbad,Ongole,flight,4087,1.69,1138.0
Dhanbad,Bathinda,flight,5174,1.75,1341.7
Dhanbad,Darbhanga,train,172,3.31,267.8
Dhanbad,Satara,flight,4973,2.38,1460.2
Dhanbad,Proddatur,flight,4903,2.77,1301.5
Dhanbad,Kollam,flight,6984,4.16,1958.3
Dhanbad,Ambala,flight,5016,1.61,1202.9
Dhanbad,Siliguri,train,226,4.67,381.1
Dhanbad,Rohtak,train,582,14.49,1130.6
Dhanbad,Rohtak,flight,4479,1.54,1130.6
Dhanbad,Etawah,flight,3455,1.66,816.1
Dhanbad,Orai,train,455,12.56,744.1
Dhanbad,Haldwani,flight,3905,1.94,914.7
Dhanbad,Muzaffarpur,train,181,5.33,279.0
Dhanbad,Muzaffarpur,flight,1775,0.45,279.0
Dhanbad,Ramagundam,flight,3249,1.16,904.5
Dhanbad,Baripada,train,146,4.1,211.1
Dhanbad,Baripada,flight,1379,0.28,211.1
Dhanbad,Tezpur,train,396,14.76,714.3
Dhanbad,Korba,train,278,5.74,409.0
Dhanbad,Korba,flight,2022,0.51,409.0
Dhanbad,Nagapattinam,flight,5598,3.47,1607.4
Dhanbad,Mahbubnagar,flight,4600,1.48,1178.9
Dhanbad,Buxar,train,192,5.4,301.3
Dhanbad,Buxar,flight,1662,0.45,301.3
Dhanbad,Sagar,train,408,8.74,782.5
Dhanbad,Chittoor,flight,4876,2.32,1406.6
Dhanbad,Arrah,train,171,3.87,265.0
Dhanbad,Bharuch,flight,5705,2.55,1394.5
Dhanbad,Balasore,train,189,3.23,261.5
Dhanbad,Balasore,flight,1631,0.48,261.5
Dhanbad,Jalgaon,train,659,21.77,1159.1
Dhanbad,Jalgaon,flight,4773,1.57,1159.1
Dhanbad,Palakkad,flight,7048,3.35,1778.6
Dhanbad,Unnao,train,377,9.47,671.5
Dhanbad,Bilaspur,train,269,6.48,479.0
Jodhpur,Mumbai,train,475,9.91,796.6
Jodhpur,Mumbai,flight,3028,1.66,796.6
Jodhpur,Delhi,train,312,7.31,486.8
Jodhpur,Bengaluru,flight,5562,2.57,1550.5
Jodhpur,Kolkata,train,910,35.41,1604.7
Jodhpur,Kolkata,flight,5169,2.21,1604.7
Jodhpur,Chennai,flight,6384,3.23,1646.9
Jodhpur,Hyderabad,flight,3812,2.37,1134.1
Jodhpur,Pune,train,508,12.2,862.5
Jodhpur,Pune,flight,3725,1.48,862.5
Jodhpur,Ahmedabad,train,246,6.87,360.6
Jodhpur,Ahmedabad,flight,1927,0.71,360.6
Jodhpur,Jaipur,train,192,4.13,284.8
Jodhpur,Surat,train,347,6.38,564.0
Jodhpur,Lucknow,train,437,12.04,790.8
Jodhpur,Kanpur,train,408,8.57,728.5
Jodhpur,Nagpur,flight,3427,1.68,837.6
Jodhpur,Indore,train,320,8.35,485.1
Jodhpur,Thane,train,417,10.34,780.7
Jodhpur,Thane,flight,2874,1.03,780.7
Jodhpur,Bhopal,train,358,9.8,553.2
Jodhpur,Visakhapatnam,flight,5081,2.01,1416.3
Jodhpur,Pimpri-Chinchwad,flight,3051,1.31,849.8
Jodhpur,Patna,flight,4407,2.4,1213.2
Jodhpur,Vadodara,train,245,6.05,437.5
Jodhpur,Ghaziabad,train,322,11.16,513.8
Jodhpur,Ludhiana,flight,2922,0.83,587.5
Jodhpur,Agra,flight,2253,0.76,505.9
Jodhpur,Nashik,train,436,9.43,698.4
Jodhpur,Nashik,flight,2699,0.92,698.4
Jodhpur,Faridabad,train,316,6.16,487.9
Jodhpur,Faridabad,flight,2137,0.71,487.9
Jodhpur,Meerut,train,301,9.77,553.1
Jodhpur,Rajkot,train,292,9.38,492.1
Jodhpur,Kalyan,train,479,9.98,778.5
Jodhpur,Vasai-Virar,flight,3121,1.05,761.7
Jodhpur,Varanasi,train,543,11.35,1001.2
Jodhpur,Varanasi,flight,4370,2.0,1001.2
Jodhpur,Srinagar,flight,3638,1.15,888.7
Jodhpur,Dhanbad,flight,4692,2.31,1377.2
Jodhpur,Amritsar,train,359,13.19,626.2
Jodhpur,Nanded,flight,3869,1.22,902.6
Jodhpur,Gwalior,train,294,8.2,514.5
Jodhpur,Kolhapur,flight,3676,2.35,1067.7
Jodhpur,Bhubaneswar,flight,5600,2.18,1463.9
Jodhpur,Solapur,train,557,15.89,999.1
Jodhpur,Solapur,flight,4200,1.31,999.1
Jodhpur,Mangalore,flight,5488,3.14,1493.9
Jodhpur,Tiruchirappalli,flight,7162,3.61,1818.4
Jodhpur,BiharSharif,flight,4337,1.64,1256.5
Jodhpur,Aligarh,train,330,8.71,534.2
Jodhpur,Tirunelveli,flight,6852,2.58,2011.6
Jodhpur,Bhiwandi,train,440,8.81,773.5
Jodhpur,Bhiwandi,flight,3526,1.24,773.5
Jodhpur,Saharanpur,train,356,8.43,606.8
Jodhpur,Gorakhpur,flight,4392,2.25,1031.2
Jodhpur,Jalandhar,train,374,7.37,617.9
Jodhpur,Jamshedpur,flight,5492,2.68,1386.0
Jodhpur,Salem,flight,6630,2.18,1707.2
Jodhpur,Warangal,train,625,12.93,1141.3
Jodhpur,Mira-Bhayandar,train,428,15.18,774.0
Jodhpur,Thiruvananthapuram,flight,6293,4.01,2012.6
Jodhpur,Bhilai,train,591,12.39,1022.9
Jodhpur,Bhilai,flight,4419,1.53,1022.9
Jodhpur,Ujjain,train,295,9.02,439.9
Jodhpur,Ujjain,flight,2087,0.92,439.9
Jodhpur,Durgapur,flight,4892,3.04,1471.8
Jodhpur,Asansol,flight,5180,2.89,1432.1
Jodhpur,Rourkela,flight,4451,1.61,1277.6
Jodhpur,Nellore,flight,4825,3.18,1498.2
Jodhpur,Dehradun,train,396,10.87,667.7
Jodhpur,Davanagere,flight,4434,2.05,1343.5
Jodhpur,Kozhikode,flight,5546,3.5,1690.6
Jodhpur,Akola,train,414,11.11,737.5
Jodhpur,Kurnool,flight,4616,2.03,1268.7
Jodhpur,Nizamabad,flight,3939,1.78,989.3
Jodhpur,Guntur,flight,5174,1.9,1344.4
Jodhpur,Amravati,train,471,9.71,762.4
Jodhpur,Amravati,flight,2829,1.0,762.4
Jodhpur,Kakinada,train,714,17.38,1401.4
Jodhpur,Kakinada,flight,5577,3.03,1401.4
Jodhpur,Tirupati,flight,5434,2.64,1552.5
Jodhpur,Puri,flight,5058,1.89,1491.4
Jodhpur,Shimoga,flight,5583,2.02,1394.1
Jodhpur,Ongole,flight,5042,2.01,1398.2
Jodhpur,Bathinda,train,262,7.16,480.1
Jodhpur,Darbhanga,flight,4649,1.63,1283.3
Jodhpur,Satara,flight,3970,1.85,956.9
Jodhpur,Proddatur,flight,5051,2.67,1400.6
Jodhpur,Kollam,flight,7522,3.03,1965.6
Jodhpur,Ambala,train,347,7.72,588.8
Jodhpur,Siliguri,flight,5050,2.23,1533.2
Jodhpur,Rohtak,train,266,7.02,460.3
Jodhpur,Etawah,train,331,10.77,599.1
Jodhpur,Etawah,flight,2708,0.96,599.1
Jodhpur,Orai,flight,2587,1.0,643.1
Jodhpur,Haldwani,train,395,10.08,719.3
Jodhpur,Muzaffarpur,flight,4903,2.21,1233.5
Jodhpur,Ramagundam,train,627,18.88,1066.8
Jodhpur,Ramagundam,flight,4133,2.18,1066.8
Jodhpur,Baripada,flight,5212,2.14,1472.6
Jodhpur,Tezpur,flight,7703,3.36,1966.7
Jodhpur,Korba,flight,3902,2.14,1075.6
Jodhpur,Nagapattinam,flight,5862,2.64,1862.9
Jodhpur,Mahbubnagar,train,599,19.29,1173.7
Jodhpur,Buxar,flight,4490,1.49,1117.2
Jodhpur,Sagar,train,335,8.73,634.4
Jodhpur,Chittoor,train,853,21.1,1580.7
Jodhpur,Chittoor,flight,5651,2.26,1580.7
Jodhpur,Arrah,train,659,16.02,1166.7
Jodhpur,Arrah,flight,4653,2.33,1166.7
Jodhpur,Bharuch,train,306,7.83,504.1
Jodhpur,Balasore,train,870,30.4,1508.5
Jodhpur,Balasore,flight,5795,2.53,1508.5
Jodhpur,Jalgaon,train,371,9.18,636.5
Jodhpur,Jalgaon,flight,2886,0.94,636.5
Jodhpur,Palakkad,flight,6114,2.35,1760.0
Jodhpur,Unnao,train,455,10.53,743.7
Jodhpur,Unnao,flight,3162,1.37,743.7
Jodhpur,Bilaspur,train,572,18.93,1033.5
Jodhpur,Bilaspur,flight,4421,1.71,1033.5
Amritsar,Mumbai,flight,4851,2.38,1410.6
Amritsar,Delhi,train,261,4.63,390.0
Amritsar,Delhi,flight,2207,0.49,390.0
Amritsar,Bengaluru,flight,8031,3.73,2093.7
Amritsar,Kolkata,flight,5888,2.25,1670.4
Amritsar,Chennai,flight,6723,3.37,2135.2
Amritsar,Hyderabad,flight,5738,2.13,1625.7
Amritsar,Pune,flight,5357,1.86,1461.7
Amritsar,Ahmedabad,train,532,14.38,984.1
Amritsar,Ahmedabad,flight,3786,1.74,984.1
Amritsar,Jaipur,train,328,7.16,532.5
Amritsar,Surat,flight,4085,1.87,1181.1
Amritsar,Lucknow,train,454,10.37,793.9
Amritsar,Kanpur,train,446,11.68,783.3
Amritsar,Kanpur,flight,3001,1.04,783.3
Amritsar,Nagpur,flight,4998,1.88,1239.2
Amritsar,Indore,train,543,15.86,996.0
Amritsar,Indore,flight,3441,1.25,996.0
Amritsar,Thane,flight,5440,2.61,1393.5
Amritsar,Bhopal,train,532,11.49,964.2
Amritsar,Bhopal,flight,4019,1.78,964.2
Amritsar,Visakhapatnam,flight,6757,2.42,1763.7
Amritsar,Pimpri-Chinchwad,flight,4853,2.3,1450.0
Amritsar,Patna,flight,4186,2.44,1205.3
Amritsar,Vadodara,train,537,17.09,1050.5
Amritsar,Ghaziabad,train,261,5.54,412.6
Amritsar,Ghaziabad,flight,1914,0.61,412.6
Amritsar,Ludhiana,train,118,1.39,124.1
Amritsar,Agra,train,324,8.06,581.2
Amritsar,Nashik,flight,5039,2.2,1298.4
Amritsar,Faridabad,train,242,6.2,429.0
Amritsar,Faridabad,flight,2004,0.56,429.0
Amritsar,Meerut,train,255,6.77,401.0
Amritsar,Rajkot,train,652,19.38,1112.8
Amritsar,Kalyan,flight,5161,2.2,1389.3
Amritsar,Vasai-Virar,flight,5409,2.11,1376.5
Amritsar,Varanasi,flight,4481,1.94,1057.8
Amritsar,Srinagar,train,169,3.68,272.5
Amritsar,Dhanbad,flight,5761,2.25,1431.6
Amritsar,Jodhpur,train,352,9.25,626.2
Amritsar,Jodhpur,flight,2971,0.92,626.2
Amritsar,Nanded,flight,4926,2.0,1409.2
Amritsar,Gwalior,train,355,14.32,682.9
Amritsar,Kolhapur,flight,5851,3.41,1661.3
Amritsar,Bhubaneswar,flight,6203,3.06,1667.6
Amritsar,Solapur,flight,5227,2.47,1557.3
Amritsar,Mangalore,flight,6634,2.63,2081.6
Amritsar,Tiruchirappalli,flight,8729,3.04,2351.0
Amritsar,BiharSharif,flight,4269,1.86,1262.2
Amritsar,Aligarh,train,295,6.66,518.6
Amritsar,Tirunelveli,flight,7904,3.56,2566.0
Amritsar,Bhiwandi,flight,5413,1.78,1385.3
Amritsar,Saharanpur,train,193,5.8,315.8
Amritsar,Gorakhpur,flight,3660,1.53,986.6
Amritsar,Jalandhar,train,85,0.92,75.0
Amritsar,Jamshedpur,flight,5885,1.9,1487.9
Amritsar,Salem,flight,8467,3.03,2245.8
Amritsar,Warangal,flight,5783,2.25,1591.9
Amritsar,Mira-Bhayandar,flight,5453,2.37,1388.5
Amritsar,Thiruvananthapuram,flight,8135,3.48,2578.6
Amritsar,Bhilai,flight,4461,2.03,1331.4
Amritsar,Ujjain,train,510,17.03,944.4
Amritsar,Durgapur,flight,4875,2.71,1520.3
Amritsar,Asansol,flight,5159,2.01,1480.8
Amritsar,Rourkela,flight,4698,2.15,1435.6
Amritsar,Nellore,flight,6301,2.99,1981.1
Amritsar,Dehradun,train,213,5.54,335.0
Amritsar,Davanagere,flight,7238,3.29,1912.1
Amritsar,Kozhikode,flight,8184,4.75,2267.5
Amritsar,Akola,flight,4422,1.62,1234.1
Amritsar,Kurnool,flight,6591,3.33,1786.5
Amritsar,Nizamabad,flight,5931,1.97,1477.0
Amritsar,Guntur,flight,5592,3.49,1794.8
Amritsar,Amravati,flight,4870,2.62,1224.1
Amritsar,Kakinada,flight,6229,2.41,1790.3
Amritsar,Tirupati,flight,6956,4.17,2055.1
Amritsar,Puri,flight,5484,2.14,1710.2
Amritsar,Shimoga,flight,7140,2.83,1969.9
Amritsar,Ongole,flight,6283,3.15,1868.6
Amritsar,Bathinda,train,119,3.5,158.4
Amritsar,Darbhanga,flight,4475,2.03,1232.7
Amritsar,Satara,flight,5483,2.91,1554.1
Amritsar,Proddatur,flight,6718,2.93,1914.3
Amritsar,Kollam,flight,7914,4.05,2535.1
Amritsar,Ambala,train,180,3.8,229.0
Amritsar,Siliguri,flight,5367,3.04,1424.1
Amritsar,Rohtak,train,219,5.32,347.1
Amritsar,Etawah,train,410,9.28,672.4
Amritsar,Etawah,flight,2618,0.99,672.4
Amritsar,Orai,train,422,11.06,770.2
Amritsar,Orai,flight,3163,1.03,770.2
Amritsar,Haldwani,train,299,6.87,519.6
Amritsar,Muzaffarpur,flight,4016,1.89,1192.6
Amritsar,Ramagundam,flight,5448,3.29,1505.0
Amritsar,Baripada,flight,5582,2.89,1596.7
Amritsar,Tezpur,flight,7202,3.66,1823.8
Amritsar,Korba,flight,4425,2.02,1292.6
Amritsar,Nagapattinam,flight,7294,4.5,2375.4
Amritsar,Mahbubnagar,flight,6671,3.16,1685.5
Amritsar,Buxar,train,601,19.31,1130.4
Amritsar,Buxar,flight,4069,1.89,1130.4
Amritsar,Sagar,train,486,19.27,946.4
Amritsar,Chittoor,flight,8034,3.61,2092.9
Amritsar,Arrah,train,609,14.8,1169.8
Amritsar,Arrah,flight,4045,1.64,1169.8
Amritsar,Bharuch,flight,4163,1.46,1119.3
Amritsar,Balasore,flight,5756,2.36,1644.2
Amritsar,Jalgaon,flight,4531,1.64,1183.6
Amritsar,Palakkad,flight,8085,4.38,2325.3
Amritsar,Unnao,train,485,8.97,786.2
Amritsar,Bilaspur,flight,4790,2.21,1283.0
Nanded,Mumbai,train,280,8.88,466.9
Nanded,Delhi,flight,4056,2.22,1062.2
Nanded,Bengaluru,train,390,8.0,688.0
Nanded,Kolkata,flight,4574,2.35,1208.3
Nanded,Chennai,train,411,9.14,744.9
Nanded,Chennai,flight,3343,1.25,744.9
Nanded,Hyderabad,train,167,3.0,232.0
Nanded,Pune,train,215,5.46,371.3
Nanded,Ahmedabad,train,347,8.96,654.0
Nanded,Jaipur,flight,3714,1.2,876.9
Nanded,Surat,train,310,9.6,519.5
Nanded,Lucknow,flight,3432,1.99,932.3
Nanded,Kanpur,flight,3145,1.86,867.9
Nanded,Nagpur,train,190,6.38,288.3
Nanded,Indore,train,236,6.14,424.6
Nanded,Indore,flight,2009,0.68,424.6
Nanded,Thane,train,289,6.24,456.1
Nanded,Thane,flight,1978,0.95,456.1
Nanded,Bhopal,train,262,5.86,456.7
Nanded,Visakhapatnam,train,367,9.62,643.1
Nanded,Pimpri-Chinchwad,train,244,6.86,375.0
Nanded,Patna,flight,4394,2.39,1076.0
Nanded,Vadodara,train,313,9.95,555.2
Nanded,Vadodara,flight,2782,0.89,555.2
Nanded,Ghaziabad,flight,4021,1.76,1058.2
Nanded,Ludhiana,flight,4693,2.83,1314.5
Nanded,Agra,train,471,11.51,894.9
Nanded,Nashik,train,222,4.67,381.7
Nanded,Faridabad,train,512,13.96,1029.1
Nanded,Faridabad,flight,4207,1.95,1029.1
Nanded,Meerut,flight,3693,1.41,1093.8
Nanded,Rajkot,train,395,15.39,762.9
Nanded,Rajkot,flight,3355,1.43,762.9
Nanded,Kalyan,train,251,6.43,440.2
Nanded,Vasai-Virar,train,268,9.23,471.1
Nanded,Varanasi,flight,3713,1.96,898.8
Nanded,Srinagar,flight,6314,3.33,1678.8
Nanded,Dhanbad,train,571,20.11,1074.2
Nanded,Jodhpur,train,469,11.11,902.6
Nanded,Jodhpur,flight,3990,1.19,902.6
Nanded,Amritsar,flight,5761,2.87,1409.2
Nanded,Gwalior,train,485,11.17,790.5
Nanded,Kolhapur,train,252,6.42,424.4
Nanded,Bhubaneswar,train,460,14.13,899.0
Nanded,Solapur,train,168,3.45,223.3
Nanded,Mangalore,train,440,11.44,742.1
Nanded,Tiruchirappalli,flight,3805,1.44,941.7
Nanded,BiharSharif,flight,3814,1.57,1078.6
Nanded,Aligarh,flight,3891,1.31,975.4
Nanded,Tirunelveli,train,628,20.58,1161.8
Nanded,Tirunelveli,flight,4360,1.72,1161.8
Nanded,Bhiwandi,train,264,7.27,447.6
Nanded,Saharanpur,flight,4731,1.61,1202.3
Nanded,Gorakhpur,flight,3571,1.51,1048.1
Nanded,Jalandhar,flight,4476,2.82,1364.8
Nanded,Jamshedpur,flight,4245,1.96,1007.2
Nanded,Salem,train,487,10.1,837.4
Nanded,Salem,flight,3480,1.19,837.4
Nanded,Warangal,train,188,5.85,273.4
Nanded,Mira-Bhayandar,train,303,10.39,469.2
Nanded,Thiruvananthapuram,flight,4813,1.54,1182.7
Nanded,Bhilai,train,281,8.98,485.0
Nanded,Ujjain,train,284,6.06,475.1
Nanded,Durgapur,flight,4250,1.5,1142.6
Nanded,Asansol,flight,4571,1.77,1116.9
Nanded,Rourkela,train,449,11.85,856.1
Nanded,Nellore,train,344,11.41,595.7
Nanded,Dehradun,flight,4093,2.33,1243.3
Nanded,Davanagere,train,314,8.67,542.2
Nanded,Davanagere,flight,2354,1.06,542.2
Nanded,Kozhikode,flight,3714,1.69,893.3
Nanded,Akola,train,151,2.86,175.2
Nanded,Kurnool,train,228,6.74,377.5
Nanded,Nizamabad,train,92,1.32,97.3
Nanded,Guntur,train,276,5.58,457.2
Nanded,Amravati,train,162,3.71,203.5
Nanded,Kakinada,train,325,11.54,573.7
Nanded,Tirupati,train,345,12.15,653.8
Nanded,Puri,flight,3215,1.31,895.0
Nanded,Shimoga,train,326,9.55,610.1
Nanded,Ongole,train,276,9.34,498.4
Nanded,Bathinda,flight,4341,1.87,1252.6
Nanded,Darbhanga,train,651,23.35,1173.8
Nanded,Satara,flight,2114,0.82,387.4
Nanded,Proddatur,train,310,5.92,506.8
Nanded,Kollam,flight,4097,2.47,1143.4
Nanded,Ambala,flight,4110,1.76,1249.3
Nanded,Siliguri,flight,5044,2.23,1412.8
Nanded,Rohtak,train,553,19.12,1085.7
Nanded,Etawah,train,442,10.54,866.2
Nanded,Etawah,flight,3392,1.45,866.2
Nanded,Orai,train,414,8.81,791.3
Nanded,Haldwani,flight,4060,1.7,1141.0
Nanded,Muzaffarpur,train,574,13.95,1133.4
Nanded,Ramagundam,train,160,3.28,238.9
Nanded,Baripada,flight,3583,1.41,1028.3
Nanded,Tezpur,flight,6385,2.89,1788.5
Nanded,Korba,train,386,14.27,667.4
Nanded,Nagapattinam,flight,3605,1.22,970.5
Nanded,Mahbubnagar,train,188,3.54,277.2
Nanded,Mahbubnagar,flight,1706,0.47,277.2
Nanded,Buxar,train,511,19.76,1001.8
Nanded,Sagar,train,341,6.92,541.2
Nanded,Chittoor,train,410,10.66,686.9
Nanded,Arrah,train,544,20.51,1038.0
Nanded,Arrah,flight,4209,1.5,1038.0
Nanded,Bharuch,train,320,6.89,530.7
Nanded,Balasore,train,515,11.51,1035.0
Nanded,Balasore,flight,4177,1.65,1035.0
Nanded,Jalgaon,train,188,3.37,276.1
Nanded,Palakkad,train,474,14.11,933.1
Nanded,Unnao,train,448,17.53,882.6
Nanded,Bilaspur,train,326,8.89,597.7
Gwalior,Mumbai,flight,4105,2.01,962.6
Gwalior,Delhi,train,180,4.99,296.2
Gwalior,Bengaluru,flight,5275,2.92,1474.2
Gwalior,Kolkata,flight,4277,1.69,1107.4
Gwalior,Chennai,flight,5592,2.76,1476.8
Gwalior,Hyderabad,train,502,16.58,982.7
Gwalior,Pune,flight,3464,1.45,964.4
Gwalior,Ahmedabad,train,387,7.97,669.2
Gwalior,Ahmedabad,flight,3167,0.85,669.2
Gwalior,Jaipur,train,167,4.42,250.4
Gwalior,Surat,train,461,9.47,782.1
Gwalior,Surat,flight,3591,1.67,782.1
Gwalior,Lucknow,train,180,4.93,283.6
Gwalior,Kanpur,train,158,2.55,215.7
Gwalior,Nagpur,flight,2367,0.76,571.5
Gwalior,Indore,train,272,7.68,454.6
Gwalior,Thane,flight,3287,1.37,943.5
Gwalior,Bhopal,train,210,4.35,338.0
Gwalior,Bhopal,flight,1862,0.73,338.0
Gwalior,Visakhapatnam,flight,3798,1.67,1081.2
Gwalior,Pimpri-Chinchwad,flight,4162,1.61,956.3
Gwalior,Patna,train,393,8.53,699.0
Gwalior,Vadodara,train,393,9.52,667.8
Gwalior,Ghaziabad,train,177,3.49,281.9
Gwalior,Ghaziabad,flight,1633,0.36,281.9
Gwalior,Ludhiana,flight,2693,1.18,568.0
Gwalior,Agra,train,97,1.36,108.0
Gwalior,Nashik,flight,3569,1.34,824.6
Gwalior,Faridabad,train,165,3.71,258.1
Gwalior,Meerut,train,186,6.87,311.1
Gwalior,Rajkot,flight,3614,1.83,865.3
Gwalior,Kalyan,train,548,12.95,932.9
Gwalior,Vasai-Virar,train,512,19.83,935.8
Gwalior,Varanasi,train,317,9.78,490.1
Gwalior,Varanasi,flight,2537,0.73,490.1
Gwalior,Srinagar,train,521,13.23,933.0
Gwalior,Dhanbad,train,535,16.29,873.5
Gwalior,Dhanbad,flight,3241,1.36,873.5
Gwalior,Jodhpur,train,307,6.2,514.5
Gwalior,Amritsar,train,354,11.95,682.9
Gwalior,Amritsar,flight,2836,1.11,682.9
Gwalior,Nanded,train,443,10.83,790.5
Gwalior,Kolhapur,flight,3855,1.73,1133.5
Gwalior,Bhubaneswar,flight,3480,1.46,1020.8
Gwalior,Solapur,flight,4252,1.44,980.1
Gwalior,Mangalore,flight,5747,2.73,1519.6
Gwalior,Tiruchirappalli,train,989,24.82,1716.4
Gwalior,Tiruchirappalli,flight,6781,2.29,1716.4
Gwalior,BiharSharif,train,434,14.34,743.6
Gwalior,Aligarh,train,143,2.67,186.9
Gwalior,Aligarh,flight,1533,0.41,186.9
Gwalior,Tirunelveli,flight,6100,4.07,1946.9
Gwalior,Bhiwandi,train,521,11.29,932.8
Gwalior,Bhiwandi,flight,4055,1.27,932.8
Gwalior,Saharanpur,flight,2193,0.62,421.1
Gwalior,Gorakhpur,train,339,10.91,520.0
Gwalior,Jalandhar,flight,2781,1.15,622.1
Gwalior,Jamshedpur,train,454,19.89,895.5
Gwalior,Jamshedpur,flight,4007,1.93,895.5
Gwalior,Salem,flight,6391,2.2,1618.3
Gwalior,Warangal,train,506,15.6,928.7
Gwalior,Warangal,flight,3680,1.18,928.7
Gwalior,Mira-Bhayandar,train,493,13.09,945.1
Gwalior,Mira-Bhayandar,flight,3502,1.19,945.1
Gwalior,Thiruvananthapuram,flight,7587,2.58,1971.9
Gwalior,Bhilai,train,349,8.11,649.3
Gwalior,Ujjain,train,243,6.74,415.7
Gwalior,Durgapur,flight,4157,1.6,968.3
Gwalior,Asansol,flight,3451,1.94,928.1
Gwalior,Rourkela,train,436,13.8,806.7
Gwalior,Nellore,flight,4666,2.26,1322.8
Gwalior,Dehradun,train,301,9.96,455.9
Gwalior,Dehradun,flight,2357,1.0,455.9
Gwalior,Davanagere,flight,5217,2.63,1327.9
Gwalior,Kozhikode,flight,5723,2.82,1682.4
Gwalior,Akola,train,341,11.15,625.1
Gwalior,Kurnool,flight,4494,1.61,1155.4
Gwalior,Nizamabad,flight,3625,1.41,839.1
Gwalior,Guntur,flight,3784,2.4,1126.5
Gwalior,Amravati,train,344,13.03,589.0
Gwalior,Kakinada,train,569,12.36,1108.7
Gwalior,Tirupati,flight,4517,2.18,1405.8
Gwalior,Puri,train,635,17.97,1057.7
Gwalior,Shimoga,flight,5625,2.55,1393.3
Gwalior,Ongole,flight,4825,1.87,1206.8
Gwalior,Bathinda,flight,2781,0.69,545.6
Gwalior,Darbhanga,train,419,8.96,769.1
Gwalior,Darbhanga,flight,3388,1.52,769.1
Gwalior,Satara,train,537,13.79,1042.9
Gwalior,Satara,flight,4325,1.48,1042.9
Gwalior,Proddatur,flight,5245,2.17,1275.8
Gwalior,Kollam,flight,6684,3.48,1933.6
Gwalior,Ambala,train,304,6.13,482.6
Gwalior,Ambala,flight,2384,0.91,482.6
Gwalior,Siliguri,train,564,12.95,1021.0
Gwalior,Siliguri,flight,3845,1.72,1021.0
Gwalior,Rohtak,train,215,5.0,335.8
Gwalior,Rohtak,flight,1886,0.66,335.8
Gwalior,Etawah,flight,1167,0.13,104.1
Gwalior,Orai,train,107,1.66,130.0
Gwalior,Haldwani,train,216,5.63,358.4
Gwalior,Muzaffarpur,train,409,12.11,719.2
Gwalior,Ramagundam,train,461,11.86,839.6
Gwalior,Ramagundam,flight,3170,1.3,839.6
Gwalior,Baripada,flight,3913,1.39,991.8
Gwalior,Tezpur,flight,4878,2.33,1454.7
Gwalior,Korba,train,346,7.95,631.3
Gwalior,Nagapattinam,flight,6275,3.2,1726.4
Gwalior,Mahbubnagar,flight,4057,1.78,1053.9
Gwalior,Buxar,train,322,9.59,603.4
Gwalior,Buxar,flight,2677,0.9,603.4
Gwalior,Sagar,train,179,4.2,270.4
Gwalior,Chittoor,flight,5895,3.04,1448.8
Gwalior,Arrah,train,377,9.83,652.8
Gwalior,Arrah,flight,3056,1.18,652.8
Gwalior,Bharuch,train,448,10.83,726.1
Gwalior,Balasore,train,548,18.51,1033.0
Gwalior,Jalgaon,train,379,12.89,637.9
Gwalior,Palakkad,flight,6696,2.41,1723.4
Gwalior,Unnao,train,171,3.69,232.0
Gwalior,Bilaspur,train,390,7.08,610.6
Gwalior,Bilaspur,flight,2701,0.99,610.6
Kolhapur,Mumbai,train,183,4.0,300.8
Kolhapur,Mumbai,flight,1628,0.51,300.8
Kolhapur,Delhi,flight,5511,2.14,1366.0
Kolhapur,Bengaluru,train,313,7.42,549.4
Kolhapur,Kolkata,flight,6266,2.58,1615.1
Kolhapur,Chennai,train,394,9.59,762.5
Kolhapur,Hyderabad,train,268,9.4,457.3
Kolhapur,Pune,train,154,3.09,206.1
Kolhapur,Ahmedabad,train,435,13.92,724.0
Kolhapur,Jaipur,flight,4135,2.08,1146.2
Kolhapur,Surat,train,301,9.23,518.3
Kolhapur,Surat,flight,2172,0.79,518.3
Kolhapur,Lucknow,flight,4798,2.02,1322.5
Kolhapur,Kanpur,flight,4740,1.91,1252.6
Kolhapur,Nagpur,train,404,8.89,709.4
Kolhapur,Indore,train,365,8.47,689.8
Kolhapur,Thane,train,217,3.5,310.0
Kolhapur,Bhopal,flight,3528,1.69,800.5
Kolhapur,Visakhapatnam,flight,3808,1.23,959.4
Kolhapur,Pimpri-Chinchwad,train,163,3.97,219.2
Kolhapur,Patna,flight,5348,2.29,1499.7
Kolhapur,Vadodara,train,331,7.65,632.9
Kolhapur,Vadodara,flight,2671,1.11,632.9
Kolhapur,Ghaziabad,flight,4907,2.29,1370.4
Kolhapur,Ludhiana,flight,6218,2.83,1587.0
Kolhapur,Agra,flight,4687,1.9,1227.2
Kolhapur,Nashik,train,248,5.16,369.3
Kolhapur,Nashik,flight,2001,0.57,369.3
Kolhapur,Faridabad,flight,4863,1.97,1339.0
Kolhapur,Meerut,flight,5048,2.77,1410.6
Kolhapur,Rajkot,train,399,15.25,719.5
Kolhapur,Rajkot,flight,3349,1.23,719.5
Kolhapur,Kalyan,train,190,4.37,305.5
Kolhapur,Vasai-Virar,train,235,4.63,333.6
Kolhapur,Vasai-Virar,flight,1809,0.65,333.6
Kolhapur,Varanasi,flight,5412,2.75,1317.6
Kolhapur,Srinagar,flight,6516,4.23,1933.3
Kolhapur,Dhanbad,train,789,17.52,1494.7
Kolhapur,Dhanbad,flight,5424,2.46,1494.7
Kolhapur,Jodhpur,train,566,12.32,1067.7
Kolhapur,Jodhpur,flight,3809,1.62,1067.7
Kolhapur,Amritsar,flight,5980,2.61,1661.3
Kolhapur,Nanded,train,236,6.1,424.4
Kolhapur,Gwalior,flight,3871,2.15,1133.5
Kolhapur,Bhubaneswar,flight,4212,2.0,1284.3
Kolhapur,Solapur,train,155,2.64,206.1
Kolhapur,Mangalore,train,257,6.06,426.5
Kolhapur,Tiruchirappalli,flight,3616,1.4,815.0
Kolhapur,BiharSharif,flight,5542,2.47,1503.0
Kolhapur,Aligarh,flight,4918,1.7,1305.6
Kolhapur,Tirunelveli,train,559,12.74,966.6
Kolhapur,Tirunelveli,flight,3900,1.21,966.6
Kolhapur,Bhiwandi,train,196,4.1,312.8
Kolhapur,Saharanpur,flight,4807,2.7,1512.2
Kolhapur,Gorakhpur,flight,5479,1.84,1461.5
Kolhapur,Jalandhar,flight,5835,2.59,1631.4
Kolhapur,Jamshedpur,flight,5792,1.81,1422.5
Kolhapur,Salem,train,438,9.45,700.6
Kolhapur,Warangal,train,310,6.7,585.0
Kolhapur,Warangal,flight,2542,1.29,585.0
Kolhapur,Mira-Bhayandar,train,231,5.65,321.9
Kolhapur,Mira-Bhayandar,flight,1990,0.64,321.9
Kolhapur,Thiruvananthapuram,flight,3450,1.85,955.3
Kolhapur,Bhilai,flight,3445,1.15,905.3
Kolhapur,Ujjain,train,446,12.32,737.7
Kolhapur,Durgapur,flight,6114,3.29,1559.5
Kolhapur,Asansol,flight,5422,2.84,1535.7
Kolhapur,Rourkela,flight,4265,2.15,1271.5
Kolhapur,Nellore,train,345,13.06,664.4
Kolhapur,Dehradun,flight,5047,2.81,1561.7
Kolhapur,Davanagere,train,213,3.49,307.1
Kolhapur,Kozhikode,train,375,7.4,627.8
Kolhapur,Akola,flight,2377,0.87,531.1
Kolhapur,Kurnool,train,282,4.8,416.4
Kolhapur,Nizamabad,train,270,8.7,462.8
Kolhapur,Guntur,train,416,12.15,661.6
Kolhapur,Amravati,train,348,9.48,598.9
Kolhapur,Kakinada,train,470,9.48,852.2
Kolhapur,Kakinada,flight,3827,1.56,852.2
Kolhapur,Tirupati,train,401,10.54,652.1
Kolhapur,Tirupati,flight,2763,0.84,652.1
Kolhapur,Puri,flight,4663,2.27,1271.0
Kolhapur,Shimoga,train,199,3.96,339.6
Kolhapur,Ongole,train,386,8.34,634.3
Kolhapur,Bathinda,flight,5970,2.01,1503.6
Kolhapur,Darbhanga,flight,5760,2.76,1597.6
Kolhapur,Satara,train,98,1.52,111.7
Kolhapur,Proddatur,train,298,7.37,509.5
Kolhapur,Kollam,flight,3261,1.28,905.7
Kolhapur,Ambala,flight,5305,1.93,1542.1
Kolhapur,Siliguri,flight,6231,3.54,1837.1
Kolhapur,Rohtak,flight,5106,3.02,1376.9
Kolhapur,Etawah,flight,4415,2.06,1224.1
Kolhapur,Orai,flight,4374,2.19,1164.9
Kolhapur,Haldwani,flight,5269,1.89,1491.8
Kolhapur,Muzaffarpur,flight,5360,2.01,1556.5
Kolhapur,Ramagundam,train,389,6.89,608.0
Kolhapur,Baripada,flight,5766,2.52,1433.6
Kolhapur,Tezpur,flight,8531,4.42,2208.8
Kolhapur,Korba,train,597,15.99,1090.3
Kolhapur,Nagapattinam,train,457,14.48,894.6
Kolhapur,Nagapattinam,flight,3336,1.37,894.6
Kolhapur,Mahbubnagar,train,236,6.04,398.3
Kolhapur,Buxar,flight,4880,2.8,1423.8
Kolhapur,Sagar,train,506,10.37,921.2
Kolhapur,Sagar,flight,4018,1.6,921.2
Kolhapur,Chittoor,train,407,8.46,649.9
Kolhapur,Arrah,flight,5014,2.36,1461.1
Kolhapur,Bharuch,train,333,10.71,570.8
Kolhapur,Balasore,flight,4615,2.64,1434.7
Kolhapur,Jalgaon,train,277,8.4,498.2
Kolhapur,Palakkad,flight,2976,1.15,707.6
Kolhapur,Unnao,flight,5139,1.7,1268.8
Kolhapur,Bilaspur,flight,4187,2.08,1020.8
Bhubaneswar,Mumbai,flight,5390,2.89,1361.9
Bhubaneswar,Delhi,flight,5094,1.78,1284.7
Bhubaneswar,Bengaluru,train,646,14.58,1196.1
Bhubaneswar,Kolkata,train,237,5.2,364.9
Bhubaneswar,Kolkata,flight,1866,0.58,364.9
Bhubaneswar,Chennai,train,569,14.88,996.3
Bhubaneswar,Hyderabad,train,457,9.89,837.2
Bhubaneswar,Pune,flight,4934,1.74,1270.3
Bhubaneswar,Ahmedabad,flight,5731,2.04,1402.2
Bhubaneswar,Jaipur,flight,4900,2.46,1258.9
Bhubaneswar,Surat,flight,5409,1.94,1354.3
Bhubaneswar,Lucknow,flight,3591,1.94,881.6
Bhubaneswar,Kanpur,flight,3446,1.51,884.3
Bhubaneswar,Nagpur,train,441,14.3,706.9
Bhubaneswar,Indore,flight,4580,2.07,1065.4
Bhubaneswar,Thane,flight,4892,1.71,1349.3
Bhubaneswar,Bhopal,flight,3353,1.18,928.8
Bhubaneswar,Visakhapatnam,train,254,4.7,399.0
Bhubaneswar,Visakhapatnam,flight,1939,0.83,399.0
Bhubaneswar,Pimpri-Chinchwad,flight,4326,1.66,1273.9
Bhubaneswar,Patna,train,322,6.93,593.3
Bhubaneswar,Vadodara,flight,5305,1.71,1328.3
Bhubaneswar,Ghaziabad,flight,4851,2.49,1257.8
Bhubaneswar,Ludhiana,flight,6230,2.41,1544.1
Bhubaneswar,Agra,train,645,13.47,1103.2
Bhubaneswar,Agra,flight,3873,2.36,1103.2
Bhubaneswar,Nashik,flight,4327,2.34,1256.5
Bhubaneswar,Faridabad,flight,4898,2.12,1246.7
Bhubaneswar,Meerut,flight,5167,1.69,1266.6
Bhubaneswar,Rajkot,flight,5755,2.11,1571.5
Bhubaneswar,Kalyan,flight,5141,1.92,1333.2
Bhubaneswar,Vasai-Virar,flight,5074,3.02,1361.5
Bhubaneswar,Varanasi,train,347,9.57,630.1
Bhubaneswar,Varanasi,flight,3084,0.82,630.1
Bhubaneswar,Srinagar,flight,7380,2.36,1878.5
Bhubaneswar,Dhanbad,train,249,6.43,394.1
Bhubaneswar,Dhanbad,flight,2012,0.59,394.1
Bhubaneswar,Jodhpur,flight,5802,2.25,1463.9
Bhubaneswar,Amritsar,train,915,18.6,1667.6
Bhubaneswar,Amritsar,flight,6478,2.74,1667.6
Bhubaneswar,Nanded,train,521,12.25,899.0
Bhubaneswar,Nanded,flight,3654,1.78,899.0
Bhubaneswar,Gwalior,train,582,18.58,1020.8
Bhubaneswar,Kolhapur,flight,5317,2.76,1284.3
Bhubaneswar,Solapur,flight,4359,1.61,1083.1
Bhubaneswar,Mangalore,flight,5561,2.4,1427.3
Bhubaneswar,Tiruchirappalli,flight,4739,1.96,1302.8
Bhubaneswar,BiharSharif,train,320,10.25,546.2
Bhubaneswar,Aligarh,train,617,13.15,1153.0
Bhubaneswar,Tirunelveli,flight,6109,2.31,1552.4
Bhubaneswar,Bhiwandi,flight,4436,2.81,1339.9
Bhubaneswar,Saharanpur,flight,5121,2.53,1359.1
Bhubaneswar,Gorakhpur,train,448,12.44,761.0
Bhubaneswar,Jalandhar,flight,5191,2.28,1597.0
Bhubaneswar,Jamshedpur,train,189,4.34,281.7
Bhubaneswar,Jamshedpur,flight,1834,0.35,281.7
Bhubaneswar,Salem,flight,4734,2.47,1262.3
Bhubaneswar,Warangal,train,410,12.06,703.7
Bhubaneswar,Mira-Bhayandar,flight,4953,2.02,1361.4
Bhubaneswar,Thiruvananthapuram,flight,5445,3.49,1620.4
Bhubaneswar,Bhilai,train,307,6.14,467.7
Bhubaneswar,Bhilai,flight,2404,0.99,467.7
Bhubaneswar,Ujjain,train,642,13.48,1085.1
Bhubaneswar,Ujjain,flight,3909,1.65,1085.1
Bhubaneswar,Durgapur,train,263,4.98,390.0
Bhubaneswar,Asansol,train,271,4.94,394.4
Bhubaneswar,Rourkela,train,185,4.54,240.5
Bhubaneswar,Nellore,flight,3953,1.27,898.3
Bhubaneswar,Dehradun,flight,5003,2.83,1361.0
Bhubaneswar,Davanagere,flight,5148,2.69,1234.2
Bhubaneswar,Kozhikode,flight,5266,2.06,1470.3
Bhubaneswar,Akola,flight,3654,1.61,919.4
Bhubaneswar,Kurnool,train,560,19.98,961.2
Bhubaneswar,Nizamabad,train,444,18.1,830.1
Bhubaneswar,Nizamabad,flight,3550,1.59,830.1
Bhubaneswar,Guntur,train,445,15.22,721.2
Bhubaneswar,Amravati,train,464,12.62,841.4
Bhubaneswar,Kakinada,train,288,6.48,526.5
Bhubaneswar,Tirupati,train,599,20.08,1006.5
Bhubaneswar,Tirupati,flight,3924,1.58,1006.5
Bhubaneswar,Puri,train,72,0.97,53.7
Bhubaneswar,Shimoga,flight,5006,2.81,1299.0
Bhubaneswar,Ongole,flight,3242,1.1,810.4
Bhubaneswar,Bathinda,flight,5378,2.12,1551.4
Bhubaneswar,Darbhanga,train,361,11.34,651.5
Bhubaneswar,Satara,flight,4789,1.88,1277.2
Bhubaneswar,Proddatur,flight,3545,1.48,987.2
Bhubaneswar,Kollam,flight,5978,2.96,1608.1
Bhubaneswar,Ambala,flight,4866,2.53,1442.1
Bhubaneswar,Siliguri,train,440,13.25,760.8
Bhubaneswar,Rohtak,flight,4921,2.59,1334.1
Bhubaneswar,Etawah,train,523,20.43,1000.8
Bhubaneswar,Orai,flight,3952,1.52,907.7
Bhubaneswar,Haldwani,flight,4119,1.64,1178.6
Bhubaneswar,Muzaffarpur,train,379,7.36,649.2
Bhubaneswar,Ramagundam,train,386,10.36,678.1
Bhubaneswar,Ramagundam,flight,3152,0.93,678.1
Bhubaneswar,Baripada,train,142,3.51,204.3
Bhubaneswar,Baripada,flight,1594,0.44,204.3
Bhubaneswar,Tezpur,flight,3745,1.32,1001.9
Bhubaneswar,Korba,train,255,6.88,392.3
Bhubaneswar,Korba,flight,2206,0.82,392.3
Bhubaneswar,Nagapattinam,flight,5135,1.55,1237.4
Bhubaneswar,Mahbubnagar,flight,3360,1.75,916.0
Bhubaneswar,Buxar,train,351,10.23,609.8
Bhubaneswar,Buxar,flight,2981,0.84,609.8
Bhubaneswar,Sagar,train,479,12.55,829.5
Bhubaneswar,Chittoor,train,608,17.77,1063.6
Bhubaneswar,Chittoor,flight,3927,1.98,1063.6
Bhubaneswar,Arrah,train,379,8.6,597.2
Bhubaneswar,Bharuch,flight,5097,2.33,1338.4
Bhubaneswar,Balasore,train,147,2.24,175.7
Bhubaneswar,Jalgaon,train,533,14.58,1070.5
Bhubaneswar,Jalgaon,flight,4186,1.37,1070.5
Bhubaneswar,Palakkad,flight,5844,2.83,1442.3
Bhubaneswar,Unnao,flight,3846,1.37,882.1
Bhubaneswar,Bilaspur,train,240,4.91,430.5
Bhubaneswar,Bilaspur,flight,1980,0.57,430.5
Solapur,Mumbai,train,244,4.0,356.3
Solapur,Mumbai,flight,2086,0.51,356.3
Solapur,Delhi,flight,4946,2.67,1234.1
Solapur,Bengaluru,train,314,11.19,551.8
Solapur,Kolkata,flight,4745,2.34,1410.0
Solapur,Chennai,train,402,10.09,691.3
Solapur,Hyderabad,train,183,4.29,275.3
Solapur,Pune,train,152,3.25,236.8
Solapur,Ahmedabad,train,428,8.58,690.2
Solapur,Jaipur,flight,3622,1.38,1028.9
Solapur,Surat,train,274,8.83,506.3
Solapur,Lucknow,train,684,15.24,1145.3
Solapur,Lucknow,flight,4859,1.85,1145.3
Solapur,Kanpur,train,644,19.81,1078.3
Solapur,Kanpur,flight,4065,1.82,1078.3
Solapur,Nagpur,train,285,7.07,511.4
Solapur,Nagpur,flight,2210,1.05,511.4
Solapur,Indore,flight,2435,0.81,562.6
Solapur,Thane,train,231,5.72,354.2
Solapur,Bhopal,flight,2949,1.41,642.1
Solapur,Visakhapatnam,train,416,12.13,774.7
Solapur,Pimpri-Chinchwad,train,171,4.51,247.4
Solapur,Pimpri-Chinchwad,flight,1497,0.38,247.4
Solapur,Patna,flight,4358,1.76,1298.6
Solapur,Vadodara,train,352,7.2,590.0
Solapur,Vadodara,flight,2668,1.15,590.0
Solapur,Ghaziabad,flight,4645,2.26,1234.3
Solapur,Ludhiana,flight,5163,2.66,1472.4
Solapur,Agra,flight,4573,2.09,1080.0
Solapur,Nashik,train,218,4.25,342.3
Solapur,Nashik,flight,1761,0.61,342.3
Solapur,Faridabad,flight,4281,2.47,1203.9
Solapur,Meerut,flight,5121,1.77,1272.5
Solapur,Rajkot,train,382,11.4,742.2
Solapur,Kalyan,train,204,4.37,341.4
Solapur,Kalyan,flight,1726,0.74,341.4
Solapur,Vasai-Virar,train,231,5.62,376.3
Solapur,Vasai-Virar,flight,1958,0.53,376.3
Solapur,Varanasi,flight,4378,1.78,1121.8
Solapur,Srinagar,flight,6633,2.85,1829.6
Solapur,Dhanbad,flight,4425,1.95,1288.9
Solapur,Jodhpur,train,603,11.32,999.1
Solapur,Jodhpur,flight,4007,1.57,999.1
Solapur,Amritsar,flight,5885,2.02,1557.3
Solapur,Nanded,train,153,3.68,223.3
Solapur,Gwalior,flight,3378,1.46,980.1
Solapur,Kolhapur,train,151,3.03,206.1
Solapur,Bhubaneswar,flight,4422,1.57,1083.1
Solapur,Mangalore,train,330,7.25,539.6
Solapur,Mangalore,flight,2384,0.81,539.6
Solapur,Tiruchirappalli,train,427,11.9,821.2
Solapur,BiharSharif,flight,4483,2.8,1300.2
Solapur,Aligarh,train,572,13.83,1160.0
Solapur,Tirunelveli,flight,3468,2.22,1014.7
Solapur,Bhiwandi,train,215,3.99,350.2
Solapur,Saharanpur,flight,4585,2.84,1378.2
Solapur,Gorakhpur,flight,4409,1.68,1270.0
Solapur,Jalandhar,train,860,17.62,1520.0
Solapur,Jamshedpur,flight,4778,2.14,1216.5
Solapur,Salem,train,416,9.35,708.8
Solapur,Warangal,train,241,8.58,391.9
Solapur,Warangal,flight,2084,0.68,391.9
Solapur,Mira-Bhayandar,train,247,5.23,368.9
Solapur,Thiruvananthapuram,train,605,11.68,1021.9
Solapur,Bhilai,train,424,8.3,699.6
Solapur,Ujjain,train,331,8.51,613.9
Solapur,Durgapur,flight,4472,2.78,1353.4
Solapur,Asansol,flight,5348,1.67,1329.7
Solapur,Rourkela,train,564,20.16,1065.5
Solapur,Rourkela,flight,4524,1.53,1065.5
Solapur,Nellore,train,326,9.88,563.9
Solapur,Nellore,flight,2521,0.9,563.9
Solapur,Dehradun,flight,5629,3.09,1423.7
Solapur,Davanagere,train,230,6.46,355.3
Solapur,Davanagere,flight,2025,0.47,355.3
Solapur,Kozhikode,train,404,8.63,711.9
Solapur,Akola,train,234,4.42,357.3
Solapur,Kurnool,train,187,5.46,304.9
Solapur,Kurnool,flight,1605,0.47,304.9
Solapur,Nizamabad,train,195,3.74,257.1
Solapur,Guntur,train,327,6.38,504.7
Solapur,Guntur,flight,2361,0.79,504.7
Solapur,Amravati,flight,2157,0.8,413.2
Solapur,Kakinada,train,415,10.96,677.2
Solapur,Tirupati,train,370,9.57,585.1
Solapur,Puri,flight,4403,2.07,1072.0
Solapur,Shimoga,train,247,8.7,416.3
Solapur,Ongole,train,283,10.0,502.3
Solapur,Bathinda,flight,5727,2.7,1399.0
Solapur,Darbhanga,flight,4751,2.55,1396.5
Solapur,Satara,train,154,4.49,202.7
Solapur,Satara,flight,1518,0.27,202.7
Solapur,Proddatur,train,240,7.75,429.4
Solapur,Proddatur,flight,2172,0.61,429.4
Solapur,Kollam,train,491,11.47,977.8
Solapur,Ambala,flight,4772,2.9,1417.0
Solapur,Siliguri,flight,5302,2.31,1633.5
Solapur,Rohtak,flight,4508,1.62,1251.4
Solapur,Etawah,train,550,14.63,1063.8
Solapur,Etawah,flight,4360,1.85,1063.8
Solapur,Orai,train,494,13.01,996.2
Solapur,Orai,flight,3747,1.47,996.2
Solapur,Haldwani,flight,5531,2.84,1336.6
Solapur,Muzaffarpur,flight,5121,2.13,1356.4
Solapur,Ramagundam,train,241,6.24,405.1
Solapur,Baripada,flight,4121,2.04,1228.7
Solapur,Tezpur,flight,7370,2.81,2002.9
Solapur,Korba,flight,3899,1.68,885.3
Solapur,Nagapattinam,flight,3823,1.65,875.4
Solapur,Mahbubnagar,train,187,4.38,243.2
Solapur,Buxar,flight,4099,2.37,1225.1
Solapur,Sagar,train,454,8.67,747.4
Solapur,Chittoor,train,319,9.59,601.0
Solapur,Arrah,flight,4209,1.74,1261.0
Solapur,Bharuch,train,295,6.36,542.1
Solapur,Balasore,flight,4230,1.65,1230.7
Solapur,Jalgaon,train,244,4.45,374.0
Solapur,Palakkad,train,414,9.8,768.5
Solapur,Unnao,flight,4692,1.72,1093.7
Solapur,Bilaspur,train,461,9.32,816.1
Mangalore,Mumbai,train,411,15.89,717.0
Mangalore,Mumbai,flight,3249,1.09,717.0
Mangalore,Delhi,flight,5640,2.69,1771.1
Mangalore,Bengaluru,train,202,5.47,296.8
Mangalore,Kolkata,flight,6396,2.66,1786.8
Mangalore,Chennai,train,310,9.34,586.9
Mangalore,Hyderabad,train,388,7.44,631.6
Mangalore,Pune,train,352,8.94,632.5
Mangalore,Ahmedabad,flight,4854,1.85,1149.6
Mangalore,Jaipur,flight,5272,2.29,1559.6
Mangalore,Surat,train,492,17.89,942.9
Mangalore,Surat,flight,3732,1.37,942.9
Mangalore,Lucknow,flight,5772,2.39,1674.2
Mangalore,Kanpur,flight,6373,2.24,1609.9
Mangalore,Nagpur,flight,3492,1.77,1019.7
Mangalore,Indore,flight,4255,1.63,1095.4
Mangalore,Thane,flight,2884,1.42,729.1
Mangalore,Bhopal,train,649,13.94,1181.6
Mangalore,Visakhapatnam,train,628,12.31,1041.8
Mangalore,Pimpri-Chinchwad,train,353,8.32,645.5
Mangalore,Pimpri-Chinchwad,flight,2703,0.85,645.5
Mangalore,Patna,flight,5836,2.34,1773.7
Mangalore,Vadodara,train,595,12.33,1059.4
Mangalore,Vadodara,flight,4118,2.02,1059.4
Mangalore,Ghaziabad,flight,6584,3.17,1772.4
Mangalore,Ludhiana,flight,6407,4.02,2002.7
Mangalore,Agra,flight,5633,3.28,1619.5
Mangalore,Nashik,train,464,11.03,795.8
Mangalore,Nashik,flight,3191,1.28,795.8
Mangalore,Faridabad,flight,6826,2.2,1741.7
Mangalore,Meerut,flight,6064,4.0,1811.1
Mangalore,Rajkot,flight,4086,1.55,1128.8
Mangalore,Kalyan,train,408,8.14,727.0
Mangalore,Vasai-Virar,train,411,13.05,751.7
Mangalore,Varanasi,flight,5823,2.33,1620.4
Mangalore,Srinagar,flight,9025,3.75,2354.0
Mangalore,Dhanbad,flight,5848,3.57,1717.5
Mangalore,Jodhpur,flight,5192,3.31,1493.9
Mangalore,Amritsar,flight,6654,3.69,2081.6
Mangalore,Nanded,train,415,9.7,742.1
Mangalore,Gwalior,train,869,24.62,1519.6
Mangalore,Kolhapur,train,244,4.83,426.5
Mangalore,Bhubaneswar,flight,4587,2.59,1427.3
Mangalore,Solapur,train,342,10.83,539.6
Mangalore,Solapur,flight,2511,0.97,539.6
Mangalore,Tiruchirappalli,train,269,6.23,480.8
Mangalore,BiharSharif,flight,6014,3.49,1765.0
Mangalore,Aligarh,flight,5579,3.16,1699.5
Mangalore,Tirunelveli,train,340,8.04,564.3
Mangalore,Bhiwandi,train,434,15.3,733.6
Mangalore,Saharanpur,flight,6309,2.8,1916.0
Mangalore,Gorakhpur,flight,6902,3.29,1777.3
Mangalore,Jalandhar,flight,7945,3.11,2048.6
Mangalore,Jamshedpur,flight,5518,2.3,1626.8
Mangalore,Salem,train,223,7.69,383.5
Mangalore,Salem,flight,2229,0.56,383.5
Mangalore,Warangal,train,425,11.48,757.4
Mangalore,Mira-Bhayandar,flight,3024,1.11,739.4
Mangalore,Thiruvananthapuram,train,327,7.55,538.5
Mangalore,Bhilai,flight,4007,1.53,1155.1
Mangalore,Ujjain,train,581,19.05,1145.6
Mangalore,Durgapur,flight,6466,2.57,1764.8
Mangalore,Asansol,flight,5787,2.75,1749.0
Mangalore,Rourkela,flight,5523,3.22,1483.1
Mangalore,Nellore,train,346,6.69,579.7
Mangalore,Dehradun,flight,7445,3.71,1962.4
Mangalore,Davanagere,train,167,2.9,207.3
Mangalore,Kozhikode,train,169,2.53,209.7
Mangalore,Kozhikode,flight,1602,0.43,209.7
Mangalore,Akola,flight,3761,1.64,895.6
Mangalore,Kurnool,train,314,5.91,471.6
Mangalore,Nizamabad,flight,3426,1.12,727.9
Mangalore,Guntur,flight,2935,1.05,709.0
Mangalore,Amravati,flight,3624,1.28,944.0
Mangalore,Kakinada,train,460,14.27,914.0
Mangalore,Kakinada,flight,3402,1.61,914.0
Mangalore,Tirupati,train,306,8.38,500.2
Mangalore,Puri,flight,5455,1.76,1399.0
Mangalore,Shimoga,train,121,2.17,136.7
Mangalore,Ongole,train,349,9.95,629.6
Mangalore,Ongole,flight,2507,1.15,629.6
Mangalore,Bathinda,flight,6542,3.58,1923.3
Mangalore,Darbhanga,flight,5797,2.77,1869.9
Mangalore,Satara,flight,2579,0.71,538.0
Mangalore,Proddatur,train,272,6.32,448.0
Mangalore,Kollam,train,274,9.51,486.6
Mangalore,Ambala,flight,6439,4.06,1951.9
Mangalore,Siliguri,flight,6413,3.71,2086.6
Mangalore,Rohtak,flight,5975,3.85,1786.2
Mangalore,Etawah,flight,6382,3.32,1602.2
Mangalore,Orai,flight,6158,2.92,1531.6
Mangalore,Haldwani,flight,6115,2.91,1875.7
Mangalore,Muzaffarpur,flight,5696,3.71,1835.1
Mangalore,Ramagundam,flight,3737,1.77,823.1
Mangalore,Baripada,flight,5705,2.22,1609.3
Mangalore,Tezpur,flight,7703,3.86,2414.3
Mangalore,Korba,flight,4911,2.35,1341.7
Mangalore,Nagapattinam,train,352,8.24,592.6
Mangalore,Mahbubnagar,train,324,11.04,542.4
Mangalore,Mahbubnagar,flight,2352,0.76,542.4
Mangalore,Buxar,flight,6249,2.22,1711.6
Mangalore,Sagar,flight,4585,2.07,1281.7
Mangalore,Chittoor,train,267,9.43,461.0
Mangalore,Arrah,train,960,22.97,1741.4
Mangalore,Arrah,flight,5878,2.79,1741.4
Mangalore,Bharuch,flight,4292,1.98,996.8
Mangalore,Balasore,flight,6073,2.52,1596.9
Mangalore,Jalgaon,flight,3193,1.28,903.1
Mangalore,Palakkad,train,194,5.91,307.0
Mangalore,Palakkad,flight,1878,0.61,307.0
Mangalore,Unnao,flight,5812,2.07,1624.6
Mangalore,Bilaspur,flight,4929,1.94,1278.1
Tiruchirappalli,Mumbai,flight,4382,2.35,1113.5
Tiruchirappalli,Delhi,flight,6956,4.43,1998.9
Tiruchirappalli,Bengaluru,flight,1559,0.4,270.9
Tiruchirappalli,Kolkata,flight,6596,2.22,1664.3
Tiruchirappalli,Chennai,train,218,5.91,306.6
Tiruchirappalli,Chennai,flight,1700,0.54,306.6
Tiruchirappalli,Hyderabad,train,426,12.98,733.7
Tiruchirappalli,Pune,flight,4268,1.87,1005.1
Tiruchirappalli,Ahmedabad,flight,6016,2.97,1507.9
Tiruchirappalli,Jaipur,flight,6204,2.47,1818.5
Tiruchirappalli,Surat,flight,5171,2.73,1313.4
Tiruchirappalli,Lucknow,flight,7085,3.11,1800.8
Tiruchirappalli,Kanpur,flight,6363,2.56,1749.6
Tiruchirappalli,Nagpur,train,583,14.97,1152.2
Tiruchirappalli,Nagpur,flight,4297,1.73,1152.2
Tiruchirappalli,Indore,flight,4857,1.84,1360.5
Tiruchirappalli,Thane,flight,4369,1.49,1120.6
Tiruchirappalli,Bhopal,flight,5454,2.35,1393.3
Tiruchirappalli,Visakhapatnam,train,458,11.19,907.9
Tiruchirappalli,Pimpri-Chinchwad,flight,4297,1.81,1018.6
Tiruchirappalli,Patna,flight,5799,3.47,1779.9
Tiruchirappalli,Vadodara,flight,5443,2.71,1408.9
Tiruchirappalli,Ghaziabad,flight,7147,2.53,1992.3
Tiruchirappalli,Ludhiana,flight,8060,3.22,2255.4
Tiruchirappalli,Agra,flight,6817,2.41,1823.5
Tiruchirappalli,Nashik,flight,4567,1.77,1151.1
Tiruchirappalli,Faridabad,flight,6600,3.11,1964.4
Tiruchirappalli,Meerut,flight,6311,3.25,2025.7
Tiruchirappalli,Rajkot,train,858,17.11,1531.5
Tiruchirappalli,Rajkot,flight,5859,2.13,1531.5
Tiruchirappalli,Kalyan,flight,4691,2.32,1113.6
Tiruchirappalli,Vasai-Virar,flight,4095,1.55,1144.6
Tiruchirappalli,Varanasi,flight,6245,3.34,1676.8
Tiruchirappalli,Srinagar,flight,8998,3.59,2620.4
Tiruchirappalli,Dhanbad,flight,6517,3.22,1661.4
Tiruchirappalli,Jodhpur,flight,6009,3.35,1818.4
Tiruchirappalli,Amritsar,flight,8217,4.27,2351.0
Tiruchirappalli,Nanded,train,515,11.68,941.7
Tiruchirappalli,Nanded,flight,3370,1.31,941.7
Tiruchirappalli,Gwalior,flight,6168,2.18,1716.4
Tiruchirappalli,Kolhapur,train,440,12.46,815.0
Tiruchirappalli,Bhubaneswar,flight,4432,1.68,1302.8
Tiruchirappalli,Solapur,train,457,16.57,821.2
Tiruchirappalli,Solapur,flight,2956,1.79,821.2
Tiruchirappalli,Mangalore,train,285,5.66,480.8
Tiruchirappalli,Mangalore,flight,2521,0.74,480.8
Tiruchirappalli,BiharSharif,flight,6237,2.29,1755.8
Tiruchirappalli,Aligarh,flight,7085,2.39,1903.3
Tiruchirappalli,Tirunelveli,train,189,2.97,253.2
Tiruchirappalli,Bhiwandi,train,581,17.26,1121.7
Tiruchirappalli,Bhiwandi,flight,4001,1.77,1121.7
Tiruchirappalli,Saharanpur,flight,7176,3.3,2135.4
Tiruchirappalli,Gorakhpur,flight,6447,2.96,1842.0
Tiruchirappalli,Jalandhar,flight,7770,3.69,2306.0
Tiruchirappalli,Jamshedpur,flight,5072,2.5,1555.2
Tiruchirappalli,Salem,train,115,2.3,114.7
Tiruchirappalli,Warangal,flight,3022,1.18,803.9
Tiruchirappalli,Mira-Bhayandar,train,562,17.93,1133.5
Tiruchirappalli,Mira-Bhayandar,flight,4285,1.5,1133.5
Tiruchirappalli,Thiruvananthapuram,train,210,3.82,317.9
Tiruchirappalli,Bhilai,train,696,14.74,1192.5
Tiruchirappalli,Ujjain,flight,5481,2.17,1412.0
Tiruchirappalli,Durgapur,flight,5858,2.47,1683.9
Tiruchirappalli,Asansol,flight,5646,3.09,1679.0
Tiruchirappalli,Rourkela,flight,5631,2.24,1433.3
Tiruchirappalli,Nellore,train,261,7.98,429.2
Tiruchirappalli,Dehradun,flight,7531,2.8,2172.3
Tiruchirappalli,Davanagere,train,332,11.21,508.0
Tiruchirappalli,Kozhikode,train,196,4.05,323.4
Tiruchirappalli,Kozhikode,flight,1955,0.52,323.4
Tiruchirappalli,Akola,train,635,17.19,1116.8
Tiruchirappalli,Akola,flight,3889,1.63,1116.8
Tiruchirappalli,Kurnool,train,328,7.06,564.8
Tiruchirappalli,Kurnool,flight,2860,1.15,564.8
Tiruchirappalli,Nizamabad,flight,3833,1.37,878.9
Tiruchirappalli,Guntur,train,366,12.5,641.3
Tiruchirappalli,Guntur,flight,2741,1.37,641.3
Tiruchirappalli,Amravati,flight,4170,1.42,1132.4
Tiruchirappalli,Kakinada,train,403,14.2,788.1
Tiruchirappalli,Kakinada,flight,2887,1.08,788.1
Tiruchirappalli,Tirupati,train,209,5.52,325.0
Tiruchirappalli,Puri,flight,4913,1.91,1260.7
Tiruchirappalli,Shimoga,train,269,6.14,487.7
Tiruchirappalli,Ongole,train,327,8.5,544.2
Tiruchirappalli,Ongole,flight,2439,0.95,544.2
Tiruchirappalli,Bathinda,flight,6694,2.76,2194.2
Tiruchirappalli,Darbhanga,flight,7302,3.35,1867.8
Tiruchirappalli,Satara,flight,3280,1.85,918.9
Tiruchirappalli,Proddatur,train,268,6.32,440.6
Tiruchirappalli,Proddatur,flight,2121,0.68,440.6
Tiruchirappalli,Kollam,train,199,4.16,311.4
Tiruchirappalli,Ambala,flight,6938,2.88,2187.2
Tiruchirappalli,Siliguri,flight,7625,2.61,2042.5
Tiruchirappalli,Rohtak,flight,7009,2.6,2025.0
Tiruchirappalli,Etawah,flight,6236,2.62,1778.9
Tiruchirappalli,Orai,flight,5740,2.87,1692.1
Tiruchirappalli,Haldwani,flight,6461,3.27,2050.9
Tiruchirappalli,Muzaffarpur,flight,5927,2.56,1843.7
Tiruchirappalli,Ramagundam,train,504,18.19,892.6
Tiruchirappalli,Baripada,flight,5076,2.31,1504.9
Tiruchirappalli,Tezpur,flight,7274,3.54,2300.4
Tiruchirappalli,Korba,flight,5572,2.13,1356.2
Tiruchirappalli,Nagapattinam,train,109,1.59,124.2
Tiruchirappalli,Mahbubnagar,train,366,7.54,666.3
Tiruchirappalli,Buxar,flight,6043,3.1,1740.7
Tiruchirappalli,Sagar,flight,5181,3.05,1450.9
Tiruchirappalli,Chittoor,train,198,4.4,273.2
Tiruchirappalli,Arrah,flight,6440,2.48,1758.2
Tiruchirappalli,Bharuch,flight,5003,2.02,1356.6
Tiruchirappalli,Balasore,flight,4940,3.23,1478.1
Tiruchirappalli,Jalgaon,flight,4838,2.1,1184.6
Tiruchirappalli,Palakkad,train,152,2.99,223.9
Tiruchirappalli,Unnao,flight,5904,2.32,1760.9
Tiruchirappalli,Bilaspur,flight,4862,1.71,1307.4
BiharSharif,Mumbai,flight,5625,3.14,1468.2
BiharSharif,Delhi,train,460,17.14,920.4
BiharSharif,Bengaluru,flight,6127,2.35,1593.3
BiharSharif,Kolkata,train,241,5.31,411.1
BiharSharif,Chennai,flight,4803,3.06,1455.3
BiharSharif,Hyderabad,flight,4693,2.44,1133.4
BiharSharif,Pune,flight,5770,2.78,1413.2
BiharSharif,Ahmedabad,flight,4565,2.67,1335.6
BiharSharif,Jaipur,flight,3900,1.65,990.3
BiharSharif,Surat,flight,5289,1.99,1371.3
BiharSharif,Lucknow,train,317,5.61,492.2
BiharSharif,Kanpur,train,300,6.39,537.4
BiharSharif,Nagpur,train,438,17.31,796.9
BiharSharif,Indore,train,607,13.96,1019.4
BiharSharif,Thane,flight,4660,2.39,1451.2
BiharSharif,Bhopal,flight,3024,1.15,849.6
BiharSharif,Visakhapatnam,train,479,10.71,868.6
BiharSharif,Visakhapatnam,flight,3312,1.24,868.6
BiharSharif,Pimpri-Chinchwad,flight,5569,2.33,1411.5
BiharSharif,Patna,train,72,0.69,58.2
BiharSharif,Vadodara,flight,4864,2.54,1295.6
BiharSharif,Ghaziabad,train,483,10.02,887.4
BiharSharif,Ludhiana,train,596,24.5,1139.7
BiharSharif,Ludhiana,flight,4500,1.83,1139.7
BiharSharif,Agra,train,423,10.61,780.8
BiharSharif,Agra,flight,2908,1.18,780.8
BiharSharif,Nashik,flight,4831,2.55,1335.0
BiharSharif,Faridabad,flight,3833,1.26,888.4
BiharSharif,Meerut,flight,3246,1.21,880.1
BiharSharif,Rajkot,flight,4976,2.15,1531.1
BiharSharif,Kalyan,flight,5149,2.93,1436.2
BiharSharif,Vasai-Virar,flight,4723,2.07,1454.5
BiharSharif,Varanasi,train,181,4.2,256.3
BiharSharif,Srinagar,flight,5546,2.92,1429.8
BiharSharif,Dhanbad,train,136,2.44,181.3
BiharSharif,Dhanbad,flight,1361,0.35,181.3
BiharSharif,Jodhpur,flight,5051,2.09,1256.5
BiharSharif,Amritsar,flight,5269,1.63,1262.2
BiharSharif,Nanded,train,542,13.24,1078.6
BiharSharif,Gwalior,train,399,12.71,743.6
BiharSharif,Kolhapur,flight,5598,2.87,1503.0
BiharSharif,Bhubaneswar,train,339,7.96,546.2
BiharSharif,Solapur,flight,4473,2.14,1300.2
BiharSharif,Mangalore,flight,5806,3.11,1765.0
BiharSharif,Tiruchirappalli,flight,5843,2.62,1755.8
BiharSharif,Aligarh,train,406,10.65,797.5
BiharSharif,Aligarh,flight,3434,1.61,797.5
BiharSharif,Tirunelveli,flight,7825,3.89,2009.0
BiharSharif,Bhiwandi,flight,5742,2.47,1440.2
BiharSharif,Saharanpur,train,507,18.99,947.2
BiharSharif,Saharanpur,flight,4180,1.42,947.2
BiharSharif,Gorakhpur,train,202,3.16,275.9
BiharSharif,Jalandhar,flight,4828,1.96,1187.5
BiharSharif,Jamshedpur,train,190,5.32,275.3
BiharSharif,Salem,flight,6421,2.13,1693.1
BiharSharif,Warangal,train,591,11.82,1010.5
BiharSharif,Mira-Bhayandar,flight,5851,1.94,1459.2
BiharSharif,Thiruvananthapuram,flight,7748,3.36,2065.1
BiharSharif,Bhilai,train,343,12.54,610.9
BiharSharif,Bhilai,flight,2485,1.13,610.9
BiharSharif,Ujjain,flight,3796,1.3,1012.3
BiharSharif,Durgapur,train,194,4.17,260.5
BiharSharif,Asansol,train,174,2.79,222.7
BiharSharif,Rourkela,train,196,4.05,333.8
BiharSharif,Nellore,flight,4613,1.8,1328.3
BiharSharif,Dehradun,train,564,15.03,930.4
BiharSharif,Dehradun,flight,3488,1.98,930.4
BiharSharif,Davanagere,flight,5128,3.04,1558.3
BiharSharif,Kozhikode,flight,6621,3.03,1858.4
BiharSharif,Akola,flight,3715,2.19,1004.6
BiharSharif,Kurnool,flight,4358,1.89,1300.4
BiharSharif,Nizamabad,flight,4231,2.31,1054.6
BiharSharif,Guntur,flight,3755,2.09,1120.9
BiharSharif,Amravati,train,555,12.47,923.7
BiharSharif,Kakinada,train,575,18.13,973.9
BiharSharif,Tirupati,flight,5433,1.8,1436.2
BiharSharif,Puri,flight,2497,1.15,599.8
BiharSharif,Shimoga,flight,5953,2.17,1628.6
BiharSharif,Ongole,flight,4958,2.66,1219.0
BiharSharif,Bathinda,train,669,19.46,1179.9
BiharSharif,Darbhanga,train,103,1.5,112.5
BiharSharif,Satara,flight,4991,1.88,1455.5
BiharSharif,Proddatur,flight,5286,2.22,1370.6
BiharSharif,Kollam,flight,7599,2.65,2043.5
BiharSharif,Ambala,flight,3602,1.56,1034.3
BiharSharif,Siliguri,train,197,5.75,335.7
BiharSharif,Siliguri,flight,2039,0.52,335.7
BiharSharif,Rohtak,flight,4196,1.93,973.2
BiharSharif,Etawah,train,423,11.35,673.4
BiharSharif,Orai,train,344,8.16,613.9
BiharSharif,Haldwani,train,444,8.91,743.1
BiharSharif,Muzaffarpur,train,107,1.28,103.2
BiharSharif,Ramagundam,flight,4120,1.25,942.1
BiharSharif,Baripada,train,247,4.56,385.6
BiharSharif,Tezpur,flight,3342,1.27,745.0
BiharSharif,Korba,train,253,7.4,423.4
BiharSharif,Nagapattinam,flight,6640,2.42,1712.2
BiharSharif,Mahbubnagar,flight,5124,1.53,1222.6
BiharSharif,Buxar,train,132,2.42,141.3
BiharSharif,Sagar,flight,2617,0.91,702.4
BiharSharif,Chittoor,flight,5567,2.48,1492.4
BiharSharif,Arrah,train,88,1.72,94.4
BiharSharif,Bharuch,flight,5146,1.69,1332.6
BiharSharif,Balasore,train,251,6.01,437.0
BiharSharif,Jalgaon,train,575,15.51,1119.4
BiharSharif,Palakkad,flight,6552,3.27,1855.0
BiharSharif,Unnao,train,312,6.53,525.2
BiharSharif,Bilaspur,flight,2113,1.02,488.7
Aligarh,Mumbai,train,561,14.35,1115.2
Aligarh,Mumbai,flight,3948,2.02,1115.2
Aligarh,Delhi,train,113,1.88,131.7
Aligarh,Bengaluru,flight,6550,2.32,1660.5
Aligarh,Kolkata,flight,4592,2.01,1190.4
Aligarh,Chennai,flight,6300,2.89,1662.8
Aligarh,Hyderabad,flight,4950,1.78,1169.6
Aligarh,Pune,flight,4265,1.58,1128.5
Aligarh,Ahmedabad,train,403,16.02,774.7
Aligarh,Jaipur,train,160,5.26,252.1
Aligarh,Surat,flight,3573,1.86,917.5
Aligarh,Lucknow,train,186,3.57,305.4
Aligarh,Kanpur,train,174,3.22,274.2
Aligarh,Nagpur,train,464,11.31,757.5
Aligarh,Indore,train,331,7.15,617.8
Aligarh,Indore,flight,3033,1.03,617.8
Aligarh,Thane,train,639,14.32,1096.3
Aligarh,Thane,flight,4326,1.41,1096.3
Aligarh,Bhopal,train,327,9.26,520.1
Aligarh,Visakhapatnam,flight,4506,1.95,1250.8
Aligarh,Pimpri-Chinchwad,train,589,23.03,1119.5
Aligarh,Pimpri-Chinchwad,flight,4071,1.53,1119.5
Aligarh,Patna,train,397,11.7,745.2
Aligarh,Patna,flight,3009,1.17,745.2
Aligarh,Vadodara,train,476,10.96,793.8
Aligarh,Vadodara,flight,3197,1.37,793.8
Aligarh,Ghaziabad,train,109,1.37,105.9
Aligarh,Ghaziabad,flight,1065,0.19,105.9
Aligarh,Ludhiana,train,228,4.49,397.8
Aligarh,Ludhiana,flight,1804,0.83,397.8
Aligarh,Agra,train,90,0.94,80.5
Aligarh,Nashik,train,528,18.92,980.8
Aligarh,Nashik,flight,3950,1.49,980.8
Aligarh,Faridabad,train,105,1.28,94.5
Aligarh,Meerut,train,112,1.53,126.5
Aligarh,Rajkot,flight,4026,1.51,961.4
Aligarh,Kalyan,train,592,21.28,1087.0
Aligarh,Vasai-Virar,train,563,19.95,1086.1
Aligarh,Vasai-Virar,flight,4102,1.44,1086.1
Aligarh,Varanasi,train,359,9.22,564.0
Aligarh,Srinagar,train,440,12.37,755.9
Aligarh,Dhanbad,flight,3713,2.05,950.9
Aligarh,Jodhpur,train,323,10.79,534.2
Aligarh,Jodhpur,flight,2360,0.87,534.2
Aligarh,Amritsar,train,338,9.76,518.6
Aligarh,Nanded,flight,4118,1.95,975.4
Aligarh,Gwalior,train,142,3.15,186.9
Aligarh,Kolhapur,flight,4294,1.84,1305.6
Aligarh,Bhubaneswar,train,568,13.0,1153.0
Aligarh,Bhubaneswar,flight,3913,1.64,1153.0
Aligarh,Solapur,train,604,14.87,1160.0
Aligarh,Mangalore,flight,6768,2.18,1699.5
Aligarh,Tiruchirappalli,flight,6108,3.15,1903.3
Aligarh,BiharSharif,flight,3212,1.13,797.5
Aligarh,Tirunelveli,flight,7792,4.2,2133.4
Aligarh,Bhiwandi,train,545,24.07,1086.0
Aligarh,Bhiwandi,flight,4633,1.51,1086.0
Aligarh,Saharanpur,train,169,4.66,235.8
Aligarh,Saharanpur,flight,1610,0.48,235.8
Aligarh,Gorakhpur,train,322,11.89,537.1
Aligarh,Gorakhpur,flight,2239,0.83,537.1
Aligarh,Jalandhar,train,261,8.13,452.0
Aligarh,Jamshedpur,flight,3981,2.2,992.3
Aligarh,Salem,flight,5615,3.76,1805.0
Aligarh,Warangal,flight,4007,1.56,1114.7
Aligarh,Mira-Bhayandar,train,543,12.59,1096.3
Aligarh,Mira-Bhayandar,flight,4387,2.07,1096.3
Aligarh,Thiruvananthapuram,flight,8362,3.24,2157.6
Aligarh,Bhilai,train,448,12.55,818.6
Aligarh,Bhilai,flight,3511,1.16,818.6
Aligarh,Ujjain,train,351,7.69,573.2
Aligarh,Durgapur,flight,3671,1.5,1043.9
Aligarh,Asansol,flight,4298,1.6,1003.5
Aligarh,Rourkela,train,463,13.67,925.4
Aligarh,Rourkela,flight,3777,1.49,925.4
Aligarh,Nellore,flight,5899,2.33,1508.9
Aligarh,Dehradun,train,184,3.58,269.0
Aligarh,Davanagere,flight,5343,2.98,1510.3
Aligarh,Kozhikode,train,968,27.98,1865.7
Aligarh,Kozhikode,flight,6379,4.03,1865.7
Aligarh,Akola,train,477,16.23,807.7
Aligarh,Akola,flight,3428,1.42,807.7
Aligarh,Kurnool,flight,4716,1.68,1342.1
Aligarh,Nizamabad,flight,3562,1.53,1025.8
Aligarh,Guntur,flight,4766,1.8,1311.2
Aligarh,Amravati,train,469,13.15,774.9
Aligarh,Kakinada,flight,5308,2.0,1285.7
Aligarh,Tirupati,flight,6292,3.3,1592.6
Aligarh,Puri,train,603,15.52,1194.3
Aligarh,Shimoga,flight,5303,2.65,1574.9
Aligarh,Ongole,flight,4768,1.93,1392.6
Aligarh,Bathinda,train,240,5.6,399.3
Aligarh,Bathinda,flight,1832,0.57,399.3
Aligarh,Darbhanga,train,406,17.07,796.7
Aligarh,Darbhanga,flight,2987,1.5,796.7
Aligarh,Satara,flight,4604,1.62,1210.9
Aligarh,Proddatur,flight,4742,1.97,1462.7
Aligarh,Kollam,flight,7482,4.24,2118.8
Aligarh,Ambala,train,215,3.5,303.8
Aligarh,Siliguri,train,615,17.6,1029.9
Aligarh,Siliguri,flight,3793,1.29,1029.9
Aligarh,Rohtak,train,149,2.93,182.5
Aligarh,Etawah,train,115,2.44,153.8
Aligarh,Orai,flight,1528,0.42,251.8
Aligarh,Haldwani,train,158,2.5,202.4
Aligarh,Muzaffarpur,flight,3012,1.51,749.7
Aligarh,Ramagundam,train,607,12.97,1025.3
Aligarh,Ramagundam,flight,3601,1.41,1025.3
Aligarh,Baripada,train,635,12.44,1096.8
Aligarh,Baripada,flight,4682,1.59,1096.8
Aligarh,Tezpur,flight,5722,2.59,1459.0
Aligarh,Korba,train,428,13.05,774.3
Aligarh,Korba,flight,3264,1.07,774.3
Aligarh,Nagapattinam,flight,7410,2.42,1913.0
Aligarh,Mahbubnagar,flight,4784,2.07,1240.5
Aligarh,Buxar,train,407,8.12,657.4
Aligarh,Sagar,train,280,6.95,456.0
Aligarh,Sagar,flight,2482,0.99,456.0
Aligarh,Chittoor,flight,5145,3.35,1635.7
Aligarh,Arrah,train,409,14.86,703.1
Aligarh,Bharuch,flight,3554,1.63,857.8
Aligarh,Balasore,train,585,14.29,1142.0
Aligarh,Jalgaon,train,475,14.53,807.5
Aligarh,Palakkad,flight,7489,2.7,1908.5
Aligarh,Unnao,train,191,3.89,281.1
Aligarh,Bilaspur,train,394,8.72,764.8
Tirunelveli,Mumbai,flight,4197,1.63,1266.5
Tirunelveli,Delhi,flight,7547,3.33,2223.9
Tirunelveli,Bengaluru,train,304,6.82,473.8
Tirunelveli,Kolkata,flight,6172,3.11,1912.3
Tirunelveli,Chennai,flight,2328,1.05,558.0
Tirunelveli,Hyderabad,train,558,13.43,967.4
Tirunelveli,Hyderabad,flight,3984,1.28,967.4
Tirunelveli,Pune,train,578,18.62,1168.8
Tirunelveli,Ahmedabad,flight,5833,2.21,1684.3
Tirunelveli,Jaipur,flight,7213,2.79,2034.2
Tirunelveli,Surat,flight,5497,2.33,1482.2
Tirunelveli,Lucknow,flight,6809,2.72,2044.1
Tirunelveli,Kanpur,flight,7641,3.35,1990.8
Tirunelveli,Nagpur,flight,5392,1.76,1389.7
Tirunelveli,Indore,flight,5022,2.05,1570.5
Tirunelveli,Thane,flight,4487,1.67,1276.4
Tirunelveli,Bhopal,flight,6331,2.7,1617.9
Tirunelveli,Visakhapatnam,train,680,16.11,1159.5
Tirunelveli,Visakhapatnam,flight,4270,2.24,1159.5
Tirunelveli,Pimpri-Chinchwad,flight,4902,1.84,1182.3
Tirunelveli,Patna,flight,7078,2.96,2032.8
Tirunelveli,Vadodara,flight,6147,2.97,1588.6
Tirunelveli,Ghaziabad,flight,8206,4.2,2219.2
Tirunelveli,Ludhiana,flight,7789,5.25,2474.9
Tirunelveli,Agra,flight,7473,2.95,2053.1
Tirunelveli,Nashik,flight,4431,2.63,1325.2
Tirunelveli,Faridabad,flight,7655,3.41,2190.5
Tirunelveli,Meerut,flight,7180,3.35,2254.0
Tirunelveli,Rajkot,flight,6159,2.2,1683.9
Tirunelveli,Kalyan,flight,4420,1.66,1272.0
Tirunelveli,Vasai-Virar,train,640,22.4,1299.9
Tirunelveli,Vasai-Virar,flight,5042,1.95,1299.9
Tirunelveli,Varanasi,flight,7441,3.61,1927.1
Tirunelveli,Srinagar,flight,9012,3.81,2837.2
Tirunelveli,Dhanbad,flight,6232,3.06,1914.0
Tirunelveli,Jodhpur,flight,7125,2.74,2011.6
Tirunelveli,Amritsar,flight,8267,4.73,2566.0
Tirunelveli,Nanded,train,649,16.27,1161.8
Tirunelveli,Gwalior,flight,7260,3.14,1946.9
Tirunelveli,Kolhapur,train,584,13.29,966.6
Tirunelveli,Bhubaneswar,flight,5161,3.03,1552.4
Tirunelveli,Solapur,flight,3730,1.79,1014.7
Tirunelveli,Mangalore,train,330,11.39,564.3
Tirunelveli,Tiruchirappalli,train,160,3.4,253.2
Tirunelveli,BiharSharif,flight,7159,4.19,2009.0
Tirunelveli,Aligarh,flight,8152,4.66,2133.4
Tirunelveli,Bhiwandi,flight,4837,2.49,1279.4
Tirunelveli,Saharanpur,flight,7868,3.95,2363.0
Tirunelveli,Gorakhpur,flight,7492,3.42,2092.1
Tirunelveli,Jalandhar,flight,8555,5.19,2524.5
Tirunelveli,Jamshedpur,flight,5975,2.28,1807.4
Tirunelveli,Salem,train,230,3.8,330.8
Tirunelveli,Salem,flight,2022,0.54,330.8
Tirunelveli,Warangal,train,520,19.47,1048.1
Tirunelveli,Warangal,flight,3560,1.78,1048.1
Tirunelveli,Mira-Bhayandar,flight,5342,2.42,1288.0
Tirunelveli,Thiruvananthapuram,train,96,1.09,92.5
Tirunelveli,Bhilai,flight,4899,2.88,1442.2
Tirunelveli,Ujjain,flight,5265,2.2,1622.1
Tirunelveli,Durgapur,flight,7242,3.18,1935.3
Tirunelveli,Asansol,flight,6059,2.55,1931.0
Tirunelveli,Rourkela,flight,5985,2.4,1686.4
Tirunelveli,Nellore,train,405,11.44,681.7
Tirunelveli,Nellore,flight,2760,1.48,681.7
Tirunelveli,Dehradun,flight,7523,4.95,2402.3
Tirunelveli,Davanagere,flight,3094,1.11,669.9
Tirunelveli,Kozhikode,train,207,4.01,356.2
Tirunelveli,Akola,flight,4491,2.12,1335.3
Tirunelveli,Kurnool,train,460,12.39,791.7
Tirunelveli,Nizamabad,flight,4398,1.89,1107.9
Tirunelveli,Guntur,train,453,13.35,892.9
Tirunelveli,Guntur,flight,3495,1.69,892.9
Tirunelveli,Amravati,flight,5109,1.75,1358.9
Tirunelveli,Kakinada,train,613,19.26,1040.8
Tirunelveli,Kakinada,flight,4313,1.45,1040.8
Tirunelveli,Tirupati,train,332,9.95,575.8
Tirunelveli,Puri,flight,5927,2.35,1509.2
Tirunelveli,Shimoga,train,381,7.11,627.1
Tirunelveli,Ongole,train,425,17.25,795.3
Tirunelveli,Ongole,flight,3608,1.76,795.3
Tirunelveli,Bathinda,flight,7392,3.91,2408.2
Tirunelveli,Darbhanga,flight,7730,4.19,2120.9
Tirunelveli,Satara,train,542,17.46,1076.8
Tirunelveli,Satara,flight,4278,2.36,1076.8
Tirunelveli,Proddatur,train,399,10.01,676.7
Tirunelveli,Kollam,train,106,1.56,127.1
Tirunelveli,Ambala,train,1247,29.92,2411.1
Tirunelveli,Ambala,flight,8561,3.52,2411.1
Tirunelveli,Siliguri,flight,8793,3.52,2295.1
Tirunelveli,Rohtak,flight,8493,3.74,2247.3
Tirunelveli,Etawah,flight,7405,2.86,2013.9
Tirunelveli,Orai,train,1087,23.39,1929.5
Tirunelveli,Haldwani,flight,7846,4.13,2287.4
Tirunelveli,Muzaffarpur,train,1180,39.18,2096.6
Tirunelveli,Muzaffarpur,flight,7999,4.26,2096.6
Tirunelveli,Ramagundam,train,586,18.73,1135.5
Tirunelveli,Baripada,train,944,25.66,1755.2
Tirunelveli,Baripada,flight,5770,3.89,1755.2
Tirunelveli,Tezpur,flight,9525,4.88,2547.1
Tirunelveli,Korba,flight,5651,2.33,1608.1
Tirunelveli,Nagapattinam,train,230,3.9,323.5
Tirunelveli,Nagapattinam,flight,1922,0.53,323.5
Tirunelveli,Mahbubnagar,train,491,17.21,893.0
Tirunelveli,Mahbubnagar,flight,3888,1.35,893.0
Tirunelveli,Buxar,flight,7565,3.4,1992.8
Tirunelveli,Sagar,flight,6626,3.34,1685.1
Tirunelveli,Chittoor,train,331,7.92,521.8
Tirunelveli,Arrah,flight,7766,2.7,2010.8
Tirunelveli,Bharuch,flight,6196,2.57,1531.0
Tirunelveli,Balasore,flight,5922,3.26,1727.3
Tirunelveli,Jalgaon,flight,5499,2.49,1387.1
Tirunelveli,Palakkad,train,176,5.78,260.2
Tirunelveli,Unnao,flight,6215,2.73,2002.6
Tirunelveli,Bilaspur,flight,6002,2.7,1558.3
Bhiwandi,Mumbai,train,64,0.35,29.9
Bhiwandi,Delhi,flight,4692,1.48,1125.0
Bhiwandi,Bengaluru,flight,3146,1.32,852.5
Bhiwandi,Kolkata,flight,5803,2.24,1630.1
Bhiwandi,Chennai,flight,3923,1.5,1033.1
Bhiwandi,Hyderabad,train,333,11.94,610.3
Bhiwandi,Pune,train,119,2.09,119.2
Bhiwandi,Ahmedabad,train,244,8.61,418.9
Bhiwandi,Jaipur,train,536,14.91,893.0
Bhiwandi,Jaipur,flight,3376,1.33,893.0
Bhiwandi,Surat,train,160,2.7,211.2
Bhiwandi,Lucknow,train,601,15.76,1164.8
Bhiwandi,Lucknow,flight,3908,2.08,1164.8
Bhiwandi,Kanpur,flight,3896,1.64,1090.4
Bhiwandi,Nagpur,train,348,9.0,662.2
Bhiwandi,Indore,train,282,9.47,479.9
Bhiwandi,Thane,train,59,0.13,11.2
Bhiwandi,Bhopal,train,383,12.79,631.5
Bhiwandi,Bhopal,flight,3060,1.25,631.5
Bhiwandi,Visakhapatnam,train,570,18.0,1085.7
Bhiwandi,Pimpri-Chinchwad,train,100,1.58,106.4
Bhiwandi,Patna,flight,5410,1.79,1424.8
Bhiwandi,Vadodara,train,219,7.41,336.6
Bhiwandi,Ghaziabad,train,558,23.95,1134.9
Bhiwandi,Ludhiana,flight,5440,1.75,1322.1
Bhiwandi,Agra,train,610,21.08,1012.6
Bhiwandi,Nashik,train,110,2.3,110.3
Bhiwandi,Faridabad,train,647,16.53,1103.0
Bhiwandi,Faridabad,flight,4186,1.71,1103.0
Bhiwandi,Meerut,train,629,23.66,1177.0
Bhiwandi,Meerut,flight,4049,2.05,1177.0
Bhiwandi,Rajkot,train,270,5.23,409.8
Bhiwandi,Rajkot,flight,2153,0.55,409.8
Bhiwandi,Kalyan,train,59,0.14,8.8
Bhiwandi,Vasai-Virar,train,66,0.4,26.1
Bhiwandi,Varanasi,train,597,15.57,1220.1
Bhiwandi,Srinagar,flight,6104,2.37,1654.7
Bhiwandi,Dhanbad,flight,5468,2.25,1470.2
Bhiwandi,Jodhpur,train,464,13.34,773.5
Bhiwandi,Amritsar,flight,5148,1.74,1385.3
Bhiwandi,Nanded,train,267,5.1,447.6
Bhiwandi,Gwalior,train,476,17.21,932.8
Bhiwandi,Gwalior,flight,3564,1.31,932.8
Bhiwandi,Kolhapur,train,203,4.4,312.8
Bhiwandi,Kolhapur,flight,1947,0.61,312.8
Bhiwandi,Bhubaneswar,flight,5149,2.7,1339.9
Bhiwandi,Solapur,train,217,4.9,350.2
Bhiwandi,Mangalore,train,432,9.8,733.6
Bhiwandi,Mangalore,flight,2819,0.96,733.6
Bhiwandi,Tiruchirappalli,train,573,15.52,1121.7
Bhiwandi,BiharSharif,flight,5057,1.93,1440.2
Bhiwandi,Aligarh,flight,4549,1.8,1086.0
Bhiwandi,Tirunelveli,flight,4828,1.9,1279.4
Bhiwandi,Saharanpur,flight,4808,2.01,1271.0
Bhiwandi,Gorakhpur,flight,4933,1.86,1342.5
Bhiwandi,Jalandhar,flight,4868,2.32,1362.7
Bhiwandi,Jamshedpur,flight,5702,1.86,1418.4
Bhiwandi,Salem,train,532,15.71,1007.0
Bhiwandi,Salem,flight,4069,1.34,1007.0
Bhiwandi,Warangal,train,412,14.28,703.7
Bhiwandi,Mira-Bhayandar,train,61,0.32,21.7
Bhiwandi,Thiruvananthapuram,flight,4983,2.13,1267.1
Bhiwandi,Bhilai,flight,3652,1.37,898.5
Bhiwandi,Ujjain,train,317,10.69,517.2
Bhiwandi,Durgapur,flight,5974,2.66,1547.9
Bhiwandi,Asansol,train,728,19.13,1517.9
Bhiwandi,Rourkela,train,735,26.79,1269.6
Bhiwandi,Rourkela,flight,5104,1.79,1269.6
Bhiwandi,Nellore,train,463,18.42,912.4
Bhiwandi,Nellore,flight,3357,1.34,912.4
Bhiwandi,Dehradun,flight,4448,2.23,1325.1
Bhiwandi,Davanagere,train,352,11.58,616.1
Bhiwandi,Kozhikode,train,558,14.98,938.6
Bhiwandi,Kozhikode,flight,3592,1.53,938.6
Bhiwandi,Akola,train,269,8.44,441.5
Bhiwandi,Akola,flight,2171,0.93,441.5
Bhiwandi,Kurnool,train,397,8.54,652.6
Bhiwandi,Nizamabad,train,337,7.11,533.6
Bhiwandi,Guntur,flight,3529,1.14,848.0
Bhiwandi,Amravati,train,331,5.97,524.7
Bhiwandi,Kakinada,train,544,20.14,1003.6
Bhiwandi,Kakinada,flight,3937,1.73,1003.6
Bhiwandi,Tirupati,flight,3610,1.46,924.4
Bhiwandi,Puri,flight,4723,2.09,1339.2
Bhiwandi,Shimoga,flight,2983,0.86,652.4
Bhiwandi,Ongole,train,521,16.55,852.1
Bhiwandi,Ongole,flight,3443,1.43,852.1
Bhiwandi,Bathinda,flight,4130,1.7,1229.9
Bhiwandi,Darbhanga,train,782,19.81,1520.4
Bhiwandi,Darbhanga,flight,5422,2.53,1520.4
Bhiwandi,Satara,train,145,3.74,203.6
Bhiwandi,Satara,flight,1596,0.26,203.6
Bhiwandi,Proddatur,train,470,10.49,771.0
Bhiwandi,Kollam,flight,4249,1.89,1217.0
Bhiwandi,Ambala,train,719,24.27,1289.2
Bhiwandi,Siliguri,flight,5586,3.19,1774.4
Bhiwandi,Rohtak,flight,3808,2.03,1127.7
Bhiwandi,Etawah,train,515,12.27,1032.7
Bhiwandi,Etawah,flight,3538,1.84,1032.7
Bhiwandi,Orai,flight,3557,1.26,993.4
Bhiwandi,Haldwani,flight,4272,2.8,1283.3
Bhiwandi,Muzaffarpur,flight,5744,2.24,1474.5
Bhiwandi,Ramagundam,train,374,8.85,685.3
Bhiwandi,Baripada,flight,5313,1.97,1453.9
Bhiwandi,Tezpur,flight,8235,3.09,2176.7
Bhiwandi,Korba,flight,3935,1.87,1063.3
Bhiwandi,Nagapattinam,train,609,22.43,1193.6
Bhiwandi,Nagapattinam,flight,4364,1.88,1193.6
Bhiwandi,Mahbubnagar,train,313,6.69,592.4
Bhiwandi,Buxar,flight,4731,1.88,1337.8
Bhiwandi,Sagar,train,458,9.1,775.3
Bhiwandi,Chittoor,flight,3808,1.42,932.8
Bhiwandi,Arrah,flight,4764,1.81,1381.3
Bhiwandi,Bharuch,train,179,4.39,269.4
Bhiwandi,Balasore,flight,4705,2.66,1466.0
Bhiwandi,Jalgaon,train,195,5.02,324.1
Bhiwandi,Palakkad,flight,3495,1.72,1020.4
Bhiwandi,Unnao,train,550,13.8,1108.0
Bhiwandi,Unnao,flight,4296,1.41,1108.0
Bhiwandi,Bilaspur,train,543,13.6,994.1
Bhiwandi,Bilaspur,flight,4308,1.7,994.1
Saharanpur,Mumbai,flight,4622,1.86,1299.1
Saharanpur,Delhi,train,114,1.96,146.6
Saharanpur,Bengaluru,flight,7401,2.88,1889.5
Saharanpur,Kolkata,train,766,27.82,1354.8
Saharanpur,Kolkata,flight,5075,1.73,1354.8
Saharanpur,Chennai,flight,5894,2.87,1897.9
Saharanpur,Hyderabad,flight,4669,2.12,1402.0
Saharanpur,Pune,flight,5363,2.82,1326.0
Saharanpur,Ahmedabad,flight,3748,1.54,916.7
Saharanpur,Jaipur,train,251,6.26,380.4
Saharanpur,Jaipur,flight,1912,0.75,380.4
Saharanpur,Surat,train,543,22.36,1085.9
Saharanpur,Surat,flight,3787,1.9,1085.9
Saharanpur,Lucknow,train,311,6.33,480.3
Saharanpur,Kanpur,train,297,9.11,476.6
Saharanpur,Nagpur,flight,4035,1.55,992.6
Saharanpur,Indore,flight,3367,1.22,822.9
Saharanpur,Thane,flight,5314,2.38,1280.6
Saharanpur,Bhopal,train,422,13.95,745.6
Saharanpur,Visakhapatnam,flight,5894,2.84,1481.4
Saharanpur,Pimpri-Chinchwad,train,727,25.64,1316.0
Saharanpur,Pimpri-Chinchwad,flight,4442,2.64,1316.0
Saharanpur,Patna,train,523,13.84,890.6
Saharanpur,Vadodara,flight,4190,1.27,956.2
Saharanpur,Ghaziabad,train,127,2.51,144.3
Saharanpur,Ludhiana,train,139,3.79,192.6
Saharanpur,Agra,train,216,4.59,313.2
Saharanpur,Agra,flight,1794,0.54,313.2
Saharanpur,Nashik,flight,4482,2.1,1170.9
Saharanpur,Faridabad,train,130,2.27,174.3
Saharanpur,Meerut,train,104,2.01,110.0
Saharanpur,Rajkot,train,565,15.6,1085.1
Saharanpur,Rajkot,flight,4617,1.75,1085.1
Saharanpur,Kalyan,flight,4393,1.96,1273.1
Saharanpur,Vasai-Virar,flight,4750,2.23,1267.8
Saharanpur,Varanasi,train,388,10.14,743.2
Saharanpur,Srinagar,train,324,9.96,526.3
Saharanpur,Dhanbad,train,632,14.23,1115.9
Saharanpur,Dhanbad,flight,4456,1.62,1115.9
Saharanpur,Jodhpur,train,387,8.48,606.8
Saharanpur,Amritsar,train,191,3.73,315.8
Saharanpur,Nanded,flight,4056,1.64,1202.3
Saharanpur,Gwalior,train,270,8.07,421.1
Saharanpur,Gwalior,flight,2135,0.68,421.1
Saharanpur,Kolhapur,flight,5538,2.86,1512.2
Saharanpur,Bhubaneswar,flight,4572,2.3,1359.1
Saharanpur,Solapur,flight,5084,1.93,1378.2
Saharanpur,Mangalore,flight,7144,2.7,1916.0
Saharanpur,Tiruchirappalli,flight,7363,3.27,2135.4
Saharanpur,BiharSharif,flight,4185,1.61,947.2
Saharanpur,Aligarh,train,156,2.91,235.8
Saharanpur,Tirunelveli,train,1196,35.43,2363.0
Saharanpur,Tirunelveli,flight,8817,3.75,2363.0
Saharanpur,Bhiwandi,train,636,14.5,1271.0
Saharanpur,Bhiwandi,flight,4484,1.63,1271.0
Saharanpur,Gorakhpur,train,350,10.07,672.1
Saharanpur,Jalandhar,train,163,4.53,241.8
Saharanpur,Jalandhar,flight,1459,0.38,241.8
Saharanpur,Jamshedpur,flight,4363,1.63,1172.7
Saharanpur,Salem,flight,7316,2.74,2035.8
Saharanpur,Warangal,flight,4690,1.94,1349.8
Saharanpur,Mira-Bhayandar,flight,5019,2.19,1278.8
Saharanpur,Thiruvananthapuram,flight,7259,3.83,2384.9
Saharanpur,Bhilai,flight,4284,1.98,1050.1
Saharanpur,Ujjain,train,463,16.84,774.5
Saharanpur,Ujjain,flight,2975,1.16,774.5
Saharanpur,Durgapur,flight,4195,1.63,1204.8
Saharanpur,Asansol,flight,4450,1.54,1165.1
Saharanpur,Rourkela,flight,4390,1.69,1124.5
Saharanpur,Nellore,flight,5588,3.8,1743.9
Saharanpur,Dehradun,train,84,1.03,61.0
Saharanpur,Davanagere,flight,6511,3.24,1731.5
Saharanpur,Kozhikode,flight,7332,3.19,2087.9
Saharanpur,Akola,flight,3913,1.43,1031.4
Saharanpur,Kurnool,train,827,31.23,1572.6
Saharanpur,Nizamabad,flight,4194,2.1,1256.8
Saharanpur,Guntur,train,774,21.58,1546.9
Saharanpur,Guntur,flight,5314,2.13,1546.9
Saharanpur,Amravati,flight,3572,1.98,1004.3
Saharanpur,Kakinada,flight,6041,2.12,1519.8
Saharanpur,Tirupati,flight,6681,3.59,1826.5
Saharanpur,Puri,flight,5598,1.98,1403.2
Saharanpur,Shimoga,flight,5939,3.07,1794.4
Saharanpur,Ongole,flight,5932,2.78,1627.9
Saharanpur,Bathinda,train,177,2.81,251.8
Saharanpur,Darbhanga,train,554,10.68,921.6
Saharanpur,Darbhanga,flight,4048,1.17,921.6
Saharanpur,Satara,flight,4814,1.83,1412.6
Saharanpur,Proddatur,train,838,25.52,1694.8
Saharanpur,Proddatur,flight,5953,3.71,1694.8
Saharanpur,Kollam,flight,7390,3.85,2345.0
Saharanpur,Ambala,train,99,1.45,87.2
Saharanpur,Siliguri,flight,4251,2.1,1124.2
Saharanpur,Rohtak,train,122,2.68,149.7
Saharanpur,Etawah,train,258,5.13,381.5
Saharanpur,Etawah,flight,1899,0.77,381.5
Saharanpur,Orai,train,301,7.11,480.0
Saharanpur,Orai,flight,2102,0.74,480.0
Saharanpur,Haldwani,train,140,2.8,207.4
Saharanpur,Haldwani,flight,1286,0.28,207.4
Saharanpur,Muzaffarpur,train,512,18.14,880.1
Saharanpur,Ramagundam,flight,4448,2.26,1260.6
Saharanpur,Baripada,flight,5077,2.0,1282.1
Saharanpur,Tezpur,flight,4924,1.98,1535.9
Saharanpur,Korba,flight,4011,1.49,992.2
Saharanpur,Nagapattinam,flight,6872,3.53,2147.2
Saharanpur,Mahbubnagar,flight,5240,3.05,1470.9
Saharanpur,Buxar,train,435,15.85,814.7
Saharanpur,Buxar,flight,3005,1.29,814.7
Saharanpur,Sagar,train,420,9.67,691.2
Saharanpur,Chittoor,flight,6496,2.34,1869.0
Saharanpur,Arrah,flight,3662,1.63,854.5
Saharanpur,Bharuch,train,511,14.85,1023.9
Saharanpur,Balasore,flight,5161,1.84,1329.9
Saharanpur,Jalgaon,flight,4331,1.65,1015.5
Saharanpur,Palakkad,flight,7027,3.27,2134.4
Saharanpur,Unnao,train,278,6.4,477.4
Saharanpur,Bilaspur,flight,4157,1.44,989.2
Gorakhpur,Mumbai,flight,4969,2.52,1372.0
Gorakhpur,Delhi,train,340,10.44,653.8
Gorakhpur,Delhi,flight,2906,1.05,653.8
Gorakhpur,Bengaluru,flight,5252,3.1,1647.3
Gorakhpur,Kolkata,train,393,9.31,686.3
Gorakhpur,Chennai,flight,5418,2.76,1554.9
Gorakhpur,Hyderabad,train,619,17.76,1157.4
Gorakhpur,Pune,flight,4621,1.85,1338.1
Gorakhpur,Ahmedabad,flight,4444,2.12,1165.6
Gorakhpur,Jaipur,train,414,13.57,752.7
Gorakhpur,Surat,flight,4283,1.65,1237.7
Gorakhpur,Lucknow,train,155,3.84,241.1
Gorakhpur,Kanpur,train,190,4.79,304.3
Gorakhpur,Nagpur,train,417,13.7,761.0
Gorakhpur,Indore,train,460,19.12,881.7
Gorakhpur,Indore,flight,3693,1.11,881.7
Gorakhpur,Thane,flight,5253,2.57,1353.7
Gorakhpur,Bhopal,train,377,13.13,715.6
Gorakhpur,Bhopal,flight,3134,0.93,715.6
Gorakhpur,Visakhapatnam,train,546,16.6,1009.1
Gorakhpur,Visakhapatnam,flight,3738,1.38,1009.1
Gorakhpur,Pimpri-Chinchwad,flight,4772,1.71,1333.8
Gorakhpur,Patna,train,148,3.01,218.7
Gorakhpur,Patna,flight,1373,0.33,218.7
Gorakhpur,Vadodara,flight,4432,1.55,1143.1
Gorakhpur,Ghaziabad,train,377,10.34,620.0
Gorakhpur,Ludhiana,train,436,9.85,864.5
Gorakhpur,Ludhiana,flight,3487,1.21,864.5
Gorakhpur,Agra,train,335,7.43,533.7
Gorakhpur,Nashik,flight,4490,2.18,1233.0
Gorakhpur,Faridabad,train,360,10.8,624.2
Gorakhpur,Meerut,train,339,7.42,609.3
Gorakhpur,Rajkot,flight,5495,2.57,1363.9
Gorakhpur,Kalyan,flight,4703,1.88,1340.1
Gorakhpur,Vasai-Virar,flight,5516,1.77,1352.7
Gorakhpur,Varanasi,train,143,2.12,165.3
Gorakhpur,Srinagar,flight,4160,1.91,1156.3
Gorakhpur,Dhanbad,train,251,8.35,450.7
Gorakhpur,Dhanbad,flight,2474,0.96,450.7
Gorakhpur,Jodhpur,flight,4381,1.88,1031.2
Gorakhpur,Amritsar,train,582,14.78,986.6
Gorakhpur,Nanded,train,546,15.6,1048.1
Gorakhpur,Nanded,flight,3681,1.45,1048.1
Gorakhpur,Gwalior,train,335,8.79,520.0
Gorakhpur,Kolhapur,flight,4792,2.96,1461.5
Gorakhpur,Bhubaneswar,train,420,11.6,761.0
Gorakhpur,Solapur,flight,4287,1.99,1270.0
Gorakhpur,Mangalore,flight,6224,2.84,1777.3
Gorakhpur,Tiruchirappalli,flight,6178,2.6,1842.0
Gorakhpur,BiharSharif,train,199,4.7,275.9
Gorakhpur,BiharSharif,flight,1561,0.41,275.9
Gorakhpur,Aligarh,train,331,7.27,537.1
Gorakhpur,Tirunelveli,flight,6590,4.0,2092.1
Gorakhpur,Bhiwandi,flight,4995,2.24,1342.5
Gorakhpur,Saharanpur,train,366,12.2,672.1
Gorakhpur,Jalandhar,train,545,10.74,911.8
Gorakhpur,Jalandhar,flight,3760,2.0,911.8
Gorakhpur,Jamshedpur,train,330,9.55,524.5
Gorakhpur,Salem,flight,6116,2.32,1765.4
Gorakhpur,Warangal,flight,4450,1.78,1051.8
Gorakhpur,Mira-Bhayandar,flight,5197,2.22,1359.4
Gorakhpur,Thiruvananthapuram,flight,8083,3.36,2138.2
Gorakhpur,Bhilai,train,343,12.37,650.0
Gorakhpur,Ujjain,flight,3828,1.43,862.1
Gorakhpur,Durgapur,train,330,9.34,535.7
Gorakhpur,Durgapur,flight,2265,0.72,535.7
Gorakhpur,Asansol,train,309,7.98,496.9
Gorakhpur,Rourkela,train,309,6.65,522.3
Gorakhpur,Rourkela,flight,2608,0.8,522.3
Gorakhpur,Nellore,flight,5484,2.72,1414.1
Gorakhpur,Dehradun,train,381,8.45,654.5
Gorakhpur,Dehradun,flight,2847,1.12,654.5
Gorakhpur,Davanagere,flight,6152,2.04,1570.8
Gorakhpur,Kozhikode,flight,6888,3.55,1898.2
Gorakhpur,Akola,train,489,12.09,934.5
Gorakhpur,Akola,flight,3299,1.32,934.5
Gorakhpur,Kurnool,flight,5114,2.68,1334.9
Gorakhpur,Nizamabad,flight,4052,2.25,1049.4
Gorakhpur,Guntur,flight,4582,2.19,1201.3
Gorakhpur,Amravati,train,505,13.59,862.6
Gorakhpur,Amravati,flight,3424,1.84,862.6
Gorakhpur,Kakinada,train,544,13.83,1092.7
Gorakhpur,Kakinada,flight,3821,1.48,1092.7
Gorakhpur,Tirupati,flight,5742,3.09,1517.0
Gorakhpur,Puri,train,478,13.01,812.2
Gorakhpur,Puri,flight,3439,1.09,812.2
Gorakhpur,Shimoga,flight,6287,3.23,1641.2
Gorakhpur,Ongole,flight,4556,2.51,1297.9
Gorakhpur,Bathinda,train,543,16.66,908.3
Gorakhpur,Bathinda,flight,4002,1.74,908.3
Gorakhpur,Darbhanga,train,167,5.06,259.6
Gorakhpur,Satara,flight,5314,2.56,1395.9
Gorakhpur,Proddatur,flight,4603,2.12,1426.1
Gorakhpur,Kollam,flight,7124,3.51,2110.4
Gorakhpur,Ambala,flight,3053,1.02,759.2
Gorakhpur,Siliguri,train,280,9.79,502.0
Gorakhpur,Rohtak,train,368,10.52,706.3
Gorakhpur,Etawah,train,242,7.78,432.6
Gorakhpur,Orai,flight,2016,0.7,399.1
Gorakhpur,Haldwani,train,279,5.22,467.3
Gorakhpur,Haldwani,flight,2042,0.65,467.3
Gorakhpur,Muzaffarpur,train,146,2.56,213.0
Gorakhpur,Ramagundam,flight,3409,1.43,970.1
Gorakhpur,Baripada,train,336,7.61,637.5
Gorakhpur,Tezpur,flight,3497,1.36,935.5
Gorakhpur,Korba,train,326,6.87,493.7
Gorakhpur,Nagapattinam,flight,6734,2.42,1816.0
Gorakhpur,Mahbubnagar,flight,4445,1.67,1244.8
Gorakhpur,Buxar,train,137,2.38,155.0
Gorakhpur,Sagar,train,338,6.67,568.0
Gorakhpur,Chittoor,flight,5821,2.05,1570.3
Gorakhpur,Arrah,train,134,3.38,185.7
Gorakhpur,Bharuch,flight,4127,1.68,1190.5
Gorakhpur,Balasore,train,400,10.01,688.3
Gorakhpur,Balasore,flight,3283,1.45,688.3
Gorakhpur,Jalgaon,train,569,14.24,1019.2
Gorakhpur,Jalgaon,flight,4338,1.5,1019.2
Gorakhpur,Palakkad,flight,6171,2.45,1910.7
Gorakhpur,Unnao,flight,1573,0.47,288.2
Gorakhpur,Bilaspur,train,338,9.84,535.3
Gorakhpur,Bilaspur,flight,2313,0.68,535.3
Jalandhar,Mumbai,flight,5560,2.29,1388.8
Jalandhar,Delhi,train,216,5.75,326.5
Jalandhar,Bengaluru,flight,7009,3.13,2051.3
Jalandhar,Kolkata,flight,6333,3.13,1595.9
Jalandhar,Chennai,flight,7896,3.07,2084.6
Jalandhar,Hyderabad,flight,5009,2.0,1577.7
Jalandhar,Pune,flight,5644,1.87,1434.4
Jalandhar,Ahmedabad,flight,3383,1.69,969.8
Jalandhar,Jaipur,train,292,6.61,491.2
Jalandhar,Surat,flight,4743,2.23,1161.8
Jalandhar,Lucknow,train,420,8.64,721.1
Jalandhar,Kanpur,flight,2708,1.32,712.8
Jalandhar,Nagpur,train,593,25.17,1184.7
Jalandhar,Indore,train,522,16.08,957.4
Jalandhar,Indore,flight,3807,1.36,957.4
Jalandhar,Thane,flight,4823,1.73,1371.3
Jalandhar,Bhopal,train,556,15.3,915.0
Jalandhar,Visakhapatnam,train,890,24.0,1701.0
Jalandhar,Visakhapatnam,flight,6554,3.56,1701.0
Jalandhar,Pimpri-Chinchwad,flight,5758,1.91,1423.0
Jalandhar,Patna,train,596,13.45,1130.5
Jalandhar,Patna,flight,3786,1.92,1130.5
Jalandhar,Vadodara,flight,3980,1.81,1030.5
Jalandhar,Ghaziabad,train,228,6.13,346.3
Jalandhar,Ghaziabad,flight,1724,0.61,346.3
Jalandhar,Ludhiana,train,83,0.85,54.3
Jalandhar,Agra,train,284,8.67,518.2
Jalandhar,Agra,flight,2251,0.87,518.2
Jalandhar,Nashik,flight,5007,1.71,1272.3
Jalandhar,Faridabad,train,217,4.99,365.2
Jalandhar,Meerut,train,206,4.77,331.2
Jalandhar,Meerut,flight,1877,0.44,331.2
Jalandhar,Rajkot,train,619,23.29,1109.1
Jalandhar,Rajkot,flight,4619,1.56,1109.1
Jalandhar,Kalyan,flight,4956,1.88,1366.2
Jalandhar,Vasai-Virar,flight,4856,2.54,1355.1
Jalandhar,Varanasi,train,492,12.59,984.7
Jalandhar,Srinagar,train,205,5.85,315.2
Jalandhar,Dhanbad,flight,5023,2.09,1357.3
Jalandhar,Jodhpur,flight,2919,0.78,617.9
Jalandhar,Amritsar,train,89,1.53,75.0
Jalandhar,Nanded,flight,5218,1.96,1364.8
Jalandhar,Gwalior,train,351,7.45,622.1
Jalandhar,Gwalior,flight,2560,1.19,622.1
Jalandhar,Kolhapur,flight,6492,2.06,1631.4
Jalandhar,Bhubaneswar,train,886,18.19,1597.0
Jalandhar,Solapur,flight,6013,2.29,1520.0
Jalandhar,Mangalore,flight,7085,2.78,2048.6
Jalandhar,Tiruchirappalli,flight,7195,4.9,2306.0
Jalandhar,BiharSharif,train,687,21.91,1187.5
Jalandhar,BiharSharif,flight,4826,2.22,1187.5
Jalandhar,Aligarh,train,282,5.79,452.0
Jalandhar,Aligarh,flight,1970,0.75,452.0
Jalandhar,Tirunelveli,flight,9493,3.97,2524.5
Jalandhar,Bhiwandi,flight,5390,2.05,1362.7
Jalandhar,Saharanpur,train,175,5.03,241.8
Jalandhar,Saharanpur,flight,1665,0.41,241.8
Jalandhar,Gorakhpur,flight,3595,1.31,911.8
Jalandhar,Jamshedpur,flight,5450,2.36,1414.5
Jalandhar,Salem,flight,7474,3.28,2202.2
Jalandhar,Warangal,flight,6079,2.19,1539.4
Jalandhar,Mira-Bhayandar,flight,5560,2.24,1367.0
Jalandhar,Thiruvananthapuram,flight,7629,4.56,2539.4
Jalandhar,Bhilai,flight,5125,2.64,1268.5
Jalandhar,Ujjain,flight,3579,1.23,906.1
Jalandhar,Durgapur,flight,5249,2.2,1445.8
Jalandhar,Asansol,flight,5164,2.23,1406.3
Jalandhar,Rourkela,flight,4726,1.72,1364.0
Jalandhar,Nellore,flight,7525,2.54,1930.4
Jalandhar,Dehradun,train,197,4.43,260.0
Jalandhar,Dehradun,flight,1737,0.4,260.0
Jalandhar,Davanagere,flight,6104,3.78,1875.2
Jalandhar,Kozhikode,flight,8345,2.89,2231.5
Jalandhar,Akola,train,615,20.4,1190.0
Jalandhar,Akola,flight,4190,1.82,1190.0
Jalandhar,Kurnool,flight,5754,2.38,1741.3
Jalandhar,Nizamabad,flight,5774,2.49,1429.6
Jalandhar,Guntur,flight,6160,3.87,1741.1
Jalandhar,Amravati,train,629,18.64,1175.9
Jalandhar,Amravati,flight,4516,2.12,1175.9
Jalandhar,Kakinada,flight,6566,3.05,1730.8
Jalandhar,Tirupati,flight,6936,3.24,2006.6
Jalandhar,Puri,flight,5674,2.23,1640.2
Jalandhar,Shimoga,flight,6961,3.72,1934.4
Jalandhar,Ongole,flight,6517,2.3,1816.8
Jalandhar,Bathinda,train,108,1.99,137.8
Jalandhar,Darbhanga,train,569,15.73,1157.7
Jalandhar,Satara,flight,5037,2.9,1525.7
Jalandhar,Proddatur,flight,7022,2.5,1867.8
Jalandhar,Kollam,flight,8237,3.27,2496.7
Jalandhar,Ambala,train,124,2.43,155.7
Jalandhar,Siliguri,flight,5507,2.43,1349.9
Jalandhar,Rohtak,train,180,3.25,287.9
Jalandhar,Rohtak,flight,1867,0.62,287.9
Jalandhar,Etawah,train,385,11.3,605.4
Jalandhar,Orai,train,430,10.99,703.8
Jalandhar,Orai,flight,2721,1.52,703.8
Jalandhar,Haldwani,train,281,6.98,444.7
Jalandhar,Muzaffarpur,flight,4748,2.2,1117.6
Jalandhar,Ramagundam,flight,5567,2.94,1451.7
Jalandhar,Baripada,flight,5978,3.29,1523.6
Jalandhar,Tezpur,flight,6532,2.22,1751.0
Jalandhar,Korba,flight,5124,1.84,1224.5
Jalandhar,Nagapattinam,flight,8052,4.9,2327.3
Jalandhar,Mahbubnagar,flight,6211,2.89,1639.9
Jalandhar,Buxar,flight,4134,1.68,1056.0
Jalandhar,Sagar,flight,3975,1.26,888.8
Jalandhar,Chittoor,flight,7493,3.02,2045.6
Jalandhar,Arrah,flight,4040,1.79,1095.2
Jalandhar,Bharuch,train,642,12.52,1099.6
Jalandhar,Bharuch,flight,4538,2.32,1099.6
Jalandhar,Balasore,flight,5179,3.07,1571.3
Jalandhar,Jalgaon,train,620,19.05,1147.3
Jalandhar,Jalgaon,flight,4453,2.01,1147.3
Jalandhar,Palakkad,flight,7158,4.32,2286.6
Jalandhar,Unnao,train,424,12.62,715.1
Jalandhar,Bilaspur,flight,4345,2.46,1216.7
Jamshedpur,Mumbai,flight,5190,2.06,1443.9
Jamshedpur,Delhi,train,583,13.36,1122.2
Jamshedpur,Delhi,flight,4764,1.95,1122.2
Jamshedpur,Bengaluru,flight,5012,2.33,1422.1
Jamshedpur,Kolkata,train,169,3.09,223.2
Jamshedpur,Kolkata,flight,1490,0.46,223.2
Jamshedpur,Chennai,flight,4701,2.35,1249.5
Jamshedpur,Hyderabad,train,575,11.88,1005.8
Jamshedpur,Hyderabad,flight,3614,1.28,1005.8
Jamshedpur,Pune,flight,4832,2.98,1369.3
Jamshedpur,Ahmedabad,flight,5673,2.22,1395.9
Jamshedpur,Jaipur,flight,3857,1.71,1145.3
Jamshedpur,Surat,flight,4525,1.91,1390.2
Jamshedpur,Lucknow,train,437,9.99,695.1
Jamshedpur,Kanpur,train,431,15.49,718.5
Jamshedpur,Nagpur,train,393,13.72,756.4
Jamshedpur,Indore,train,558,20.61,1060.6
Jamshedpur,Indore,flight,4163,1.4,1060.6
Jamshedpur,Thane,flight,5550,2.68,1428.8
Jamshedpur,Bhopal,train,532,13.5,900.8
Jamshedpur,Visakhapatnam,flight,2851,1.28,648.6
Jamshedpur,Pimpri-Chinchwad,flight,5125,1.79,1370.3
Jamshedpur,Patna,train,218,6.15,328.5
Jamshedpur,Patna,flight,1724,0.55,328.5
Jamshedpur,Vadodara,flight,5422,2.75,1337.9
Jamshedpur,Ghaziabad,train,547,14.61,1091.7
Jamshedpur,Ghaziabad,flight,4080,2.42,1091.7
Jamshedpur,Ludhiana,flight,4419,2.02,1363.9
Jamshedpur,Agra,train,514,14.12,958.0
Jamshedpur,Agra,flight,3777,1.38,958.0
Jamshedpur,Nashik,flight,5420,2.62,1322.0
Jamshedpur,Faridabad,flight,4129,2.02,1086.6
Jamshedpur,Meerut,flight,4237,1.95,1092.3
Jamshedpur,Rajkot,flight,5996,2.19,1581.8
Jamshedpur,Kalyan,flight,5419,1.81,1413.0
Jamshedpur,Vasai-Virar,flight,4992,2.46,1436.7
Jamshedpur,Varanasi,train,241,6.29,430.7
Jamshedpur,Srinagar,flight,5757,3.02,1675.7
Jamshedpur,Dhanbad,train,107,2.3,112.6
Jamshedpur,Jodhpur,flight,4884,2.44,1386.0
Jamshedpur,Amritsar,flight,4935,2.56,1487.9
Jamshedpur,Nanded,train,588,18.12,1007.2
Jamshedpur,Nanded,flight,3574,2.02,1007.2
Jamshedpur,Gwalior,flight,3345,1.22,895.5
Jamshedpur,Kolhapur,flight,4727,2.06,1422.5
Jamshedpur,Bhubaneswar,train,202,3.34,281.7
Jamshedpur,Bhubaneswar,flight,1610,0.37,281.7
Jamshedpur,Solapur,flight,4394,1.82,1216.5
Jamshedpur,Mangalore,flight,5822,2.26,1626.8
Jamshedpur,Tiruchirappalli,flight,5525,3.45,1555.2
Jamshedpur,BiharSharif,train,187,3.88,275.3
Jamshedpur,Aligarh,flight,4097,1.51,992.3
Jamshedpur,Tirunelveli,flight,5685,2.54,1807.4
Jamshedpur,Bhiwandi,flight,4775,2.57,1418.4
Jamshedpur,Saharanpur,flight,4302,2.22,1172.7
Jamshedpur,Gorakhpur,train,319,11.35,524.5
Jamshedpur,Jalandhar,flight,5737,2.18,1414.5
Jamshedpur,Salem,flight,5130,3.29,1504.5
Jamshedpur,Warangal,train,514,17.91,873.6
Jamshedpur,Mira-Bhayandar,flight,4787,1.91,1439.0
Jamshedpur,Thiruvananthapuram,flight,6463,3.27,1870.6
Jamshedpur,Bhilai,train,309,6.61,523.8
Jamshedpur,Ujjain,train,634,12.87,1067.0
Jamshedpur,Ujjain,flight,3828,2.08,1067.0
Jamshedpur,Durgapur,train,129,2.34,138.5
Jamshedpur,Asansol,train,103,1.81,124.4
Jamshedpur,Rourkela,train,135,1.83,151.2
Jamshedpur,Nellore,train,590,12.82,1136.9
Jamshedpur,Dehradun,train,658,13.18,1164.6
Jamshedpur,Dehradun,flight,4760,1.57,1164.6
Jamshedpur,Davanagere,flight,5280,2.9,1424.9
Jamshedpur,Kozhikode,flight,5639,2.26,1694.3
Jamshedpur,Akola,flight,4034,2.08,978.0
Jamshedpur,Kurnool,train,673,17.92,1155.3
Jamshedpur,Nizamabad,train,553,16.75,960.0
Jamshedpur,Guntur,flight,3916,2.02,941.6
Jamshedpur,Amravati,flight,3206,1.66,894.7
Jamshedpur,Kakinada,train,462,9.48,767.5
Jamshedpur,Kakinada,flight,2795,1.19,767.5
Jamshedpur,Tirupati,flight,4440,1.58,1246.1
Jamshedpur,Puri,train,233,6.21,334.8
Jamshedpur,Puri,flight,1811,0.73,334.8
Jamshedpur,Shimoga,flight,5989,2.9,1493.2
Jamshedpur,Ongole,flight,4203,1.66,1037.1
Jamshedpur,Bathinda,flight,5587,2.67,1388.9
Jamshedpur,Darbhanga,train,242,6.2,373.8
Jamshedpur,Satara,flight,5401,2.19,1394.6
Jamshedpur,Proddatur,train,709,17.2,1204.0
Jamshedpur,Proddatur,flight,4647,1.57,1204.0
Jamshedpur,Kollam,flight,6043,2.45,1854.3
Jamshedpur,Ambala,flight,4415,1.86,1259.0
Jamshedpur,Siliguri,train,281,7.89,488.8
Jamshedpur,Rohtak,train,660,20.09,1174.3
Jamshedpur,Etawah,train,507,10.01,849.7
Jamshedpur,Etawah,flight,3614,1.35,849.7
Jamshedpur,Orai,train,424,15.53,769.1
Jamshedpur,Haldwani,flight,3900,1.33,977.1
Jamshedpur,Muzaffarpur,train,261,5.05,377.8
Jamshedpur,Muzaffarpur,flight,2199,0.51,377.8
Jamshedpur,Ramagundam,flight,3712,1.24,823.2
Jamshedpur,Baripada,flight,1102,0.19,113.2
Jamshedpur,Tezpur,train,406,14.02,791.0
Jamshedpur,Tezpur,flight,3203,1.27,791.0
Jamshedpur,Korba,train,225,5.96,357.9
Jamshedpur,Korba,flight,2031,0.78,357.9
Jamshedpur,Nagapattinam,train,775,27.8,1498.8
Jamshedpur,Mahbubnagar,flight,4247,1.72,1092.2
Jamshedpur,Buxar,train,243,5.39,369.7
Jamshedpur,Buxar,flight,1950,0.58,369.7
Jamshedpur,Sagar,train,452,10.6,770.8
Jamshedpur,Chittoor,flight,5127,1.77,1303.4
Jamshedpur,Arrah,train,214,4.57,343.7
Jamshedpur,Arrah,flight,2082,0.51,343.7
Jamshedpur,Bharuch,flight,4833,2.29,1362.1
Jamshedpur,Balasore,train,136,2.64,164.3
Jamshedpur,Jalgaon,train,579,12.55,1115.5
Jamshedpur,Palakkad,flight,5506,2.81,1677.4
Jamshedpur,Unnao,train,441,13.56,711.3
Jamshedpur,Bilaspur,train,275,9.04,425.3
Jamshedpur,Bilaspur,flight,2336,0.8,425.3
Salem,Mumbai,train,558,19.91,998.9
Salem,Mumbai,flight,3730,1.62,998.9
Salem,Delhi,flight,6719,3.37,1897.8
Salem,Bengaluru,train,122,1.91,157.2
Salem,Bengaluru,flight,1305,0.25,157.2
Salem,Kolkata,flight,5850,2.04,1626.5
Salem,Chennai,train,176,4.85,279.5
Salem,Hyderabad,train,349,13.96,637.2
Salem,Pune,flight,3834,1.63,890.5
Salem,Ahmedabad,flight,5047,3.06,1394.2
Salem,Jaipur,flight,6561,2.99,1713.3
Salem,Surat,flight,5036,2.25,1199.0
Salem,Lucknow,flight,6478,2.26,1713.4
Salem,Kanpur,train,823,26.89,1659.9
Salem,Nagpur,flight,3777,1.83,1059.1
Salem,Indore,flight,4565,1.58,1253.0
Salem,Thane,train,573,19.32,1005.9
Salem,Thane,flight,3639,1.7,1005.9
Salem,Bhopal,flight,4287,2.23,1291.7
Salem,Visakhapatnam,flight,3368,1.28,863.6
Salem,Pimpri-Chinchwad,flight,3725,1.24,904.0
Salem,Patna,flight,6153,3.49,1714.1
Salem,Vadodara,flight,4856,2.71,1295.5
Salem,Ghaziabad,flight,6139,2.71,1892.2
Salem,Ludhiana,flight,7499,3.59,2151.9
Salem,Agra,flight,5490,3.73,1725.0
Salem,Nashik,train,607,12.76,1037.0
Salem,Faridabad,flight,7138,2.76,1863.9
Salem,Meerut,flight,6257,3.17,1926.5
Salem,Rajkot,flight,5753,2.62,1416.8
Salem,Kalyan,train,575,12.62,998.9
Salem,Kalyan,flight,4178,1.27,998.9
Salem,Vasai-Virar,train,568,15.11,1029.9
Salem,Varanasi,flight,5215,3.12,1600.8
Salem,Srinagar,flight,7786,3.54,2516.0
Salem,Dhanbad,flight,5369,3.34,1608.0
Salem,Jodhpur,flight,6661,2.91,1707.2
Salem,Amritsar,flight,7097,3.56,2245.8
Salem,Nanded,train,506,17.3,837.4
Salem,Nanded,flight,3799,1.14,837.4
Salem,Gwalior,flight,5633,3.47,1618.3
Salem,Kolhapur,train,432,14.52,700.6
Salem,Bhubaneswar,flight,4547,2.36,1262.3
Salem,Solapur,train,419,10.59,708.8
Salem,Solapur,flight,2676,1.07,708.8
Salem,Mangalore,train,232,6.42,383.5
Salem,Mangalore,flight,2079,0.78,383.5
Salem,Tiruchirappalli,train,115,2.13,114.7
Salem,BiharSharif,flight,6039,2.48,1693.1
Salem,Aligarh,flight,6003,3.31,1805.0
Salem,Tirunelveli,train,211,5.35,330.8
Salem,Tirunelveli,flight,1992,0.52,330.8
Salem,Bhiwandi,train,603,20.73,1007.0
Salem,Saharanpur,flight,7901,3.7,2035.8
Salem,Gorakhpur,flight,5559,2.37,1765.4
Salem,Jalandhar,flight,7826,3.04,2202.2
Salem,Jamshedpur,train,825,26.75,1504.5
Salem,Jamshedpur,flight,5560,3.21,1504.5
Salem,Warangal,train,443,10.54,718.1
Salem,Mira-Bhayandar,flight,3503,1.64,1018.9
Salem,Thiruvananthapuram,train,220,5.4,373.4
Salem,Bhilai,train,547,13.83,1115.6
Salem,Bhilai,flight,4129,1.63,1115.6
Salem,Ujjain,train,771,19.17,1304.6
Salem,Ujjain,flight,5015,2.89,1304.6
Salem,Durgapur,flight,6257,2.26,1636.3
Salem,Asansol,flight,6339,2.19,1628.9
Salem,Rourkela,flight,4946,3.01,1376.7
Salem,Nellore,train,256,4.59,367.7
Salem,Dehradun,flight,6799,3.59,2074.1
Salem,Davanagere,train,257,6.58,393.7
Salem,Kozhikode,train,185,3.22,261.7
Salem,Kozhikode,flight,1528,0.37,261.7
Salem,Akola,flight,3939,1.63,1012.2
Salem,Kurnool,flight,2433,0.9,463.1
Salem,Nizamabad,train,463,13.64,779.3
Salem,Guntur,train,304,7.93,572.3
Salem,Guntur,flight,2432,0.72,572.3
Salem,Amravati,flight,3843,1.43,1031.6
Salem,Kakinada,train,407,8.22,738.7
Salem,Kakinada,flight,3462,1.16,738.7
Salem,Tirupati,train,190,3.13,258.5
Salem,Puri,flight,4867,1.91,1223.2
Salem,Shimoga,train,230,5.4,376.3
Salem,Ongole,train,282,10.48,474.1
Salem,Ongole,flight,2258,0.86,474.1
Salem,Bathinda,flight,7769,3.1,2088.6
Salem,Darbhanga,flight,6179,3.28,1804.2
Salem,Satara,flight,3469,1.17,804.2
Salem,Proddatur,train,232,4.08,345.9
Salem,Kollam,train,224,4.48,350.8
Salem,Kollam,flight,1816,0.48,350.8
Salem,Ambala,flight,6586,2.77,2085.7
Salem,Siliguri,flight,7466,3.42,1988.7
Salem,Rohtak,flight,7505,3.65,1922.7
Salem,Etawah,flight,5399,2.57,1683.9
Salem,Orai,flight,5959,2.81,1599.0
Salem,Haldwani,flight,7661,3.44,1957.1
Salem,Muzaffarpur,flight,6954,3.61,1777.8
Salem,Ramagundam,train,450,10.1,805.1
Salem,Baripada,train,713,21.84,1461.4
Salem,Baripada,flight,5877,2.71,1461.4
Salem,Tezpur,flight,7014,5.0,2263.7
Salem,Korba,train,691,15.25,1285.5
Salem,Korba,flight,4790,2.51,1285.5
Salem,Nagapattinam,train,148,2.47,209.9
Salem,Mahbubnagar,train,359,6.87,564.9
Salem,Buxar,flight,6271,2.2,1670.2
Salem,Sagar,flight,5242,2.6,1355.2
Salem,Chittoor,train,158,2.8,201.4
Salem,Arrah,flight,5880,3.03,1690.2
Salem,Bharuch,flight,4625,2.07,1242.6
Salem,Balasore,flight,4684,2.18,1437.9
Salem,Jalgaon,flight,4005,1.75,1074.8
Salem,Palakkad,train,136,3.4,189.7
Salem,Unnao,flight,6392,2.24,1671.8
Salem,Bilaspur,flight,4475,2.68,1233.4
Warangal,Mumbai,train,428,10.29,718.7
Warangal,Mumbai,flight,3086,0.95,718.7
Warangal,Delhi,flight,4414,1.69,1220.4
Warangal,Bengaluru,train,353,8.14,595.5
Warangal,Bengaluru,flight,2818,1.24,595.5
Warangal,Kolkata,flight,3685,1.47,1047.9
Warangal,Chennai,flight,2660,0.77,548.1
Warangal,Hyderabad,train,127,1.93,134.1
Warangal,Pune,train,382,7.14,609.0
Warangal,Ahmedabad,flight,3779,1.69,922.1
Warangal,Jaipur,train,585,12.03,1068.4
Warangal,Jaipur,flight,4222,2.24,1068.4
Warangal,Surat,train,407,13.33,792.8
Warangal,Lucknow,flight,3546,1.26,996.9
Warangal,Kanpur,train,543,12.8,946.1
Warangal,Nagpur,train,219,5.16,357.2
Warangal,Nagpur,flight,1904,0.77,357.2
Warangal,Indore,train,398,14.5,656.3
Warangal,Thane,train,397,11.11,710.9
Warangal,Bhopal,train,329,8.11,630.6
Warangal,Bhopal,flight,2902,0.79,630.6
Warangal,Visakhapatnam,train,260,4.61,384.9
Warangal,Pimpri-Chinchwad,train,343,12.04,616.1
Warangal,Patna,train,599,11.99,1022.6
Warangal,Vadodara,train,459,9.72,825.0
Warangal,Ghaziabad,flight,4637,1.77,1209.6
Warangal,Ludhiana,flight,5422,3.0,1486.6
Warangal,Agra,flight,3738,1.4,1036.7
Warangal,Nashik,train,359,10.73,650.6
Warangal,Nashik,flight,3073,0.88,650.6
Warangal,Faridabad,train,699,23.71,1183.9
Warangal,Meerut,flight,4077,2.12,1239.8
Warangal,Rajkot,flight,4124,1.91,1036.4
Warangal,Kalyan,train,396,7.82,695.6
Warangal,Kalyan,flight,3096,1.41,695.6
Warangal,Vasai-Virar,train,385,9.8,728.8
Warangal,Vasai-Virar,flight,3145,1.53,728.8
Warangal,Varanasi,train,520,13.18,888.5
Warangal,Srinagar,flight,6929,3.12,1854.2
Warangal,Dhanbad,train,557,13.55,961.0
Warangal,Jodhpur,train,669,12.77,1141.3
Warangal,Jodhpur,flight,4482,1.53,1141.3
Warangal,Amritsar,flight,6140,3.53,1591.9
Warangal,Nanded,train,172,4.24,273.4
Warangal,Gwalior,train,556,11.06,928.7
Warangal,Gwalior,flight,3985,1.29,928.7
Warangal,Kolhapur,train,370,9.75,585.0
Warangal,Kolhapur,flight,2409,0.79,585.0
Warangal,Bhubaneswar,train,442,9.13,703.7
Warangal,Solapur,train,240,5.04,391.9
Warangal,Mangalore,flight,2982,0.97,757.4
Warangal,Tiruchirappalli,flight,3625,1.03,803.9
Warangal,BiharSharif,train,609,18.53,1010.5
Warangal,Aligarh,train,550,13.09,1114.7
Warangal,Aligarh,flight,3949,1.47,1114.7
Warangal,Tirunelveli,flight,4264,1.71,1048.1
Warangal,Bhiwandi,train,403,11.13,703.7
Warangal,Bhiwandi,flight,2823,0.93,703.7
Warangal,Saharanpur,flight,4774,1.7,1349.8
Warangal,Gorakhpur,train,583,12.12,1051.8
Warangal,Gorakhpur,flight,3670,1.53,1051.8
Warangal,Jalandhar,flight,6178,2.65,1539.4
Warangal,Jamshedpur,train,512,13.99,873.6
Warangal,Salem,train,401,11.38,718.1
Warangal,Mira-Bhayandar,train,395,12.22,725.0
Warangal,Thiruvananthapuram,flight,4323,2.16,1088.8
Warangal,Bhilai,train,240,6.83,406.6
Warangal,Ujjain,flight,2865,0.91,702.0
Warangal,Durgapur,flight,4235,1.3,1012.1
Warangal,Asansol,flight,3552,1.76,994.2
Warangal,Rourkela,train,428,10.08,727.4
Warangal,Nellore,train,258,6.86,394.3
Warangal,Dehradun,flight,4618,2.93,1382.1
Warangal,Davanagere,train,358,6.14,552.8
Warangal,Kozhikode,flight,3633,1.23,851.4
Warangal,Akola,train,279,8.13,407.4
Warangal,Kurnool,train,184,3.32,290.0
Warangal,Kurnool,flight,1553,0.37,290.0
Warangal,Nizamabad,train,148,2.25,176.6
Warangal,Guntur,train,161,3.97,205.4
Warangal,Amravati,train,235,6.21,381.3
Warangal,Kakinada,train,203,4.8,301.8
Warangal,Tirupati,train,305,6.85,483.0
Warangal,Tirupati,flight,2210,0.92,483.0
Warangal,Puri,flight,2590,1.08,687.4
Warangal,Shimoga,train,337,10.68,622.0
Warangal,Ongole,train,176,5.23,278.2
Warangal,Ongole,flight,1628,0.51,278.2
Warangal,Bathinda,flight,5209,2.22,1440.3
Warangal,Darbhanga,flight,4079,1.69,1117.4
Warangal,Satara,flight,2356,0.93,593.7
Warangal,Proddatur,train,258,6.48,374.9
Warangal,Kollam,flight,3717,1.74,1059.3
Warangal,Ambala,train,821,26.35,1409.0
Warangal,Siliguri,flight,5067,1.71,1329.4
Warangal,Rohtak,flight,4580,1.62,1252.5
Warangal,Etawah,flight,3524,2.04,982.2
Warangal,Orai,flight,3129,1.96,892.1
Warangal,Haldwani,flight,4592,1.61,1251.0
Warangal,Muzaffarpur,flight,4233,1.74,1085.2
Warangal,Ramagundam,train,86,1.44,89.8
Warangal,Baripada,train,489,15.83,867.0
Warangal,Tezpur,flight,6421,2.58,1664.1
Warangal,Korba,flight,2521,0.74,588.7
Warangal,Nagapattinam,flight,3651,1.54,800.7
Warangal,Mahbubnagar,train,150,3.72,218.6
Warangal,Buxar,train,562,18.53,967.6
Warangal,Sagar,train,410,9.85,658.7
Warangal,Sagar,flight,2951,0.89,658.7
Warangal,Chittoor,train,285,7.3,531.0
Warangal,Arrah,train,544,17.46,993.2
Warangal,Arrah,flight,3592,1.81,993.2
Warangal,Bharuch,flight,3336,1.18,803.6
Warangal,Balasore,flight,3823,1.78,861.9
Warangal,Jalgaon,train,348,9.33,541.0
Warangal,Jalgaon,flight,2409,0.97,541.0
Warangal,Palakkad,train,472,10.93,859.0
Warangal,Palakkad,flight,3754,1.67,859.0
Warangal,Unnao,train,505,17.52,957.1
Warangal,Bilaspur,flight,2355,1.11,528.8
Mira-Bhayandar,Mumbai,train,67,0.46,22.8
Mira-Bhayandar,Delhi,flight,4132,1.61,1133.1
Mira-Bhayandar,Bengaluru,flight,3815,1.71,864.9
Mira-Bhayandar,Kolkata,flight,5208,3.1,1651.0
Mira-Bhayandar,Chennai,flight,3997,2.26,1049.4
Mira-Bhayandar,Hyderabad,train,402,12.41,630.7
Mira-Bhayandar,Pune,train,120,1.51,135.1
Mira-Bhayandar,Ahmedabad,train,252,4.82,417.2
Mira-Bhayandar,Jaipur,train,458,18.37,900.1
Mira-Bhayandar,Surat,train,157,3.17,210.2
Mira-Bhayandar,Lucknow,flight,4122,2.17,1179.7
Mira-Bhayandar,Kanpur,flight,4646,1.7,1105.2
Mira-Bhayandar,Nagpur,flight,2712,0.93,682.7
Mira-Bhayandar,Indore,train,291,9.01,493.5
Mira-Bhayandar,Indore,flight,2119,0.67,493.5
Mira-Bhayandar,Thane,train,55,0.28,14.7
Mira-Bhayandar,Bhopal,train,398,14.2,647.2
Mira-Bhayandar,Visakhapatnam,flight,4524,2.26,1107.1
Mira-Bhayandar,Pimpri-Chinchwad,train,100,1.46,122.9
Mira-Bhayandar,Patna,flight,5005,2.2,1443.4
Mira-Bhayandar,Vadodara,train,230,5.22,338.4
Mira-Bhayandar,Vadodara,flight,1828,0.5,338.4
Mira-Bhayandar,Ghaziabad,flight,4152,2.02,1143.6
Mira-Bhayandar,Ludhiana,flight,4871,2.08,1327.0
Mira-Bhayandar,Agra,flight,3597,2.09,1023.6
Mira-Bhayandar,Nashik,train,115,1.52,126.4
Mira-Bhayandar,Faridabad,flight,4211,2.43,1111.7
Mira-Bhayandar,Meerut,train,703,23.53,1185.8
Mira-Bhayandar,Meerut,flight,4744,2.12,1185.8
Mira-Bhayandar,Rajkot,train,255,6.1,398.2
Mira-Bhayandar,Rajkot,flight,2230,0.78,398.2
Mira-Bhayandar,Kalyan,train,61,0.41,29.3
Mira-Bhayandar,Vasai-Virar,train,54,0.21,12.5
Mira-Bhayandar,Varanasi,flight,5187,1.74,1238.1
Mira-Bhayandar,Srinagar,flight,6301,3.11,1657.3
Mira-Bhayandar,Dhanbad,flight,5131,2.0,1490.4
Mira-Bhayandar,Jodhpur,train,435,11.94,774.0
Mira-Bhayandar,Jodhpur,flight,2913,1.45,774.0
Mira-Bhayandar,Amritsar,flight,4727,2.99,1388.5
Mira-Bhayandar,Nanded,flight,2282,0.8,469.2
Mira-Bhayandar,Gwalior,train,475,16.11,945.1
Mira-Bhayandar,Kolhapur,train,231,3.74,321.9
Mira-Bhayandar,Bhubaneswar,flight,5205,2.78,1361.4
Mira-Bhayandar,Solapur,train,229,4.13,368.9
Mira-Bhayandar,Mangalore,train,408,9.42,739.4
Mira-Bhayandar,Tiruchirappalli,train,577,18.12,1133.5
Mira-Bhayandar,Tiruchirappalli,flight,4225,1.92,1133.5
Mira-Bhayandar,BiharSharif,flight,4770,2.45,1459.2
Mira-Bhayandar,Aligarh,flight,4122,2.09,1096.3
Mira-Bhayandar,Tirunelveli,flight,5051,2.23,1288.0
Mira-Bhayandar,Bhiwandi,train,55,0.29,21.7
Mira-Bhayandar,Saharanpur,flight,5127,2.37,1278.8
Mira-Bhayandar,Gorakhpur,flight,4726,2.26,1359.4
Mira-Bhayandar,Jalandhar,flight,4490,1.91,1367.0
Mira-Bhayandar,Jamshedpur,flight,5803,2.62,1439.0
Mira-Bhayandar,Salem,flight,4075,1.95,1018.9
Mira-Bhayandar,Warangal,train,445,8.39,725.0
Mira-Bhayandar,Warangal,flight,3382,1.44,725.0
Mira-Bhayandar,Thiruvananthapuram,flight,5306,1.83,1274.3
Mira-Bhayandar,Bhilai,train,538,12.74,919.5
Mira-Bhayandar,Bhilai,flight,3530,1.65,919.5
Mira-Bhayandar,Ujjain,train,310,5.96,529.4
Mira-Bhayandar,Durgapur,flight,4975,1.97,1568.3
Mira-Bhayandar,Asansol,flight,6214,3.33,1538.2
Mira-Bhayandar,Rourkela,flight,4529,2.37,1290.4
Mira-Bhayandar,Nellore,flight,3549,1.17,930.0
Mira-Bhayandar,Dehradun,flight,4776,2.66,1333.4
Mira-Bhayandar,Davanagere,flight,3061,1.19,627.0
Mira-Bhayandar,Kozhikode,train,537,18.29,945.4
Mira-Bhayandar,Kozhikode,flight,3922,1.3,945.4
Mira-Bhayandar,Akola,train,297,9.34,461.8
Mira-Bhayandar,Kurnool,train,369,13.06,670.2
Mira-Bhayandar,Nizamabad,train,321,7.31,555.1
Mira-Bhayandar,Nizamabad,flight,2662,1.14,555.1
Mira-Bhayandar,Guntur,flight,3637,1.57,868.0
Mira-Bhayandar,Amravati,flight,2644,0.73,545.1
Mira-Bhayandar,Kakinada,flight,3509,1.77,1024.6
Mira-Bhayandar,Tirupati,train,560,15.4,940.4
Mira-Bhayandar,Tirupati,flight,3357,1.35,940.4
Mira-Bhayandar,Puri,flight,5185,2.81,1360.8
Mira-Bhayandar,Shimoga,train,378,12.04,661.4
Mira-Bhayandar,Ongole,flight,3785,1.84,871.1
Mira-Bhayandar,Bathinda,flight,4653,1.88,1233.6
Mira-Bhayandar,Darbhanga,flight,5412,2.31,1538.9
Mira-Bhayandar,Satara,train,156,2.86,214.6
Mira-Bhayandar,Proddatur,train,441,8.8,787.5
Mira-Bhayandar,Kollam,flight,4167,2.58,1223.8
Mira-Bhayandar,Ambala,flight,4340,2.41,1295.7
Mira-Bhayandar,Siliguri,flight,5832,3.16,1793.3
Mira-Bhayandar,Rohtak,flight,4337,1.98,1134.8
Mira-Bhayandar,Etawah,train,563,16.22,1045.5
Mira-Bhayandar,Etawah,flight,3961,1.59,1045.5
Mira-Bhayandar,Orai,train,550,19.31,1007.8
Mira-Bhayandar,Haldwani,flight,4897,1.69,1294.3
Mira-Bhayandar,Muzaffarpur,flight,5146,2.17,1492.8
Mira-Bhayandar,Ramagundam,train,385,8.52,706.9
Mira-Bhayandar,Baripada,flight,5689,1.95,1475.0
Mira-Bhayandar,Tezpur,flight,8386,3.33,2196.3
Mira-Bhayandar,Korba,train,546,15.83,1083.7
Mira-Bhayandar,Nagapattinam,flight,4184,1.53,1207.0
Mira-Bhayandar,Mahbubnagar,train,335,9.97,611.5
Mira-Bhayandar,Buxar,flight,5062,1.97,1356.1
Mira-Bhayandar,Sagar,flight,2972,1.22,791.8
Mira-Bhayandar,Chittoor,train,512,20.57,947.9
Mira-Bhayandar,Chittoor,flight,4163,1.66,947.9
Mira-Bhayandar,Arrah,flight,4992,1.88,1399.8
Mira-Bhayandar,Bharuch,train,193,3.42,270.2
Mira-Bhayandar,Balasore,flight,5256,1.87,1487.2
Mira-Bhayandar,Jalgaon,train,213,6.64,341.9
Mira-Bhayandar,Jalgaon,flight,2082,0.48,341.9
Mira-Bhayandar,Palakkad,train,595,21.78,1028.6
Mira-Bhayandar,Palakkad,flight,3814,1.33,1028.6
Mira-Bhayandar,Unnao,flight,3937,2.0,1122.8
Mira-Bhayandar,Bilaspur,flight,3645,1.32,1014.6
Thiruvananthapuram,Mumbai,flight,4867,2.35,1252.3
Thiruvananthapuram,Delhi,flight,8284,4.61,2244.0
Thiruvananthapuram,Bengaluru,train,290,8.51,499.7
Thiruvananthapuram,Kolkata,flight,7091,3.58,1982.2
Thiruvananthapuram,Chennai,train,346,8.6,624.1
Thiruvananthapuram,Chennai,flight,2668,0.86,624.1
Thiruvananthapuram,Hyderabad,flight,3498,2.21,999.5
Thiruvananthapuram,Pune,train,569,25.01,1160.2
Thiruvananthapuram,Pune,flight,4312,2.48,1160.2
Thiruvananthapuram,Ahmedabad,flight,6167,2.45,1678.0
Thiruvananthapuram,Jaipur,flight,7656,4.3,2048.3
Thiruvananthapuram,Surat,flight,5520,3.17,1473.5
Thiruvananthapuram,Lucknow,flight,7594,2.83,2080.7
Thiruvananthapuram,Kanpur,flight,7328,3.1,2025.2
Thiruvananthapuram,Nagpur,flight,5806,2.72,1422.3
Thiruvananthapuram,Indore,flight,6341,2.53,1582.7
Thiruvananthapuram,Thane,flight,4322,1.66,1263.3
Thiruvananthapuram,Bhopal,flight,6145,3.05,1639.3
Thiruvananthapuram,Visakhapatnam,flight,4251,1.69,1224.6
Thiruvananthapuram,Pimpri-Chinchwad,flight,4937,1.97,1173.6
Thiruvananthapuram,Patna,flight,6502,2.98,2087.0
Thiruvananthapuram,Vadodara,flight,5416,2.44,1584.3
Thiruvananthapuram,Ghaziabad,train,1089,38.87,2240.7
Thiruvananthapuram,Ghaziabad,flight,8323,3.21,2240.7
Thiruvananthapuram,Ludhiana,flight,8033,4.45,2490.7
Thiruvananthapuram,Agra,flight,7571,4.49,2077.1
Thiruvananthapuram,Nashik,flight,5411,1.76,1319.9
Thiruvananthapuram,Faridabad,flight,7423,3.74,2211.4
Thiruvananthapuram,Meerut,flight,8235,3.26,2276.5
Thiruvananthapuram,Rajkot,flight,5828,2.5,1666.6
Thiruvananthapuram,Kalyan,flight,4596,1.6,1260.0
Thiruvananthapuram,Vasai-Virar,train,749,21.59,1286.4
Thiruvananthapuram,Varanasi,flight,6151,3.19,1973.7
Thiruvananthapuram,Srinagar,flight,8800,4.17,2850.5
Thiruvananthapuram,Dhanbad,flight,6713,3.63,1975.8
Thiruvananthapuram,Jodhpur,flight,6538,2.95,2012.6
Thiruvananthapuram,Amritsar,flight,8506,5.13,2578.6
Thiruvananthapuram,Nanded,train,687,14.5,1182.7
Thiruvananthapuram,Gwalior,flight,7176,2.76,1971.9
Thiruvananthapuram,Kolhapur,train,506,11.84,955.3
Thiruvananthapuram,Kolhapur,flight,3499,1.62,955.3
Thiruvananthapuram,Bhubaneswar,flight,5309,3.3,1620.4
Thiruvananthapuram,Solapur,train,603,16.29,1021.9
Thiruvananthapuram,Mangalore,train,325,8.17,538.5
Thiruvananthapuram,Tiruchirappalli,train,192,4.71,317.9
Thiruvananthapuram,Tiruchirappalli,flight,1598,0.45,317.9
Thiruvananthapuram,BiharSharif,flight,7793,3.08,2065.1
Thiruvananthapuram,Aligarh,flight,7234,3.08,2157.6
Thiruvananthapuram,Tirunelveli,train,104,1.41,92.5
Thiruvananthapuram,Bhiwandi,flight,4821,1.77,1267.1
Thiruvananthapuram,Saharanpur,flight,8341,4.62,2384.9
Thiruvananthapuram,Gorakhpur,flight,7200,3.56,2138.2
Thiruvananthapuram,Jalandhar,flight,7590,3.23,2539.4
Thiruvananthapuram,Jamshedpur,flight,6726,2.95,1870.6
Thiruvananthapuram,Salem,train,237,7.86,373.4
Thiruvananthapuram,Salem,flight,1817,0.56,373.4
Thiruvananthapuram,Warangal,train,625,15.61,1088.8
Thiruvananthapuram,Mira-Bhayandar,flight,4863,2.51,1274.3
Thiruvananthapuram,Bhilai,train,776,28.89,1488.6
Thiruvananthapuram,Ujjain,flight,6121,2.53,1634.2
Thiruvananthapuram,Durgapur,flight,7106,3.95,2000.3
Thiruvananthapuram,Asansol,flight,6658,2.85,1994.7
Thiruvananthapuram,Rourkela,flight,5866,3.78,1746.1
Thiruvananthapuram,Nellore,train,383,8.22,737.2
Thiruvananthapuram,Nellore,flight,3237,1.27,737.2
Thiruvananthapuram,Dehradun,flight,8216,4.99,2425.9
Thiruvananthapuram,Davanagere,train,402,13.81,669.7
Thiruvananthapuram,Davanagere,flight,2750,0.93,669.7
Thiruvananthapuram,Kozhikode,train,215,3.92,329.4
Thiruvananthapuram,Akola,flight,4754,2.07,1354.0
Thiruvananthapuram,Kurnool,flight,3567,1.05,820.9
Thiruvananthapuram,Nizamabad,flight,4669,1.68,1135.3
Thiruvananthapuram,Guntur,flight,3697,1.98,945.0
Thiruvananthapuram,Amravati,flight,4475,2.13,1382.9
Thiruvananthapuram,Kakinada,train,572,13.09,1103.2
Thiruvananthapuram,Kakinada,flight,4208,1.83,1103.2
Thiruvananthapuram,Tirupati,train,330,9.46,628.9
Thiruvananthapuram,Puri,flight,5240,2.78,1578.5
Thiruvananthapuram,Shimoga,train,350,8.46,619.3
Thiruvananthapuram,Ongole,flight,3686,1.72,846.9
Thiruvananthapuram,Bathinda,flight,7794,5.23,2420.4
Thiruvananthapuram,Darbhanga,flight,6702,3.2,2176.5
Thiruvananthapuram,Satara,flight,3659,1.79,1066.7
Thiruvananthapuram,Proddatur,train,394,8.71,714.2
Thiruvananthapuram,Kollam,train,79,0.91,54.2
Thiruvananthapuram,Ambala,flight,9194,5.28,2430.1
Thiruvananthapuram,Siliguri,flight,7918,5.19,2356.9
Thiruvananthapuram,Rohtak,flight,8616,2.94,2265.5
Thiruvananthapuram,Etawah,flight,6946,3.41,2042.4
Thiruvananthapuram,Orai,flight,6126,2.72,1960.4
Thiruvananthapuram,Haldwani,flight,7131,4.17,2316.8
Thiruvananthapuram,Muzaffarpur,train,1080,34.56,2150.7
Thiruvananthapuram,Ramagundam,train,651,16.61,1174.4
Thiruvananthapuram,Ramagundam,flight,4169,2.41,1174.4
Thiruvananthapuram,Baripada,flight,6381,3.62,1822.2
Thiruvananthapuram,Tezpur,flight,9603,4.01,2618.3
Thiruvananthapuram,Korba,flight,5708,2.23,1658.9
Thiruvananthapuram,Nagapattinam,train,253,8.77,404.8
Thiruvananthapuram,Mahbubnagar,train,531,13.11,920.8
Thiruvananthapuram,Mahbubnagar,flight,3922,1.61,920.8
Thiruvananthapuram,Buxar,flight,6826,3.29,2043.6
Thiruvananthapuram,Sagar,flight,5815,2.99,1713.7
Thiruvananthapuram,Chittoor,train,332,10.25,572.8
Thiruvananthapuram,Arrah,flight,7815,3.59,2063.4
Thiruvananthapuram,Bharuch,train,875,32.37,1524.6
Thiruvananthapuram,Bharuch,flight,6174,3.38,1524.6
Thiruvananthapuram,Balasore,flight,6088,3.64,1795.8
Thiruvananthapuram,Jalgaon,flight,5143,3.01,1395.9
Thiruvananthapuram,Palakkad,train,170,5.01,253.5
Thiruvananthapuram,Unnao,flight,6542,3.56,2037.6
Thiruvananthapuram,Bilaspur,flight,5989,2.42,1606.7
Bhilai,Mumbai,train,550,10.26,923.1
Bhilai,Mumbai,flight,3529,1.32,923.1
Bhilai,Delhi,train,552,10.51,942.2
Bhilai,Bengaluru,train,528,13.17,1000.6
Bhilai,Bengaluru,flight,3874,1.33,1000.6
Bhilai,Kolkata,train,437,15.5,731.7
Bhilai,Chennai,flight,3214,1.27,910.0
Bhilai,Hyderabad,train,298,6.27,523.9
Bhilai,Hyderabad,flight,2257,0.71,523.9
Bhilai,Pune,train,466,10.86,845.7
Bhilai,Pune,flight,3081,1.32,845.7
Bhilai,Ahmedabad,train,481,13.37,934.8
Bhilai,Ahmedabad,flight,3632,1.4,934.8
Bhilai,Jaipur,train,456,10.9,855.8
Bhilai,Jaipur,flight,3234,1.23,855.8
Bhilai,Surat,flight,3780,1.72,891.4
Bhilai,Lucknow,train,332,11.67,630.8
Bhilai,Kanpur,train,322,8.75,595.3
Bhilai,Nagpur,train,168,3.45,242.8
Bhilai,Indore,train,335,12.21,599.2
Bhilai,Thane,train,481,10.95,908.7
Bhilai,Bhopal,train,301,6.71,473.1
Bhilai,Visakhapatnam,train,272,7.57,432.5
Bhilai,Pimpri-Chinchwad,flight,3283,1.83,846.9
Bhilai,Patna,train,377,6.89,618.7
Bhilai,Vadodara,flight,3177,1.44,860.8
Bhilai,Ghaziabad,flight,3651,1.25,922.9
Bhilai,Ludhiana,flight,4377,2.2,1214.2
Bhilai,Agra,train,420,14.89,750.5
Bhilai,Nashik,flight,3414,1.33,806.1
Bhilai,Faridabad,train,541,16.5,903.3
Bhilai,Faridabad,flight,3559,1.68,903.3
Bhilai,Meerut,train,538,16.35,944.0
Bhilai,Meerut,flight,4098,1.53,944.0
Bhilai,Rajkot,train,599,17.99,1104.3
Bhilai,Rajkot,flight,3716,2.4,1104.3
Bhilai,Kalyan,train,464,11.56,892.7
Bhilai,Vasai-Virar,train,487,10.9,917.8
Bhilai,Vasai-Virar,flight,3678,1.28,917.8
Bhilai,Varanasi,train,274,6.89,485.2
Bhilai,Srinagar,flight,5539,2.86,1574.3
Bhilai,Dhanbad,train,332,12.04,589.7
Bhilai,Jodhpur,train,557,17.96,1022.9
Bhilai,Amritsar,flight,4423,2.31,1331.4
Bhilai,Nanded,train,290,7.25,485.0
Bhilai,Nanded,flight,2424,0.95,485.0
Bhilai,Gwalior,train,360,9.5,649.3
Bhilai,Kolhapur,train,488,13.07,905.3
Bhilai,Kolhapur,flight,3520,1.61,905.3
Bhilai,Bhubaneswar,train,257,6.44,467.7
Bhilai,Solapur,train,396,13.93,699.6
Bhilai,Mangalore,train,636,19.84,1155.1
Bhilai,Mangalore,flight,4205,1.53,1155.1
Bhilai,Tiruchirappalli,flight,4809,1.93,1192.5
Bhilai,BiharSharif,train,387,7.1,610.9
Bhilai,Aligarh,train,418,11.37,818.6
Bhilai,Tirunelveli,flight,5396,2.19,1442.2
Bhilai,Bhiwandi,train,514,19.23,898.5
Bhilai,Saharanpur,flight,4157,1.76,1050.1
Bhilai,Gorakhpur,train,366,13.17,650.0
Bhilai,Gorakhpur,flight,2745,1.17,650.0
Bhilai,Jalandhar,flight,5262,2.02,1268.5
Bhilai,Jamshedpur,train,305,6.26,523.8
Bhilai,Salem,flight,4175,1.45,1115.6
Bhilai,Warangal,train,244,5.03,406.6
Bhilai,Warangal,flight,2020,0.81,406.6
Bhilai,Mira-Bhayandar,flight,4013,1.39,919.5
Bhilai,Thiruvananthapuram,flight,5153,3.08,1488.6
Bhilai,Ujjain,train,374,13.02,621.7
Bhilai,Ujjain,flight,2954,1.27,621.7
Bhilai,Durgapur,train,381,7.82,657.9
Bhilai,Asansol,train,385,11.56,631.9
Bhilai,Asansol,flight,2581,0.84,631.9
Bhilai,Rourkela,train,223,6.47,373.1
Bhilai,Nellore,train,464,9.93,765.8
Bhilai,Nellore,flight,3079,1.37,765.8
Bhilai,Dehradun,train,625,15.67,1070.0
Bhilai,Davanagere,train,573,18.39,948.1
Bhilai,Kozhikode,flight,4574,1.84,1257.9
Bhilai,Akola,train,286,7.28,462.5
Bhilai,Kurnool,train,359,11.85,695.3
Bhilai,Nizamabad,train,283,6.7,447.2
Bhilai,Nizamabad,flight,2407,0.78,447.2
Bhilai,Guntur,train,294,8.72,553.1
Bhilai,Amravati,train,245,8.0,381.0
Bhilai,Amravati,flight,2126,0.83,381.0
Bhilai,Kakinada,train,272,7.03,475.1
Bhilai,Tirupati,flight,3714,1.66,867.5
Bhilai,Puri,train,263,6.2,483.3
Bhilai,Shimoga,flight,4203,1.4,1018.5
Bhilai,Ongole,train,398,11.1,648.8
Bhilai,Ongole,flight,2685,1.12,648.8
Bhilai,Bathinda,train,694,16.92,1194.3
Bhilai,Bathinda,flight,4623,1.57,1194.3
Bhilai,Darbhanga,train,407,10.14,714.7
Bhilai,Satara,flight,3503,1.54,871.8
Bhilai,Proddatur,train,444,12.25,778.2
Bhilai,Kollam,train,732,18.41,1461.6
Bhilai,Kollam,flight,5893,3.22,1461.6
Bhilai,Ambala,flight,4666,2.27,1122.4
Bhilai,Siliguri,flight,3542,1.48,938.8
Bhilai,Rohtak,train,529,20.53,984.5
Bhilai,Etawah,train,414,8.03,668.6
Bhilai,Etawah,flight,3178,1.38,668.6
Bhilai,Orai,train,328,7.92,570.2
Bhilai,Haldwani,flight,3323,1.46,913.1
Bhilai,Muzaffarpur,train,366,10.07,680.4
Bhilai,Ramagundam,train,223,6.47,332.3
Bhilai,Ramagundam,flight,1861,0.7,332.3
Bhilai,Baripada,train,314,8.63,555.8
Bhilai,Tezpur,flight,4596,1.94,1304.0
Bhilai,Korba,train,141,3.08,188.2
Bhilai,Nagapattinam,flight,4436,1.73,1170.9
Bhilai,Mahbubnagar,train,355,8.88,613.1
Bhilai,Mahbubnagar,flight,2862,0.97,613.1
Bhilai,Buxar,train,329,6.95,561.0
Bhilai,Sagar,train,269,7.85,403.8
Bhilai,Chittoor,train,475,10.72,920.5
Bhilai,Arrah,train,327,8.03,587.5
Bhilai,Bharuch,flight,3649,1.27,872.5
Bhilai,Balasore,train,350,7.34,570.8
Bhilai,Jalgaon,train,320,7.74,609.0
Bhilai,Palakkad,flight,4916,2.32,1264.2
Bhilai,Unnao,flight,2962,0.88,602.1
Bhilai,Bilaspur,train,109,2.05,123.0
Ujjain,Mumbai,train,355,6.58,546.8
Ujjain,Delhi,train,345,9.04,628.3
Ujjain,Delhi,flight,2939,0.98,628.3
Ujjain,Bengaluru,train,641,20.58,1151.0
Ujjain,Bengaluru,flight,4660,1.86,1151.0
Ujjain,Kolkata,flight,4789,2.32,1290.1
Ujjain,Chennai,flight,4627,2.42,1218.3
Ujjain,Hyderabad,train,418,11.44,703.2
Ujjain,Hyderabad,flight,3206,0.98,703.2
Ujjain,Pune,train,330,6.49,555.4
Ujjain,Pune,flight,2432,0.97,555.4
Ujjain,Ahmedabad,train,206,4.06,329.1
Ujjain,Jaipur,train,250,9.15,415.1
Ujjain,Jaipur,flight,2015,0.57,415.1
Ujjain,Surat,train,217,5.08,377.4
Ujjain,Lucknow,train,383,13.03,660.8
Ujjain,Kanpur,train,325,12.46,585.5
Ujjain,Nagpur,train,271,6.26,408.4
Ujjain,Nagpur,flight,2042,0.82,408.4
Ujjain,Indore,train,80,0.73,51.7
Ujjain,Thane,train,313,10.87,527.8
Ujjain,Bhopal,train,139,2.04,166.6
Ujjain,Visakhapatnam,flight,4229,1.55,986.0
Ujjain,Pimpri-Chinchwad,train,340,8.6,546.3
Ujjain,Patna,train,493,15.45,984.2
Ujjain,Patna,flight,4050,1.69,984.2
Ujjain,Vadodara,train,182,3.36,284.1
Ujjain,Ghaziabad,train,402,13.57,632.8
Ujjain,Ghaziabad,flight,2893,0.93,632.8
Ujjain,Ludhiana,train,456,16.14,858.6
Ujjain,Agra,train,284,9.42,497.6
Ujjain,Nashik,train,258,6.51,409.5
Ujjain,Nashik,flight,1918,0.76,409.5
Ujjain,Faridabad,train,349,9.55,601.4
Ujjain,Meerut,flight,2868,1.44,673.4
Ujjain,Rajkot,train,321,5.82,520.1
Ujjain,Kalyan,train,311,6.56,517.4
Ujjain,Vasai-Virar,train,284,8.76,520.1
Ujjain,Varanasi,train,406,8.84,766.5
Ujjain,Srinagar,flight,4187,1.94,1216.3
Ujjain,Dhanbad,train,557,16.11,1087.6
Ujjain,Jodhpur,train,294,5.98,439.9
Ujjain,Amritsar,flight,3392,1.22,944.4
Ujjain,Nanded,train,283,6.91,475.1
Ujjain,Gwalior,train,281,6.61,415.7
Ujjain,Kolhapur,train,396,14.25,737.7
Ujjain,Bhubaneswar,train,606,13.19,1085.1
Ujjain,Bhubaneswar,flight,3870,1.86,1085.1
Ujjain,Solapur,train,358,7.71,613.9
Ujjain,Mangalore,train,601,19.86,1145.6
Ujjain,Tiruchirappalli,flight,5531,1.84,1412.0
Ujjain,BiharSharif,train,531,17.99,1012.3
Ujjain,BiharSharif,flight,3860,1.91,1012.3
Ujjain,Aligarh,train,339,9.05,573.2
Ujjain,Tirunelveli,flight,5426,2.08,1622.1
Ujjain,Bhiwandi,train,308,6.1,517.2
Ujjain,Saharanpur,train,422,10.1,774.5
Ujjain,Gorakhpur,train,435,11.12,862.1
Ujjain,Jalandhar,train,490,13.7,906.1
Ujjain,Jalandhar,flight,3963,1.22,906.1
Ujjain,Jamshedpur,flight,4597,2.08,1067.0
Ujjain,Salem,flight,5189,2.04,1304.6
Ujjain,Warangal,train,434,13.56,702.0
Ujjain,Warangal,flight,3313,1.07,702.0
Ujjain,Mira-Bhayandar,train,287,9.97,529.4
Ujjain,Thiruvananthapuram,flight,6186,3.17,1634.2
Ujjain,Bhilai,train,342,11.45,621.7
Ujjain,Durgapur,train,677,18.5,1177.1
Ujjain,Durgapur,flight,3985,2.46,1177.1
Ujjain,Asansol,flight,4821,1.57,1140.9
Ujjain,Rourkela,train,495,18.77,935.6
Ujjain,Nellore,train,558,18.61,1067.2
Ujjain,Dehradun,flight,3657,1.41,824.3
Ujjain,Davanagere,train,535,18.38,969.1
Ujjain,Kozhikode,flight,5074,1.76,1325.5
Ujjain,Akola,train,217,4.03,303.0
Ujjain,Kurnool,train,435,11.26,850.8
Ujjain,Kurnool,flight,3725,1.77,850.8
Ujjain,Nizamabad,train,304,8.02,555.5
Ujjain,Guntur,train,543,15.36,905.9
Ujjain,Guntur,flight,3371,1.94,905.9
Ujjain,Amravati,train,229,5.42,322.6
Ujjain,Kakinada,train,482,14.77,963.6
Ujjain,Tirupati,flight,3964,2.12,1128.9
Ujjain,Puri,train,627,13.7,1104.3
Ujjain,Puri,flight,3787,2.01,1104.3
Ujjain,Shimoga,train,521,15.01,1028.7
Ujjain,Shimoga,flight,4032,1.98,1028.7
Ujjain,Ongole,flight,4242,1.98,963.3
Ujjain,Bathinda,train,455,9.42,786.3
Ujjain,Darbhanga,train,606,23.49,1073.1
Ujjain,Satara,train,374,8.77,639.3
Ujjain,Proddatur,train,589,20.19,981.3
Ujjain,Proddatur,flight,3789,1.73,981.3
Ujjain,Kollam,flight,5064,2.32,1591.0
Ujjain,Ambala,train,472,11.47,806.5
Ujjain,Ambala,flight,3150,1.06,806.5
Ujjain,Siliguri,train,697,18.73,1333.0
Ujjain,Rohtak,train,363,11.15,640.9
Ujjain,Etawah,train,281,11.43,516.5
Ujjain,Orai,train,302,8.26,485.5
Ujjain,Orai,flight,2170,0.74,485.5
Ujjain,Haldwani,train,445,8.97,767.5
Ujjain,Muzaffarpur,train,544,12.98,1024.0
Ujjain,Ramagundam,train,375,12.77,627.0
Ujjain,Baripada,train,608,14.38,1134.2
Ujjain,Tezpur,flight,5567,2.27,1756.6
Ujjain,Korba,train,433,14.3,720.0
Ujjain,Nagapattinam,flight,5410,2.09,1445.2
Ujjain,Mahbubnagar,train,435,9.21,751.8
Ujjain,Buxar,train,498,11.53,889.7
Ujjain,Buxar,flight,3809,1.93,889.7
Ujjain,Sagar,train,197,3.73,309.9
Ujjain,Chittoor,flight,4655,1.95,1161.6
Ujjain,Arrah,flight,3783,1.35,937.6
Ujjain,Bharuch,train,200,7.26,328.4
Ujjain,Balasore,flight,4366,1.82,1161.5
Ujjain,Jalgaon,train,159,2.84,242.6
Ujjain,Palakkad,flight,5208,2.82,1381.1
Ujjain,Unnao,train,342,10.75,603.4
Ujjain,Unnao,flight,2569,1.28,603.4
Ujjain,Bilaspur,train,391,14.67,663.5
Durgapur,Mumbai,flight,5227,2.12,1573.9
Durgapur,Delhi,train,667,20.3,1170.3
Durgapur,Delhi,flight,4019,2.11,1170.3
Durgapur,Bengaluru,flight,5456,2.13,1557.2
Durgapur,Kolkata,train,114,2.8,150.6
Durgapur,Chennai,flight,4716,2.14,1377.5
Durgapur,Hyderabad,train,619,20.6,1144.3
Durgapur,Hyderabad,flight,3995,1.62,1144.3
Durgapur,Pune,flight,5680,3.28,1502.2
Durgapur,Ahmedabad,flight,4918,1.89,1506.1
Durgapur,Jaipur,flight,4278,2.41,1218.6
Durgapur,Surat,train,831,28.29,1511.3
Durgapur,Surat,flight,6019,2.69,1511.3
Durgapur,Lucknow,train,439,8.96,739.5
Durgapur,Kanpur,train,454,14.2,775.1
Durgapur,Nagpur,flight,3749,1.28,885.9
Durgapur,Indore,train,581,23.69,1174.4
Durgapur,Indore,flight,4742,1.52,1174.4
Durgapur,Thane,flight,6085,2.34,1558.5
Durgapur,Bhopal,flight,3683,1.65,1010.5
Durgapur,Visakhapatnam,train,468,11.33,775.9
Durgapur,Pimpri-Chinchwad,flight,5711,2.88,1502.8
Durgapur,Patna,train,200,4.22,318.6
Durgapur,Vadodara,flight,4902,2.74,1453.0
Durgapur,Ghaziabad,flight,4004,1.66,1138.1
Durgapur,Ludhiana,flight,4769,2.98,1397.3
Durgapur,Agra,flight,3596,1.44,1019.1
Durgapur,Nashik,flight,5207,1.93,1449.6
Durgapur,Faridabad,flight,3830,1.68,1136.8
Durgapur,Meerut,train,653,21.53,1133.6
Durgapur,Meerut,flight,4310,1.88,1133.6
Durgapur,Rajkot,flight,5601,3.57,1695.4
Durgapur,Kalyan,flight,5793,2.31,1542.7
Durgapur,Vasai-Virar,flight,4953,3.06,1565.6
Durgapur,Varanasi,train,308,9.94,482.5
Durgapur,Srinagar,flight,6347,2.38,1690.3
Durgapur,Dhanbad,train,103,1.22,94.9
Durgapur,Jodhpur,flight,5645,3.23,1471.8
Durgapur,Amritsar,flight,5075,2.43,1520.3
Durgapur,Nanded,flight,4207,1.85,1142.6
Durgapur,Gwalior,train,519,12.91,968.3
Durgapur,Gwalior,flight,4148,2.0,968.3
Durgapur,Kolhapur,flight,6109,2.26,1559.5
Durgapur,Bhubaneswar,train,235,6.17,390.0
Durgapur,Bhubaneswar,flight,1899,0.51,390.0
Durgapur,Solapur,flight,5515,2.77,1353.4
Durgapur,Mangalore,flight,5850,2.49,1764.8
Durgapur,Tiruchirappalli,flight,6437,2.31,1683.9
Durgapur,BiharSharif,train,184,3.53,260.5
Durgapur,BiharSharif,flight,1557,0.36,260.5
Durgapur,Aligarh,train,560,19.81,1043.9
Durgapur,Tirunelveli,flight,7450,2.77,1935.3
Durgapur,Bhiwandi,flight,5505,2.04,1547.9
Durgapur,Saharanpur,flight,4075,2.3,1204.8
Durgapur,Gorakhpur,train,309,6.08,535.7
Durgapur,Gorakhpur,flight,2646,0.75,535.7
Durgapur,Jalandhar,flight,5126,2.65,1445.8
Durgapur,Jamshedpur,train,110,1.67,138.5
Durgapur,Salem,flight,5232,2.25,1636.3
Durgapur,Warangal,train,589,18.67,1012.1
Durgapur,Mira-Bhayandar,flight,5454,2.24,1568.3
Durgapur,Thiruvananthapuram,flight,7558,4.44,2000.3
Durgapur,Bhilai,train,369,8.0,657.9
Durgapur,Ujjain,flight,4500,2.06,1177.1
Durgapur,Asansol,train,64,0.84,40.5
Durgapur,Rourkela,train,187,4.31,288.2
Durgapur,Nellore,flight,5024,2.64,1269.0
Durgapur,Dehradun,flight,4323,1.52,1189.7
Durgapur,Davanagere,flight,5609,2.71,1563.2
Durgapur,Kozhikode,flight,6662,3.03,1829.9
Durgapur,Akola,flight,3870,1.77,1106.6
Durgapur,Kurnool,flight,4492,2.27,1293.2
Durgapur,Nizamabad,flight,3811,1.5,1097.3
Durgapur,Guntur,train,570,12.44,1076.6
Durgapur,Amravati,flight,3954,2.21,1023.3
Durgapur,Kakinada,flight,3955,1.6,897.8
Durgapur,Tirupati,flight,4846,1.94,1378.2
Durgapur,Puri,train,269,7.54,439.7
Durgapur,Shimoga,flight,6170,2.12,1631.4
Durgapur,Ongole,flight,4281,2.12,1171.4
Durgapur,Bathinda,flight,5549,2.04,1433.2
Durgapur,Darbhanga,train,206,4.28,326.1
Durgapur,Darbhanga,flight,1963,0.5,326.1
Durgapur,Satara,flight,5913,2.39,1529.7
Durgapur,Proddatur,flight,4988,2.73,1340.1
Durgapur,Kollam,flight,7360,3.15,1985.2
Durgapur,Ambala,flight,5377,1.67,1291.9
Durgapur,Siliguri,train,235,6.74,371.9
Durgapur,Rohtak,flight,4665,2.11,1223.0
Durgapur,Etawah,flight,3750,1.61,910.3
Durgapur,Orai,flight,3479,1.52,838.9
Durgapur,Haldwani,flight,4149,1.64,1002.1
Durgapur,Muzaffarpur,train,203,4.59,348.2
Durgapur,Ramagundam,train,544,15.44,961.5
Durgapur,Ramagundam,flight,3682,1.46,961.5
Durgapur,Baripada,train,133,4.1,187.2
Durgapur,Baripada,flight,1276,0.38,187.2
Durgapur,Tezpur,train,374,11.7,652.5
Durgapur,Korba,train,319,8.83,484.6
Durgapur,Nagapattinam,flight,5691,2.78,1623.6
Durgapur,Mahbubnagar,flight,4524,2.67,1230.7
Durgapur,Buxar,train,252,4.8,390.6
Durgapur,Sagar,train,519,13.19,873.7
Durgapur,Chittoor,flight,5024,2.22,1435.5
Durgapur,Arrah,train,227,4.42,350.7
Durgapur,Bharuch,flight,5330,3.05,1480.6
Durgapur,Balasore,train,174,3.23,229.1
Durgapur,Jalgaon,flight,4681,1.69,1240.5
Durgapur,Palakkad,flight,6078,2.65,1811.0
Durgapur,Unnao,train,450,15.64,765.2
Durgapur,Bilaspur,flight,2338,0.87,553.9
Asansol,Mumbai,flight,5565,2.51,1544.2
Asansol,Delhi,train,561,22.32,1129.9
Asansol,Delhi,flight,4504,2.12,1129.9
Asansol,Bengaluru,flight,5225,2.54,1546.4
Asansol,Kolkata,train,133,2.38,189.7
Asansol,Chennai,flight,4869,2.14,1373.1
Asansol,Hyderabad,train,565,14.1,1125.7
Asansol,Hyderabad,flight,4553,1.43,1125.7
Asansol,Pune,flight,5743,2.01,1474.3
Asansol,Ahmedabad,flight,5865,1.87,1469.7
Asansol,Jaipur,train,646,23.99,1178.3
Asansol,Jaipur,flight,3926,2.0,1178.3
Asansol,Surat,flight,5457,3.16,1477.8
Asansol,Lucknow,train,390,10.77,699.1
Asansol,Kanpur,train,423,11.06,734.5
Asansol,Kanpur,flight,2829,1.41,734.5
Asansol,Nagpur,flight,3517,1.26,856.4
Asansol,Indore,flight,4235,2.3,1139.1
Asansol,Thane,flight,5033,1.93,1528.5
Asansol,Bhopal,train,562,10.88,974.4
Asansol,Bhopal,flight,4206,1.33,974.4
Asansol,Visakhapatnam,train,453,8.94,771.8
Asansol,Pimpri-Chinchwad,flight,5216,2.26,1474.6
Asansol,Patna,train,186,4.14,280.9
Asansol,Vadodara,flight,4570,3.05,1417.7
Asansol,Ghaziabad,train,637,17.88,1097.8
Asansol,Ludhiana,flight,4458,2.31,1357.7
Asansol,Agra,train,585,13.55,978.6
Asansol,Nashik,flight,5720,1.82,1418.7
Asansol,Faridabad,flight,4693,1.59,1096.3
Asansol,Meerut,flight,4069,1.82,1093.5
Asansol,Rajkot,train,916,22.65,1659.8
Asansol,Kalyan,flight,5317,3.15,1512.8
Asansol,Vasai-Virar,flight,6026,2.76,1535.2
Asansol,Varanasi,train,265,6.4,442.0
Asansol,Varanasi,flight,1978,0.84,442.0
Asansol,Srinagar,flight,5622,3.13,1652.3
Asansol,Dhanbad,train,79,0.73,55.0
Asansol,Jodhpur,flight,4755,1.84,1432.1
Asansol,Amritsar,flight,5111,2.35,1480.8
Asansol,Nanded,flight,4328,2.44,1116.9
Asansol,Gwalior,train,481,19.19,928.1
Asansol,Gwalior,flight,3258,1.57,928.1
Asansol,Kolhapur,flight,4924,2.71,1535.7
Asansol,Bhubaneswar,train,266,5.04,394.4
Asansol,Solapur,flight,4797,1.88,1329.7
Asansol,Mangalore,train,1005,27.02,1749.0
Asansol,Tiruchirappalli,flight,5408,2.41,1679.0
Asansol,BiharSharif,train,170,2.9,222.7
Asansol,Aligarh,flight,3485,1.83,1003.5
Asansol,Tirunelveli,flight,5954,3.72,1931.0
Asansol,Bhiwandi,flight,5455,2.47,1517.9
Asansol,Saharanpur,train,607,15.04,1165.1
Asansol,Saharanpur,flight,4036,1.52,1165.1
Asansol,Gorakhpur,train,301,7.94,496.9
Asansol,Jalandhar,flight,5759,2.52,1406.3
Asansol,Jamshedpur,train,123,1.54,124.4
Asansol,Salem,flight,6083,3.06,1628.9
Asansol,Warangal,flight,3600,2.17,994.2
Asansol,Mira-Bhayandar,flight,5165,2.43,1538.2
Asansol,Thiruvananthapuram,flight,7535,3.77,1994.7
Asansol,Bhilai,train,348,8.54,631.9
Asansol,Bhilai,flight,2959,1.25,631.9
Asansol,Ujjain,flight,4759,1.66,1140.9
Asansol,Durgapur,train,71,0.7,40.5
Asansol,Rourkela,train,168,4.26,267.2
Asansol,Nellore,flight,5207,2.09,1261.3
Asansol,Dehradun,flight,4127,2.31,1150.6
Asansol,Davanagere,flight,5084,2.9,1546.4
Asansol,Kozhikode,flight,5966,2.52,1818.4
Asansol,Akola,flight,3712,2.07,1076.4
Asansol,Kurnool,flight,4671,1.96,1277.6
Asansol,Nizamabad,train,536,12.75,1074.2
Asansol,Guntur,train,533,20.42,1065.9
Asansol,Guntur,flight,4037,1.56,1065.9
Asansol,Amravati,train,591,13.85,993.2
Asansol,Kakinada,flight,3640,1.47,891.5
Asansol,Tirupati,flight,4557,2.94,1370.5
Asansol,Puri,train,300,5.19,445.8
Asansol,Shimoga,flight,6064,2.09,1615.0
Asansol,Ongole,train,582,14.07,1161.5
Asansol,Bathinda,flight,5172,1.81,1393.0
Asansol,Darbhanga,train,184,4.61,294.9
Asansol,Satara,flight,6036,2.93,1503.6
Asansol,Proddatur,flight,4886,1.81,1328.0
Asansol,Kollam,flight,7187,3.88,1978.5
Asansol,Ambala,flight,4614,1.61,1252.2
Asansol,Siliguri,train,222,4.44,367.5
Asansol,Siliguri,flight,1732,0.49,367.5
Asansol,Rohtak,train,607,16.4,1182.6
Asansol,Etawah,train,530,12.29,869.8
Asansol,Etawah,flight,3754,1.24,869.8
Asansol,Orai,train,486,9.05,798.6
Asansol,Orai,flight,3590,1.22,798.6
Asansol,Haldwani,flight,4143,1.59,962.8
Asansol,Muzaffarpur,train,194,5.18,313.7
Asansol,Ramagundam,flight,3786,1.87,940.9
Asansol,Baripada,train,145,3.18,197.3
Asansol,Tezpur,train,406,12.99,673.6
Asansol,Tezpur,flight,3094,0.88,673.6
Asansol,Korba,train,262,5.18,455.0
Asansol,Korba,flight,2075,0.93,455.0
Asansol,Nagapattinam,flight,6120,2.47,1621.4
Asansol,Mahbubnagar,flight,4579,2.21,1212.6
Asansol,Buxar,train,221,5.0,350.7
Asansol,Sagar,train,449,9.96,836.5
Asansol,Sagar,flight,3418,1.67,836.5
Asansol,Chittoor,flight,5544,1.86,1427.8
Asansol,Arrah,train,226,3.74,311.5
Asansol,Bharuch,flight,5813,1.84,1446.3
Asansol,Balasore,train,182,3.13,244.0
Asansol,Jalgaon,flight,4811,2.24,1208.6
Asansol,Palakkad,flight,6771,3.93,1801.9
Asansol,Unnao,train,416,10.14,724.6
Asansol,Bilaspur,train,324,6.6,524.7
Rourkela,Mumbai,flight,4704,1.7,1294.8
Rourkela,Delhi,train,598,14.06,1057.1
Rourkela,Bengaluru,flight,4645,2.01,1287.2
Rourkela,Kolkata,train,241,7.87,362.5
Rourkela,Chennai,train,671,17.61,1129.8
Rourkela,Chennai,flight,4350,2.51,1129.8
Rourkela,Hyderabad,train,436,9.62,858.5
Rourkela,Hyderabad,flight,3435,1.57,858.5
Rourkela,Pune,flight,4929,1.71,1218.8
Rourkela,Ahmedabad,flight,4433,2.06,1262.9
Rourkela,Jaipur,train,532,14.5,1052.1
Rourkela,Jaipur,flight,3971,2.3,1052.1
Rourkela,Surat,flight,4824,1.77,1247.5
Rourkela,Lucknow,train,395,9.34,645.1
Rourkela,Lucknow,flight,2971,0.83,645.1
Rourkela,Kanpur,train,406,8.6,653.2
Rourkela,Kanpur,flight,3126,1.44,653.2
Rourkela,Nagpur,train,332,10.62,608.3
Rourkela,Indore,train,505,11.04,925.5
Rourkela,Indore,flight,3580,1.59,925.5
Rourkela,Thane,flight,4305,2.72,1280.0
Rourkela,Bhopal,train,451,15.75,770.9
Rourkela,Visakhapatnam,train,318,8.16,536.5
Rourkela,Pimpri-Chinchwad,flight,5025,2.29,1220.0
Rourkela,Patna,train,218,6.38,371.8
Rourkela,Patna,flight,1962,0.52,371.8
Rourkela,Vadodara,flight,5005,1.56,1200.7
Rourkela,Ghaziabad,flight,4334,1.5,1028.9
Rourkela,Ludhiana,flight,4544,1.95,1311.7
Rourkela,Agra,train,538,13.78,881.1
Rourkela,Agra,flight,3206,1.67,881.1
Rourkela,Nashik,flight,4420,2.03,1174.5
Rourkela,Faridabad,flight,4127,1.39,1019.8
Rourkela,Meerut,train,563,12.48,1035.1
Rourkela,Meerut,flight,4230,1.38,1035.1
Rourkela,Rajkot,flight,4762,2.8,1445.3
Rourkela,Kalyan,flight,4207,2.61,1264.0
Rourkela,Vasai-Virar,flight,4959,1.86,1288.3
Rourkela,Varanasi,train,248,6.06,390.0
Rourkela,Varanasi,flight,2096,0.66,390.0
Rourkela,Srinagar,flight,6563,2.19,1641.1
Rourkela,Dhanbad,train,164,2.87,234.9
Rourkela,Dhanbad,flight,1521,0.29,234.9
Rourkela,Jodhpur,flight,5117,2.42,1277.6
Rourkela,Amritsar,flight,4922,3.08,1435.6
Rourkela,Nanded,train,497,11.82,856.1
Rourkela,Gwalior,train,428,10.14,806.7
Rourkela,Gwalior,flight,3365,1.16,806.7
Rourkela,Kolhapur,flight,4476,1.81,1271.5
Rourkela,Bhubaneswar,flight,1487,0.31,240.5
Rourkela,Solapur,train,619,13.23,1065.5
Rourkela,Mangalore,flight,5793,3.13,1483.1
Rourkela,Tiruchirappalli,flight,5497,1.81,1433.3
Rourkela,BiharSharif,train,229,6.75,333.8
Rourkela,BiharSharif,flight,1773,0.45,333.8
Rourkela,Aligarh,train,542,12.57,925.4
Rourkela,Tirunelveli,flight,6259,2.28,1686.4
Rourkela,Bhiwandi,flight,4617,1.7,1269.6
Rourkela,Saharanpur,flight,4673,2.16,1124.5
Rourkela,Gorakhpur,train,318,8.97,522.3
Rourkela,Jalandhar,flight,5478,1.97,1364.0
Rourkela,Jamshedpur,train,130,1.86,151.2
Rourkela,Salem,flight,4632,2.86,1376.7
Rourkela,Warangal,flight,3147,1.26,727.4
Rourkela,Mira-Bhayandar,train,677,15.3,1290.4
Rourkela,Thiruvananthapuram,flight,5937,3.57,1746.1
Rourkela,Bhilai,train,237,7.82,373.1
Rourkela,Bhilai,flight,2045,0.53,373.1
Rourkela,Ujjain,train,528,16.72,935.6
Rourkela,Durgapur,train,179,3.22,288.2
Rourkela,Asansol,train,180,3.17,267.2
Rourkela,Nellore,train,595,11.82,1009.4
Rourkela,Nellore,flight,3913,2.03,1009.4
Rourkela,Dehradun,flight,4279,1.57,1124.1
Rourkela,Davanagere,flight,5178,2.31,1279.8
Rourkela,Kozhikode,flight,6049,3.23,1557.5
Rourkela,Akola,train,498,9.37,830.2
Rourkela,Akola,flight,3443,1.31,830.2
Rourkela,Kurnool,flight,3817,1.63,1012.0
Rourkela,Nizamabad,flight,3537,1.32,809.2
Rourkela,Guntur,flight,3357,1.49,808.0
Rourkela,Amravati,train,395,9.18,747.2
Rourkela,Amravati,flight,3454,1.46,747.2
Rourkela,Kakinada,train,409,9.03,646.5
Rourkela,Tirupati,train,612,24.29,1118.4
Rourkela,Tirupati,flight,4062,1.95,1118.4
Rourkela,Puri,train,193,4.9,290.4
Rourkela,Shimoga,flight,4593,1.72,1348.6
Rourkela,Ongole,train,528,13.77,905.1
Rourkela,Ongole,flight,3228,1.59,905.1
Rourkela,Bathinda,flight,4940,2.19,1324.8
Rourkela,Darbhanga,flight,2333,0.9,445.6
Rourkela,Satara,flight,4917,1.63,1243.5
Rourkela,Proddatur,flight,4442,1.83,1066.9
Rourkela,Kollam,flight,5883,2.89,1727.3
Rourkela,Ambala,flight,4947,2.35,1208.6
Rourkela,Siliguri,train,385,7.64,612.7
Rourkela,Rohtak,flight,3748,2.28,1107.7
Rourkela,Etawah,train,397,10.72,775.7
Rourkela,Orai,train,392,9.16,686.7
Rourkela,Haldwani,train,569,15.12,940.3
Rourkela,Haldwani,flight,3675,1.34,940.3
Rourkela,Muzaffarpur,train,258,8.36,432.7
Rourkela,Muzaffarpur,flight,2312,0.63,432.7
Rourkela,Ramagundam,train,352,14.87,673.9
Rourkela,Baripada,train,163,2.75,198.7
Rourkela,Tezpur,flight,3983,1.84,940.0
Rourkela,Korba,train,162,2.67,216.6
Rourkela,Nagapattinam,flight,5228,2.24,1384.2
Rourkela,Mahbubnagar,train,541,13.09,945.6
Rourkela,Buxar,train,224,4.82,373.9
Rourkela,Sagar,flight,2880,1.08,649.8
Rourkela,Chittoor,train,630,22.75,1175.3
Rourkela,Chittoor,flight,4443,1.61,1175.3
Rourkela,Arrah,train,251,5.54,367.5
Rourkela,Bharuch,flight,4164,2.32,1221.8
Rourkela,Balasore,train,169,4.38,230.9
Rourkela,Jalgaon,flight,4078,1.27,970.2
Rourkela,Palakkad,flight,5587,2.48,1545.4
Rourkela,Unnao,train,384,12.08,649.4
Rourkela,Unnao,flight,2746,1.32,649.4
Rourkela,Bilaspur,train,202,3.83,280.2
Rourkela,Bilaspur,flight,1591,0.4,280.2
Nellore,Mumbai,flight,3230,1.21,915.3
Nellore,Delhi,flight,6060,2.06,1613.4
Nellore,Bengaluru,train,200,3.93,305.8
Nellore,Bengaluru,flight,1694,0.41,305.8
Nellore,Kolkata,flight,4241,1.73,1263.2
Nellore,Chennai,train,131,2.12,154.3
Nellore,Hyderabad,train,239,4.15,364.4
Nellore,Pune,train,470,12.57,795.3
Nellore,Ahmedabad,flight,4553,1.57,1232.2
Nellore,Jaipur,flight,5169,2.38,1453.4
Nellore,Surat,flight,3624,2.13,1064.2
Nellore,Lucknow,flight,5243,1.96,1382.9
Nellore,Kanpur,flight,4892,2.15,1335.6
Nellore,Nagpur,train,429,9.37,751.4
Nellore,Indore,train,538,13.72,1017.8
Nellore,Thane,flight,3752,1.65,915.4
Nellore,Bhopal,train,539,15.86,1017.1
Nellore,Bhopal,flight,4059,1.53,1017.1
Nellore,Visakhapatnam,train,288,9.93,499.4
Nellore,Pimpri-Chinchwad,flight,3478,1.44,807.1
Nellore,Patna,flight,4376,2.01,1351.3
Nellore,Vadodara,train,677,17.86,1131.1
Nellore,Ghaziabad,flight,5432,2.89,1603.3
Nellore,Ludhiana,flight,6557,2.51,1878.0
Nellore,Agra,flight,5498,1.85,1430.7
Nellore,Nashik,flight,3447,1.8,902.3
Nellore,Faridabad,flight,6061,2.44,1577.2
Nellore,Meerut,flight,5991,2.94,1633.9
Nellore,Rajkot,flight,4446,2.84,1304.3
Nellore,Kalyan,flight,3970,1.8,903.6
Nellore,Vasai-Virar,train,548,12.98,938.2
Nellore,Vasai-Virar,flight,4047,1.47,938.2
Nellore,Varanasi,flight,4819,1.77,1248.8
Nellore,Srinagar,train,1111,41.26,2245.5
Nellore,Srinagar,flight,8090,2.92,2245.5
Nellore,Dhanbad,flight,4939,1.67,1240.4
Nellore,Jodhpur,flight,4850,1.9,1498.2
Nellore,Amritsar,flight,6472,3.45,1981.1
Nellore,Nanded,train,382,7.65,595.7
Nellore,Nanded,flight,2425,0.94,595.7
Nellore,Gwalior,flight,4780,2.6,1322.8
Nellore,Kolhapur,train,396,9.86,664.4
Nellore,Bhubaneswar,train,469,10.08,898.3
Nellore,Bhubaneswar,flight,3376,1.4,898.3
Nellore,Solapur,train,322,7.25,563.9
Nellore,Solapur,flight,2756,1.22,563.9
Nellore,Mangalore,train,340,10.71,579.7
Nellore,Tiruchirappalli,train,268,4.9,429.2
Nellore,BiharSharif,flight,4885,2.08,1328.3
Nellore,Aligarh,flight,5705,2.7,1508.9
Nellore,Tirunelveli,train,411,13.24,681.7
Nellore,Tirunelveli,flight,2614,0.91,681.7
Nellore,Bhiwandi,flight,3815,1.93,912.4
Nellore,Saharanpur,flight,6094,3.02,1743.9
Nellore,Gorakhpur,flight,5102,1.99,1414.1
Nellore,Jalandhar,flight,6442,2.65,1930.4
Nellore,Jamshedpur,train,678,15.44,1136.9
Nellore,Salem,train,247,6.19,367.7
Nellore,Warangal,train,269,4.44,394.3
Nellore,Warangal,flight,1981,0.77,394.3
Nellore,Mira-Bhayandar,flight,3372,1.25,930.0
Nellore,Thiruvananthapuram,train,454,13.58,737.2
Nellore,Bhilai,train,441,16.0,765.8
Nellore,Ujjain,train,552,13.02,1067.2
Nellore,Ujjain,flight,4052,1.82,1067.2
Nellore,Durgapur,flight,4565,1.87,1269.0
Nellore,Asansol,flight,4540,1.68,1261.3
Nellore,Rourkela,train,595,17.99,1009.4
Nellore,Rourkela,flight,4128,1.54,1009.4
Nellore,Dehradun,flight,6246,2.24,1776.4
Nellore,Davanagere,train,243,5.78,437.7
Nellore,Kozhikode,train,346,11.15,577.2
Nellore,Kozhikode,flight,2625,1.18,577.2
Nellore,Akola,train,462,11.78,764.2
Nellore,Akola,flight,2875,0.97,764.2
Nellore,Kurnool,train,168,4.5,259.8
Nellore,Kurnool,flight,1641,0.35,259.8
Nellore,Nizamabad,train,285,8.0,511.7
Nellore,Nizamabad,flight,2171,0.84,511.7
Nellore,Guntur,train,172,3.95,212.8
Nellore,Guntur,flight,1389,0.31,212.8
Nellore,Amravati,flight,3131,1.09,759.1
Nellore,Kakinada,train,256,5.23,372.5
Nellore,Tirupati,train,95,1.67,109.2
Nellore,Puri,flight,3485,1.39,861.4
Nellore,Shimoga,train,302,6.92,479.7
Nellore,Ongole,train,115,1.54,118.4
Nellore,Bathinda,flight,5732,3.18,1827.7
Nellore,Darbhanga,flight,4686,2.51,1439.9
Nellore,Satara,train,416,8.76,734.5
Nellore,Satara,flight,2763,1.14,734.5
Nellore,Proddatur,train,134,2.49,158.3
Nellore,Kollam,flight,3243,1.3,718.0
Nellore,Ambala,flight,5746,2.41,1802.1
Nellore,Siliguri,flight,6061,2.47,1621.2
Nellore,Rohtak,flight,6545,3.53,1644.3
Nellore,Etawah,flight,5371,2.34,1376.2
Nellore,Orai,flight,4653,2.54,1285.3
Nellore,Haldwani,flight,6172,2.09,1643.8
Nellore,Muzaffarpur,flight,4654,1.92,1415.0
Nellore,Ramagundam,train,282,8.06,483.9
Nellore,Baripada,flight,4028,2.02,1095.6
Nellore,Tezpur,flight,5903,3.97,1900.2
Nellore,Korba,train,518,14.73,927.0
Nellore,Korba,flight,3770,1.44,927.0
Nellore,Nagapattinam,train,247,7.45,408.5
Nellore,Mahbubnagar,train,219,6.6,333.7
Nellore,Buxar,flight,4752,1.95,1311.4
Nellore,Sagar,train,632,15.71,1053.0
Nellore,Chittoor,train,130,1.89,166.5
Nellore,Arrah,flight,4502,1.7,1329.1
Nellore,Bharuch,flight,4114,1.8,1092.7
Nellore,Balasore,flight,3988,1.91,1073.7
Nellore,Jalgaon,train,482,10.93,867.3
Nellore,Palakkad,train,343,7.0,544.0
Nellore,Unnao,flight,5215,1.89,1345.9
Nellore,Bilaspur,train,459,17.6,879.0
Nellore,Bilaspur,flight,3917,1.94,879.0
Dehradun,Mumbai,flight,5520,1.77,1353.5
Dehradun,Delhi,train,155,2.32,200.6
Dehradun,Bengaluru,flight,6224,2.72,1929.2
Dehradun,Kolkata,flight,4597,2.96,1340.2
Dehradun,Chennai,flight,7306,4.01,1930.1
Dehradun,Hyderabad,train,819,21.91,1438.7
Dehradun,Hyderabad,flight,5020,2.82,1438.7
Dehradun,Pune,flight,5383,2.64,1377.7
Dehradun,Ahmedabad,flight,3538,2.0,975.4
Dehradun,Jaipur,train,281,5.68,437.3
Dehradun,Surat,train,560,20.21,1142.2
Dehradun,Lucknow,train,279,8.82,479.3
Dehradun,Lucknow,flight,2462,0.88,479.3
Dehradun,Kanpur,train,278,8.4,485.2
Dehradun,Nagpur,flight,3895,1.88,1025.2
Dehradun,Indore,flight,3215,1.89,871.9
Dehradun,Thane,flight,5099,2.17,1334.9
Dehradun,Bhopal,train,473,12.01,787.1
Dehradun,Visakhapatnam,train,742,18.19,1499.3
Dehradun,Visakhapatnam,flight,5867,2.9,1499.3
Dehradun,Pimpri-Chinchwad,flight,5371,2.25,1367.9
Dehradun,Patna,train,491,11.5,873.0
Dehradun,Patna,flight,3448,1.3,873.0
Dehradun,Vadodara,train,575,15.27,1013.0
Dehradun,Vadodara,flight,3924,1.66,1013.0
Dehradun,Ghaziabad,train,151,2.83,191.5
Dehradun,Ludhiana,train,155,3.56,218.0
Dehradun,Agra,train,206,5.82,349.1
Dehradun,Nashik,flight,4533,2.3,1224.0
Dehradun,Faridabad,train,176,4.55,223.1
Dehradun,Meerut,train,116,2.2,151.4
Dehradun,Rajkot,train,588,22.46,1145.2
Dehradun,Kalyan,flight,4746,2.37,1327.0
Dehradun,Vasai-Virar,flight,4680,2.01,1322.5
Dehradun,Varanasi,train,437,11.83,738.1
Dehradun,Srinagar,train,339,11.05,517.7
Dehradun,Dhanbad,flight,4417,2.09,1102.6
Dehradun,Jodhpur,train,348,12.75,667.7
Dehradun,Amritsar,train,223,4.05,335.0
Dehradun,Amritsar,flight,1674,0.57,335.0
Dehradun,Nanded,flight,4627,1.95,1243.3
Dehradun,Gwalior,train,299,9.29,455.9
Dehradun,Kolhapur,flight,5978,1.98,1561.7
Dehradun,Bhubaneswar,flight,4689,3.01,1361.0
Dehradun,Solapur,flight,5419,2.55,1423.7
Dehradun,Mangalore,flight,6786,4.17,1962.4
Dehradun,Tiruchirappalli,flight,6838,3.87,2172.3
Dehradun,BiharSharif,flight,3956,1.24,930.4
Dehradun,Aligarh,train,179,3.78,269.0
Dehradun,Tirunelveli,flight,7636,4.6,2402.3
Dehradun,Bhiwandi,flight,4688,2.48,1325.1
Dehradun,Saharanpur,train,74,0.71,61.0
Dehradun,Gorakhpur,train,370,8.52,654.5
Dehradun,Jalandhar,train,175,3.9,260.0
Dehradun,Jamshedpur,flight,4329,1.82,1164.6
Dehradun,Salem,flight,7582,3.72,2074.1
Dehradun,Warangal,train,792,24.87,1382.1
Dehradun,Warangal,flight,5082,2.97,1382.1
Dehradun,Mira-Bhayandar,flight,4856,2.27,1333.4
Dehradun,Thiruvananthapuram,flight,8387,4.64,2425.9
Dehradun,Bhilai,flight,4607,1.98,1070.0
Dehradun,Ujjain,flight,3181,1.11,824.3
Dehradun,Durgapur,train,650,15.38,1189.7
Dehradun,Durgapur,flight,4518,1.64,1189.7
Dehradun,Asansol,train,642,15.05,1150.6
Dehradun,Asansol,flight,4604,1.45,1150.6
Dehradun,Rourkela,train,645,23.03,1124.1
Dehradun,Rourkela,flight,4360,1.99,1124.1
Dehradun,Nellore,train,896,26.01,1776.4
Dehradun,Nellore,flight,5653,2.72,1776.4
Dehradun,Davanagere,flight,5542,2.28,1775.8
Dehradun,Kozhikode,flight,7923,4.12,2131.8
Dehradun,Akola,train,575,12.29,1074.1
Dehradun,Kurnool,flight,6279,2.13,1611.0
Dehradun,Nizamabad,flight,4248,1.67,1294.8
Dehradun,Guntur,train,812,26.99,1576.9
Dehradun,Guntur,flight,6293,2.01,1576.9
Dehradun,Amravati,train,620,19.14,1043.6
Dehradun,Amravati,flight,4163,1.45,1043.6
Dehradun,Kakinada,flight,5120,2.51,1542.5
Dehradun,Tirupati,flight,6335,3.14,1861.0
Dehradun,Puri,flight,5759,1.88,1406.4
Dehradun,Shimoga,flight,6104,3.44,1839.5
Dehradun,Ongole,flight,6060,2.48,1659.7
Dehradun,Bathinda,train,194,5.78,296.7
Dehradun,Darbhanga,flight,3478,1.21,898.0
Dehradun,Satara,flight,5540,2.28,1463.4
Dehradun,Proddatur,train,846,33.32,1731.7
Dehradun,Kollam,flight,7938,3.04,2386.7
Dehradun,Ambala,train,114,1.45,120.7
Dehradun,Siliguri,flight,4277,1.43,1091.5
Dehradun,Rohtak,train,149,2.73,209.7
Dehradun,Etawah,train,258,5.17,404.2
Dehradun,Orai,train,287,6.79,500.9
Dehradun,Haldwani,train,132,2.97,187.9
Dehradun,Muzaffarpur,flight,3135,1.23,858.4
Dehradun,Ramagundam,flight,5118,2.64,1292.5
Dehradun,Baripada,flight,5285,1.61,1275.2
Dehradun,Tezpur,flight,5661,1.97,1497.7
Dehradun,Korba,train,578,15.81,1001.9
Dehradun,Nagapattinam,flight,7814,2.89,2181.3
Dehradun,Mahbubnagar,flight,4803,1.95,1509.4
Dehradun,Buxar,train,480,11.38,801.5
Dehradun,Sagar,train,432,10.21,723.7
Dehradun,Sagar,flight,3195,1.6,723.7
Dehradun,Chittoor,flight,6496,2.92,1904.5
Dehradun,Arrah,flight,3578,1.18,839.1
Dehradun,Bharuch,train,581,13.69,1080.4
Dehradun,Bharuch,flight,3962,2.2,1080.4
Dehradun,Balasore,flight,5038,2.13,1323.9
Dehradun,Jalgaon,train,602,19.31,1064.2
Dehradun,Jalgaon,flight,3749,2.2,1064.2
Dehradun,Palakkad,flight,6865,4.37,2176.3
Dehradun,Unnao,train,265,7.6,483.8
Dehradun,Bilaspur,flight,3834,1.51,1003.1
Davanagere,Mumbai,flight,2641,0.77,606.5
Davanagere,Delhi,flight,6000,2.13,1588.0
Davanagere,Bengaluru,train,168,3.53,245.4
Davanagere,Kolkata,flight,6013,3.19,1590.4
Davanagere,Chennai,train,319,8.19,494.2
Davanagere,Hyderabad,train,238,6.88,425.1
Davanagere,Pune,train,322,9.73,501.8
Davanagere,Ahmedabad,flight,4264,1.37,1014.7
Davanagere,Jaipur,flight,5080,2.5,1384.2
Davanagere,Surat,train,480,16.74,814.1
Davanagere,Surat,flight,3230,1.14,814.1
Davanagere,Lucknow,flight,5437,1.97,1472.2
Davanagere,Kanpur,flight,5317,1.84,1409.3
Davanagere,Nagpur,flight,3663,1.04,815.0
Davanagere,Indore,flight,3488,1.22,917.9
Davanagere,Thane,train,346,10.99,614.4
Davanagere,Bhopal,train,526,13.22,990.5
Davanagere,Bhopal,flight,3736,1.74,990.5
Davanagere,Visakhapatnam,flight,3184,1.09,857.9
Davanagere,Pimpri-Chinchwad,train,296,11.39,515.4
Davanagere,Patna,flight,5165,2.77,1566.6
Davanagere,Vadodara,flight,3247,1.29,918.6
Davanagere,Ghaziabad,flight,5280,3.35,1587.3
Davanagere,Ludhiana,flight,6435,3.91,1827.7
Davanagere,Agra,flight,4746,2.63,1430.0
Davanagere,Nashik,train,343,11.35,655.5
Davanagere,Faridabad,flight,6174,2.22,1557.2
Davanagere,Meerut,flight,6145,3.47,1625.0
Davanagere,Rajkot,flight,3524,1.54,1025.2
Davanagere,Kalyan,train,351,8.51,608.3
Davanagere,Vasai-Virar,train,362,8.33,638.3
Davanagere,Vasai-Virar,flight,3082,1.0,638.3
Davanagere,Varanasi,flight,4730,1.95,1413.4
Davanagere,Srinagar,flight,7864,2.98,2184.5
Davanagere,Dhanbad,flight,5054,2.49,1513.7
Davanagere,Jodhpur,flight,4485,2.85,1343.5
Davanagere,Amritsar,flight,6978,3.69,1912.1
Davanagere,Nanded,train,337,9.68,542.2
Davanagere,Gwalior,flight,5491,2.43,1327.9
Davanagere,Kolhapur,train,184,4.78,307.1
Davanagere,Bhubaneswar,flight,4634,2.13,1234.2
Davanagere,Solapur,train,220,6.13,355.3
Davanagere,Mangalore,train,163,4.17,207.3
Davanagere,Mangalore,flight,1610,0.37,207.3
Davanagere,Tiruchirappalli,train,307,5.79,508.0
Davanagere,BiharSharif,flight,5024,2.03,1558.3
Davanagere,Aligarh,flight,5624,1.9,1510.3
Davanagere,Tirunelveli,train,368,8.93,669.9
Davanagere,Bhiwandi,train,380,10.98,616.1
Davanagere,Saharanpur,flight,6331,2.26,1731.5
Davanagere,Gorakhpur,flight,5745,2.27,1570.8
Davanagere,Jalandhar,flight,6139,3.84,1875.2
Davanagere,Jamshedpur,flight,5201,1.91,1424.9
Davanagere,Salem,train,269,7.61,393.7
Davanagere,Salem,flight,2067,0.63,393.7
Davanagere,Warangal,train,356,11.27,552.8
Davanagere,Mira-Bhayandar,train,338,11.83,627.0
Davanagere,Thiruvananthapuram,flight,2603,1.29,669.7
Davanagere,Bhilai,flight,3809,1.32,948.1
Davanagere,Ujjain,flight,3762,1.72,969.1
Davanagere,Durgapur,flight,5558,2.01,1563.2
Davanagere,Asansol,flight,6246,2.14,1546.4
Davanagere,Rourkela,flight,4557,1.74,1279.8
Davanagere,Nellore,train,246,5.47,437.7
Davanagere,Dehradun,flight,6142,3.79,1775.8
Davanagere,Kozhikode,train,238,5.43,356.8
Davanagere,Akola,train,436,10.15,702.9
Davanagere,Kurnool,train,170,4.56,273.1
Davanagere,Nizamabad,train,311,8.84,522.0
Davanagere,Nizamabad,flight,2442,0.66,522.0
Davanagere,Guntur,train,323,9.09,525.6
Davanagere,Guntur,flight,2323,0.84,525.6
Davanagere,Amravati,train,433,9.27,745.5
Davanagere,Amravati,flight,3071,1.11,745.5
Davanagere,Kakinada,train,412,12.05,732.9
Davanagere,Tirupati,train,243,8.2,388.6
Davanagere,Puri,flight,4182,2.19,1208.8
Davanagere,Shimoga,train,87,1.02,70.6
Davanagere,Ongole,flight,2067,0.77,458.3
Davanagere,Bathinda,flight,5722,2.29,1753.8
Davanagere,Darbhanga,flight,6155,2.41,1662.8
Davanagere,Satara,train,255,4.64,412.6
Davanagere,Satara,flight,2018,0.7,412.6
Davanagere,Proddatur,train,180,5.48,284.6
Davanagere,Kollam,train,390,9.39,624.1
Davanagere,Ambala,flight,5595,2.99,1771.7
Davanagere,Siliguri,flight,5893,2.74,1881.1
Davanagere,Rohtak,flight,6028,2.25,1606.2
Davanagere,Etawah,flight,5245,2.42,1407.2
Davanagere,Orai,flight,4518,2.88,1333.5
Davanagere,Haldwani,flight,6290,2.49,1681.6
Davanagere,Muzaffarpur,flight,5857,2.15,1627.9
Davanagere,Ramagundam,train,368,7.33,616.3
Davanagere,Baripada,flight,5513,2.14,1411.5
Davanagere,Tezpur,flight,8002,3.38,2214.2
Davanagere,Korba,flight,4642,1.82,1135.0
Davanagere,Nagapattinam,train,346,8.72,591.2
Davanagere,Mahbubnagar,train,234,4.85,336.1
Davanagere,Buxar,flight,5092,1.95,1504.3
Davanagere,Sagar,flight,3965,1.45,1083.4
Davanagere,Chittoor,train,220,6.03,370.2
Davanagere,Chittoor,flight,1971,0.69,370.2
Davanagere,Arrah,flight,6121,2.13,1534.1
Davanagere,Bharuch,flight,3474,1.4,861.6
Davanagere,Balasore,flight,4508,1.77,1401.3
Davanagere,Jalgaon,train,424,8.41,728.5
Davanagere,Palakkad,train,264,6.82,416.6
Davanagere,Unnao,flight,4641,2.07,1423.6
Davanagere,Bilaspur,train,632,12.64,1071.0
Kozhikode,Mumbai,flight,3347,1.23,923.3
Kozhikode,Delhi,flight,7577,3.72,1944.7
Kozhikode,Bengaluru,train,169,3.68,274.2
Kozhikode,Bengaluru,flight,1682,0.38,274.2
Kozhikode,Kolkata,flight,7124,3.45,1834.8
Kozhikode,Chennai,train,308,8.34,528.5
Kozhikode,Hyderabad,train,391,13.28,740.9
Kozhikode,Pune,train,421,11.83,833.5
Kozhikode,Pune,flight,3524,1.11,833.5
Kozhikode,Ahmedabad,flight,5358,2.18,1351.6
Kozhikode,Jaipur,flight,6897,3.37,1740.6
Kozhikode,Surat,flight,4478,2.06,1146.1
Kozhikode,Lucknow,flight,5648,2.27,1815.7
Kozhikode,Kanpur,flight,5671,2.25,1755.2
Kozhikode,Nagpur,train,675,16.02,1154.6
Kozhikode,Indore,flight,5153,1.99,1274.4
Kozhikode,Thane,flight,3699,1.69,934.6
Kozhikode,Bhopal,flight,4511,1.89,1345.6
Kozhikode,Visakhapatnam,train,568,18.11,1073.0
Kozhikode,Visakhapatnam,flight,4091,2.37,1073.0
Kozhikode,Pimpri-Chinchwad,flight,3550,1.48,846.7
Kozhikode,Patna,flight,7345,2.71,1873.0
Kozhikode,Vadodara,flight,4386,2.4,1259.2
Kozhikode,Ghaziabad,flight,7507,3.04,1943.7
Kozhikode,Ludhiana,flight,7749,4.34,2184.1
Kozhikode,Agra,train,925,21.72,1785.2
Kozhikode,Agra,flight,6319,2.32,1785.2
Kozhikode,Nashik,flight,3563,1.47,994.8
Kozhikode,Faridabad,flight,6349,2.57,1913.7
Kozhikode,Meerut,flight,6539,3.25,1981.1
Kozhikode,Rajkot,flight,5467,1.99,1337.2
Kozhikode,Kalyan,flight,4085,1.26,931.7
Kozhikode,Vasai-Virar,flight,3327,1.46,957.6
Kozhikode,Varanasi,flight,6565,3.13,1736.9
Kozhikode,Srinagar,flight,7930,4.89,2540.0
Kozhikode,Dhanbad,flight,5583,2.63,1792.1
Kozhikode,Jodhpur,flight,5806,3.22,1690.6
Kozhikode,Amritsar,flight,7411,3.37,2267.5
Kozhikode,Nanded,flight,3567,1.76,893.3
Kozhikode,Gwalior,flight,6348,2.24,1682.4
Kozhikode,Kolhapur,train,359,10.18,627.8
Kozhikode,Bhubaneswar,flight,5049,3.1,1470.3
Kozhikode,Solapur,train,368,10.28,711.9
Kozhikode,Mangalore,train,155,3.45,209.7
Kozhikode,Mangalore,flight,1369,0.43,209.7
Kozhikode,Tiruchirappalli,train,199,3.66,323.4
Kozhikode,BiharSharif,flight,6379,2.39,1858.4
Kozhikode,Aligarh,flight,6202,2.83,1865.7
Kozhikode,Tirunelveli,train,235,4.54,356.2
Kozhikode,Bhiwandi,train,525,12.85,938.6
Kozhikode,Saharanpur,flight,7405,3.32,2087.9
Kozhikode,Gorakhpur,flight,6416,2.59,1898.2
Kozhikode,Jalandhar,flight,7407,4.18,2231.5
Kozhikode,Jamshedpur,flight,6138,2.26,1694.3
Kozhikode,Salem,train,194,2.92,261.7
Kozhikode,Warangal,flight,3388,1.32,851.4
Kozhikode,Mira-Bhayandar,flight,3616,1.82,945.4
Kozhikode,Thiruvananthapuram,train,217,4.35,329.4
Kozhikode,Bhilai,flight,4497,1.89,1257.9
Kozhikode,Ujjain,flight,4850,2.03,1325.5
Kozhikode,Durgapur,flight,6666,2.38,1829.9
Kozhikode,Asansol,flight,6891,2.74,1818.4
Kozhikode,Rourkela,flight,5378,2.59,1557.5
Kozhikode,Nellore,train,329,8.05,577.2
Kozhikode,Dehradun,flight,7120,4.51,2131.8
Kozhikode,Davanagere,train,216,6.37,356.8
Kozhikode,Akola,train,619,12.8,1058.0
Kozhikode,Kurnool,train,303,6.39,563.6
Kozhikode,Nizamabad,train,480,9.72,860.9
Kozhikode,Guntur,train,443,12.66,753.5
Kozhikode,Amravati,flight,4268,1.37,1096.6
Kozhikode,Kakinada,flight,4151,1.31,944.4
Kozhikode,Tirupati,train,290,8.49,474.9
Kozhikode,Puri,flight,5096,1.92,1435.8
Kozhikode,Shimoga,train,185,4.36,297.9
Kozhikode,Ongole,train,392,10.17,660.5
Kozhikode,Bathinda,flight,7247,4.41,2109.2
Kozhikode,Darbhanga,flight,7453,3.49,1966.9
Kozhikode,Satara,train,402,14.62,739.4
Kozhikode,Satara,flight,2794,1.09,739.4
Kozhikode,Proddatur,train,302,7.66,490.6
Kozhikode,Kollam,train,182,3.48,278.4
Kozhikode,Kollam,flight,1820,0.46,278.4
Kozhikode,Ambala,flight,7863,4.21,2128.5
Kozhikode,Siliguri,flight,8199,4.45,2169.0
Kozhikode,Rohtak,flight,6781,2.67,1963.0
Kozhikode,Etawah,flight,6952,3.5,1759.4
Kozhikode,Orai,flight,5427,2.38,1683.1
Kozhikode,Haldwani,train,1119,32.79,2034.2
Kozhikode,Haldwani,flight,7323,4.44,2034.2
Kozhikode,Muzaffarpur,flight,6858,2.7,1935.9
Kozhikode,Ramagundam,flight,3335,1.59,928.9
Kozhikode,Baripada,flight,6489,2.16,1663.1
Kozhikode,Tezpur,flight,8844,3.55,2470.2
Kozhikode,Korba,train,743,20.18,1439.1
Kozhikode,Korba,flight,5716,1.99,1439.1
Kozhikode,Nagapattinam,train,293,6.12,446.6
Kozhikode,Mahbubnagar,train,412,9.96,654.4
Kozhikode,Buxar,flight,5917,2.4,1819.0
Kozhikode,Sagar,flight,5111,1.79,1433.4
Kozhikode,Chittoor,train,272,8.73,421.4
Kozhikode,Arrah,flight,5816,3.9,1844.4
Kozhikode,Bharuch,flight,4432,1.96,1198.3
Kozhikode,Balasore,flight,5234,2.64,1644.5
Kozhikode,Jalgaon,train,545,19.37,1084.3
Kozhikode,Palakkad,train,102,1.26,108.9
Kozhikode,Unnao,flight,6836,2.5,1768.9
Kozhikode,Bilaspur,flight,5410,2.09,1380.1
Akola,Mumbai,train,307,8.53,468.0
Akola,Delhi,flight,3558,1.12,890.0
Akola,Bengaluru,flight,3739,1.14,861.7
Akola,Kolkata,train,702,18.77,1191.9
Akola,Kolkata,flight,4274,2.58,1191.9
Akola,Chennai,flight,3370,1.71,915.4
Akola,Hyderabad,train,261,5.66,400.2
Akola,Pune,train,272,7.02,409.4
Akola,Ahmedabad,flight,2289,0.78,525.4
Akola,Jaipur,train,398,10.31,701.7
Akola,Jaipur,flight,2926,0.89,701.7
Akola,Surat,train,268,6.47,436.7
Akola,Lucknow,flight,3521,1.12,792.1
Akola,Kanpur,train,412,8.47,723.4
Akola,Nagpur,train,176,3.98,221.8
Akola,Indore,train,184,3.83,253.9
Akola,Indore,flight,1590,0.34,253.9
Akola,Thane,train,280,9.51,452.1
Akola,Bhopal,train,181,3.74,287.6
Akola,Visakhapatnam,train,389,10.36,733.3
Akola,Visakhapatnam,flight,3210,1.24,733.3
Akola,Pimpri-Chinchwad,flight,1914,0.59,407.1
Akola,Patna,flight,3472,1.61,993.2
Akola,Vadodara,train,270,6.7,434.1
Akola,Ghaziabad,train,503,10.75,887.2
Akola,Ghaziabad,flight,3372,1.43,887.2
Akola,Ludhiana,train,598,13.01,1140.0
Akola,Ludhiana,flight,4243,1.43,1140.0
Akola,Agra,train,424,10.75,727.2
Akola,Agra,flight,3130,1.29,727.2
Akola,Nashik,train,210,5.83,344.3
Akola,Faridabad,train,436,13.08,857.7
Akola,Meerut,flight,3511,1.84,923.8
Akola,Rajkot,train,351,13.3,666.1
Akola,Kalyan,train,259,5.75,436.5
Akola,Vasai-Virar,flight,2351,0.89,459.0
Akola,Varanasi,flight,3084,1.28,797.6
Akola,Srinagar,flight,5839,2.4,1503.9
Akola,Dhanbad,flight,3664,1.92,1028.8
Akola,Jodhpur,train,390,9.76,737.5
Akola,Amritsar,flight,4584,2.56,1234.1
Akola,Nanded,train,140,2.79,175.2
Akola,Gwalior,train,397,11.69,625.1
Akola,Kolhapur,train,339,8.8,531.1
Akola,Kolhapur,flight,2593,0.9,531.1
Akola,Bhubaneswar,train,485,17.2,919.4
Akola,Bhubaneswar,flight,3480,1.52,919.4
Akola,Solapur,train,234,6.75,357.3
Akola,Mangalore,train,470,10.91,895.6
Akola,Tiruchirappalli,flight,4479,1.44,1116.8
Akola,BiharSharif,flight,3518,1.38,1004.6
Akola,Aligarh,train,478,12.91,807.7
Akola,Aligarh,flight,3605,1.43,807.7
Akola,Tirunelveli,flight,5073,1.79,1335.3
Akola,Bhiwandi,train,264,6.71,441.5
Akola,Saharanpur,flight,3928,1.34,1031.4
Akola,Gorakhpur,train,526,11.23,934.5
Akola,Gorakhpur,flight,3666,1.23,934.5
Akola,Jalandhar,flight,4104,2.61,1190.0
Akola,Jamshedpur,train,534,21.61,978.0
Akola,Jamshedpur,flight,4107,1.81,978.0
Akola,Salem,train,504,12.23,1012.2
Akola,Warangal,train,236,5.44,407.4
Akola,Mira-Bhayandar,train,257,5.2,461.8
Akola,Mira-Bhayandar,flight,2371,1.01,461.8
Akola,Thiruvananthapuram,flight,4770,2.34,1354.0
Akola,Bhilai,train,278,7.02,462.5
Akola,Ujjain,train,201,4.6,303.0
Akola,Durgapur,train,544,16.87,1106.6
Akola,Durgapur,flight,3730,1.46,1106.6
Akola,Asansol,train,596,14.23,1076.4
Akola,Rourkela,train,510,15.64,830.2
Akola,Rourkela,flight,3198,1.21,830.2
Akola,Nellore,train,460,14.02,764.2
Akola,Dehradun,flight,3779,1.4,1074.1
Akola,Davanagere,train,381,9.62,702.9
Akola,Davanagere,flight,2859,1.1,702.9
Akola,Kozhikode,train,570,21.55,1058.0
Akola,Kozhikode,flight,3920,1.53,1058.0
Akola,Kurnool,train,298,11.7,552.7
Akola,Kurnool,flight,2734,1.11,552.7
Akola,Nizamabad,train,166,3.3,252.7
Akola,Nizamabad,flight,1700,0.36,252.7
Akola,Guntur,train,343,12.19,607.9
Akola,Amravati,train,94,1.16,83.3
Akola,Kakinada,train,359,9.91,688.8
Akola,Tirupati,train,456,12.59,827.1
Akola,Tirupati,flight,2999,1.25,827.1
Akola,Puri,train,507,13.49,925.7
Akola,Puri,flight,3409,1.52,925.7
Akola,Shimoga,train,468,10.85,768.2
Akola,Shimoga,flight,3415,1.32,768.2
Akola,Ongole,train,418,9.98,661.1
Akola,Bathinda,flight,4090,1.46,1077.4
Akola,Darbhanga,flight,4478,2.32,1090.1
Akola,Satara,flight,2045,0.79,461.4
Akola,Proddatur,train,363,10.14,681.6
Akola,Proddatur,flight,2743,0.94,681.6
Akola,Kollam,flight,5256,1.65,1313.6
Akola,Ambala,train,573,13.52,1076.3
Akola,Ambala,flight,3724,1.77,1076.3
Akola,Siliguri,flight,4602,1.71,1340.1
Akola,Rohtak,flight,3695,1.77,912.1
Akola,Etawah,train,423,9.45,706.8
Akola,Orai,train,388,8.42,639.3
Akola,Haldwani,train,593,11.73,980.2
Akola,Haldwani,flight,3854,1.33,980.2
Akola,Muzaffarpur,train,547,21.55,1045.9
Akola,Muzaffarpur,flight,3930,1.45,1045.9
Akola,Ramagundam,train,237,3.99,342.2
Akola,Baripada,flight,3937,1.72,1017.9
Akola,Tezpur,flight,5641,2.18,1736.7
Akola,Korba,flight,2461,0.98,622.0
Akola,Nagapattinam,flight,4581,1.58,1144.9
Akola,Mahbubnagar,train,260,6.25,452.1
Akola,Buxar,flight,3591,1.97,910.3
Akola,Sagar,train,225,5.15,391.7
Akola,Chittoor,flight,3436,1.38,861.4
Akola,Arrah,train,562,13.64,951.3
Akola,Arrah,flight,3525,1.36,951.3
Akola,Bharuch,train,247,6.12,428.5
Akola,Bharuch,flight,2372,0.91,428.5
Akola,Balasore,flight,3670,2.13,1033.2
Akola,Jalgaon,train,128,2.99,153.9
Akola,Palakkad,train,598,12.98,1103.1
Akola,Unnao,train,436,8.47,739.3
Akola,Bilaspur,flight,2264,1.09,553.0
Kurnool,Mumbai,train,355,8.29,655.6
Kurnool,Mumbai,flight,2632,1.23,655.6
Kurnool,Delhi,flight,5730,2.03,1435.0
Kurnool,Bengaluru,flight,1734,0.43,321.2
Kurnool,Kolkata,flight,5104,2.46,1317.6
Kurnool,Chennai,train,255,5.05,388.6
Kurnool,Hyderabad,train,128,2.94,179.6
Kurnool,Pune,train,306,9.8,535.6
Kurnool,Ahmedabad,flight,3556,2.09,983.8
Kurnool,Jaipur,flight,5097,1.67,1254.2
Kurnool,Surat,flight,3101,1.79,808.7
Kurnool,Lucknow,flight,4231,1.64,1261.5
Kurnool,Kanpur,flight,4842,1.65,1204.7
Kurnool,Nagpur,train,378,7.36,601.6
Kurnool,Indore,train,431,13.45,799.7
Kurnool,Indore,flight,3522,1.1,799.7
Kurnool,Thane,flight,2715,0.82,655.6
Kurnool,Bhopal,flight,2971,1.21,829.0
Kurnool,Visakhapatnam,train,336,11.98,589.1
Kurnool,Pimpri-Chinchwad,flight,2741,1.03,547.3
Kurnool,Patna,flight,4481,2.63,1312.5
Kurnool,Vadodara,flight,3163,1.69,882.7
Kurnool,Ghaziabad,flight,5060,1.87,1429.1
Kurnool,Ludhiana,flight,6090,3.1,1690.6
Kurnool,Agra,flight,5154,1.88,1261.9
Kurnool,Nashik,train,403,11.42,645.6
Kurnool,Faridabad,flight,5609,2.47,1400.9
Kurnool,Meerut,flight,5128,3.0,1463.3
Kurnool,Rajkot,flight,4518,1.37,1046.8
Kurnool,Kalyan,train,398,9.19,643.8
Kurnool,Kalyan,flight,2542,0.92,643.8
Kurnool,Vasai-Virar,train,392,10.57,678.4
Kurnool,Varanasi,train,676,21.1,1173.3
Kurnool,Srinagar,flight,7869,3.81,2055.7
Kurnool,Dhanbad,flight,4683,1.93,1246.6
Kurnool,Jodhpur,flight,4740,2.23,1268.7
Kurnool,Amritsar,flight,6002,2.72,1786.5
Kurnool,Nanded,train,219,8.0,377.5
Kurnool,Gwalior,flight,4754,1.87,1155.4
Kurnool,Kolhapur,train,279,5.24,416.4
Kurnool,Bhubaneswar,flight,3576,1.34,961.2
Kurnool,Solapur,train,199,5.76,304.9
Kurnool,Mangalore,train,280,9.63,471.6
Kurnool,Mangalore,flight,2220,0.94,471.6
Kurnool,Tiruchirappalli,train,331,6.79,564.8
Kurnool,Tiruchirappalli,flight,2571,1.01,564.8
Kurnool,BiharSharif,flight,4918,2.89,1300.4
Kurnool,Aligarh,flight,5522,1.84,1342.1
Kurnool,Tirunelveli,train,425,10.44,791.7
Kurnool,Bhiwandi,train,407,9.68,652.6
Kurnool,Saharanpur,flight,5932,2.09,1572.6
Kurnool,Gorakhpur,flight,5396,2.92,1334.9
Kurnool,Jalandhar,flight,5840,2.56,1741.3
Kurnool,Jamshedpur,flight,4891,1.53,1155.3
Kurnool,Salem,train,271,5.62,463.1
Kurnool,Warangal,train,196,3.82,290.0
Kurnool,Mira-Bhayandar,train,369,14.86,670.2
Kurnool,Thiruvananthapuram,train,430,9.29,820.9
Kurnool,Thiruvananthapuram,flight,3220,1.16,820.9
Kurnool,Bhilai,train,385,7.79,695.3
Kurnool,Bhilai,flight,3255,1.33,695.3
Kurnool,Ujjain,train,433,16.73,850.8
Kurnool,Durgapur,flight,5303,1.93,1293.2
Kurnool,Asansol,flight,5199,1.67,1277.6
Kurnool,Rourkela,flight,3531,1.31,1012.0
Kurnool,Nellore,train,182,2.92,259.8
Kurnool,Dehradun,flight,5735,2.72,1611.0
Kurnool,Davanagere,train,191,3.52,273.1
Kurnool,Kozhikode,train,345,6.91,563.6
Kurnool,Kozhikode,flight,2640,0.83,563.6
Kurnool,Akola,train,299,6.35,552.7
Kurnool,Nizamabad,train,198,5.07,316.3
Kurnool,Nizamabad,flight,1775,0.62,316.3
Kurnool,Guntur,train,194,4.87,261.8
Kurnool,Guntur,flight,1737,0.41,261.8
Kurnool,Amravati,train,337,6.43,568.5
Kurnool,Kakinada,train,272,10.1,467.3
Kurnool,Tirupati,train,199,3.36,286.2
Kurnool,Tirupati,flight,1557,0.43,286.2
Kurnool,Puri,flight,3642,1.41,936.3
Kurnool,Shimoga,train,229,6.09,339.1
Kurnool,Ongole,train,145,3.04,218.4
Kurnool,Bathinda,flight,5816,3.56,1630.1
Kurnool,Darbhanga,flight,5557,2.07,1407.4
Kurnool,Satara,train,261,7.19,477.3
Kurnool,Satara,flight,2160,0.87,477.3
Kurnool,Proddatur,train,113,1.83,131.9
Kurnool,Kollam,flight,2915,1.43,786.4
Kurnool,Ambala,flight,5572,2.06,1623.0
Kurnool,Siliguri,flight,6192,2.24,1617.9
Kurnool,Rohtak,flight,5300,1.99,1460.4
Kurnool,Etawah,flight,5013,1.99,1222.6
Kurnool,Orai,flight,4539,1.43,1139.6
Kurnool,Haldwani,flight,5434,2.34,1496.6
Kurnool,Muzaffarpur,flight,5430,2.35,1374.9
Kurnool,Ramagundam,train,248,4.28,365.3
Kurnool,Baripada,flight,4844,2.37,1139.0
Kurnool,Tezpur,flight,6313,3.42,1943.1
Kurnool,Korba,train,484,12.41,878.6
Kurnool,Korba,flight,3866,1.15,878.6
Kurnool,Nagapattinam,train,330,11.37,595.1
Kurnool,Nagapattinam,flight,2865,1.15,595.1
Kurnool,Mahbubnagar,train,105,1.27,101.8
Kurnool,Buxar,flight,5196,1.62,1256.1
Kurnool,Sagar,flight,3328,1.72,893.8
Kurnool,Chittoor,train,221,3.85,312.1
Kurnool,Arrah,flight,5054,1.7,1282.6
Kurnool,Bharuch,train,425,9.55,840.4
Kurnool,Balasore,flight,4059,1.95,1128.4
Kurnool,Jalgaon,flight,2513,0.83,632.3
Kurnool,Palakkad,flight,2837,1.12,580.2
Kurnool,Unnao,flight,4366,1.54,1217.4
Kurnool,Bilaspur,flight,3038,1.8,817.9
Nizamabad,Mumbai,train,312,6.9,550.7
Nizamabad,Delhi,train,563,23.03,1120.0
Nizamabad,Bengaluru,train,340,7.62,636.1
Nizamabad,Kolkata,train,569,19.0,1153.0
Nizamabad,Kolkata,flight,4582,2.14,1153.0
Nizamabad,Chennai,train,379,9.23,663.7
Nizamabad,Chennai,flight,3053,0.86,663.7
Nizamabad,Hyderabad,train,113,2.2,149.0
Nizamabad,Pune,train,253,6.54,446.9
Nizamabad,Ahmedabad,train,387,9.66,750.4
Nizamabad,Jaipur,train,534,13.52,946.2
Nizamabad,Surat,train,337,7.06,616.3
Nizamabad,Lucknow,flight,3855,1.67,954.7
Nizamabad,Kanpur,train,504,15.04,894.8
Nizamabad,Kanpur,flight,3576,1.54,894.8
Nizamabad,Nagpur,train,213,5.07,294.0
Nizamabad,Nagpur,flight,1749,0.45,294.0
Nizamabad,Indore,train,310,7.58,506.6
Nizamabad,Thane,train,298,10.83,541.4
Nizamabad,Bhopal,train,308,7.35,515.0
Nizamabad,Visakhapatnam,flight,2362,0.86,552.3
Nizamabad,Pimpri-Chinchwad,train,252,9.72,452.5
Nizamabad,Pimpri-Chinchwad,flight,2122,0.64,452.5
Nizamabad,Patna,train,525,21.91,1057.2
Nizamabad,Vadodara,train,409,8.29,652.0
Nizamabad,Ghaziabad,train,584,24.28,1113.5
Nizamabad,Ludhiana,flight,5008,2.31,1378.3
Nizamabad,Agra,flight,4147,1.44,945.7
Nizamabad,Nashik,train,301,5.76,475.0
Nizamabad,Nashik,flight,2452,0.7,475.0
Nizamabad,Faridabad,flight,4176,2.07,1085.5
Nizamabad,Meerut,flight,4498,1.85,1147.3
Nizamabad,Rajkot,train,515,12.77,860.0
Nizamabad,Rajkot,flight,3713,1.14,860.0
Nizamabad,Kalyan,train,342,10.95,525.8
Nizamabad,Vasai-Virar,train,306,6.75,558.1
Nizamabad,Varanasi,train,504,14.8,893.7
Nizamabad,Srinagar,train,838,24.2,1744.5
Nizamabad,Srinagar,flight,5589,2.31,1744.5
Nizamabad,Dhanbad,train,620,12.47,1034.5
Nizamabad,Jodhpur,flight,3740,2.08,989.3
Nizamabad,Amritsar,flight,5990,2.3,1477.0
Nizamabad,Nanded,train,94,1.33,97.3
Nizamabad,Gwalior,train,516,14.39,839.1
Nizamabad,Kolhapur,train,305,6.19,462.8
Nizamabad,Bhubaneswar,train,502,10.65,830.1
Nizamabad,Solapur,train,172,4.57,257.1
Nizamabad,Mangalore,train,381,9.98,727.9
Nizamabad,Tiruchirappalli,flight,3504,1.45,878.9
Nizamabad,BiharSharif,train,580,13.04,1054.6
Nizamabad,BiharSharif,flight,4347,1.35,1054.6
Nizamabad,Aligarh,flight,3652,1.31,1025.8
Nizamabad,Tirunelveli,flight,3755,1.97,1107.9
Nizamabad,Bhiwandi,train,336,6.58,533.6
Nizamabad,Saharanpur,flight,4303,1.91,1256.8
Nizamabad,Gorakhpur,flight,3927,2.17,1049.4
Nizamabad,Jalandhar,flight,5407,2.46,1429.6
Nizamabad,Jamshedpur,train,556,19.57,960.0
Nizamabad,Jamshedpur,flight,3858,1.79,960.0
Nizamabad,Salem,train,481,9.32,779.3
Nizamabad,Warangal,train,138,2.08,176.6
Nizamabad,Mira-Bhayandar,train,347,9.8,555.1
Nizamabad,Thiruvananthapuram,flight,4583,2.01,1135.3
Nizamabad,Bhilai,train,268,5.04,447.2
Nizamabad,Bhilai,flight,1936,0.72,447.2
Nizamabad,Ujjain,train,334,6.77,555.5
Nizamabad,Ujjain,flight,2519,0.99,555.5
Nizamabad,Durgapur,train,610,13.68,1097.3
Nizamabad,Durgapur,flight,3942,1.51,1097.3
Nizamabad,Asansol,flight,3867,1.41,1074.2
Nizamabad,Rourkela,train,468,10.63,809.2
Nizamabad,Nellore,train,324,7.6,511.7
Nizamabad,Dehradun,flight,5244,2.16,1294.8
Nizamabad,Davanagere,train,311,10.84,522.0
Nizamabad,Kozhikode,train,438,13.32,860.9
Nizamabad,Akola,train,185,2.94,252.7
Nizamabad,Kurnool,train,209,5.86,316.3
Nizamabad,Guntur,train,248,6.32,361.8
Nizamabad,Guntur,flight,1932,0.45,361.8
Nizamabad,Amravati,train,174,3.21,253.8
Nizamabad,Amravati,flight,1495,0.44,253.8
Nizamabad,Kakinada,train,286,5.68,477.8
Nizamabad,Tirupati,train,353,12.38,578.4
Nizamabad,Puri,flight,3050,1.66,822.0
Nizamabad,Shimoga,train,331,7.61,592.2
Nizamabad,Shimoga,flight,2895,0.92,592.2
Nizamabad,Ongole,flight,2130,0.8,408.9
Nizamabad,Bathinda,flight,5117,1.67,1321.8
Nizamabad,Darbhanga,train,634,14.56,1154.6
Nizamabad,Satara,train,259,7.88,447.1
Nizamabad,Proddatur,train,288,5.48,438.8
Nizamabad,Proddatur,flight,2272,0.59,438.8
Nizamabad,Kollam,flight,4189,1.56,1099.0
Nizamabad,Ambala,flight,5278,2.48,1308.4
Nizamabad,Siliguri,flight,4983,2.77,1385.3
Nizamabad,Rohtak,train,652,15.62,1146.7
Nizamabad,Rohtak,flight,4112,1.95,1146.7
Nizamabad,Etawah,flight,3439,1.44,907.1
Nizamabad,Orai,flight,3306,1.77,825.8
Nizamabad,Haldwani,flight,4901,1.5,1181.5
Nizamabad,Muzaffarpur,flight,3927,1.79,1116.8
Nizamabad,Ramagundam,train,139,2.79,154.5
Nizamabad,Baripada,train,537,17.18,971.7
Nizamabad,Baripada,flight,4227,2.07,971.7
Nizamabad,Tezpur,flight,6921,2.88,1747.7
Nizamabad,Korba,flight,2970,0.8,634.7
Nizamabad,Nagapattinam,flight,3381,1.45,898.3
Nizamabad,Mahbubnagar,train,149,2.57,215.0
Nizamabad,Buxar,flight,3766,1.54,989.2
Nizamabad,Sagar,train,360,8.25,578.3
Nizamabad,Chittoor,train,386,10.23,616.0
Nizamabad,Arrah,flight,4092,1.5,1021.9
Nizamabad,Bharuch,train,331,12.24,628.1
Nizamabad,Balasore,train,543,11.6,974.5
Nizamabad,Balasore,flight,3876,2.08,974.5
Nizamabad,Jalgaon,train,225,4.25,370.8
Nizamabad,Palakkad,train,479,11.15,890.4
Nizamabad,Unnao,train,548,19.18,908.2
Nizamabad,Unnao,flight,3549,1.47,908.2
Nizamabad,Bilaspur,train,349,9.4,566.8
Nizamabad,Bilaspur,flight,2512,1.05,566.8
Guntur,Mumbai,flight,3427,1.51,857.8
Guntur,Delhi,flight,4795,2.68,1420.2
Guntur,Bengaluru,train,299,10.09,480.6
Guntur,Kolkata,train,629,12.28,1084.1
Guntur,Kolkata,flight,4177,1.65,1084.1
Guntur,Chennai,train,220,4.63,358.9
Guntur,Hyderabad,train,174,4.01,239.7
Guntur,Pune,train,392,9.45,740.1
Guntur,Ahmedabad,train,618,21.31,1111.2
Guntur,Ahmedabad,flight,3722,2.01,1111.2
Guntur,Jaipur,flight,4541,2.08,1273.1
Guntur,Surat,train,557,11.46,966.0
Guntur,Surat,flight,4212,1.95,966.0
Guntur,Lucknow,train,608,24.51,1173.2
Guntur,Lucknow,flight,4273,1.93,1173.2
Guntur,Kanpur,train,666,16.09,1127.9
Guntur,Nagpur,train,323,7.25,556.5
Guntur,Nagpur,flight,2298,1.03,556.5
Guntur,Indore,flight,3610,1.73,859.3
Guntur,Thane,train,476,18.47,853.4
Guntur,Bhopal,train,430,17.35,835.3
Guntur,Bhopal,flight,3279,1.52,835.3
Guntur,Visakhapatnam,train,216,6.72,333.3
Guntur,Pimpri-Chinchwad,train,406,13.89,749.8
Guntur,Patna,train,615,16.57,1141.9
Guntur,Patna,flight,4676,1.98,1141.9
Guntur,Vadodara,flight,3637,1.62,1012.0
Guntur,Ghaziabad,flight,5004,2.19,1408.2
Guntur,Ludhiana,flight,6439,2.67,1688.0
Guntur,Agra,flight,4394,1.63,1234.3
Guntur,Nashik,flight,3099,1.1,813.2
Guntur,Faridabad,flight,5108,1.87,1383.2
Guntur,Meerut,flight,5340,2.79,1437.1
Guntur,Rajkot,flight,4048,1.52,1210.5
Guntur,Kalyan,flight,3070,1.24,839.4
Guntur,Vasai-Virar,flight,3654,1.78,874.0
Guntur,Varanasi,flight,3875,1.81,1036.0
Guntur,Srinagar,flight,7635,3.9,2055.5
Guntur,Dhanbad,flight,3602,1.44,1041.5
Guntur,Jodhpur,flight,5433,2.12,1344.4
Guntur,Amritsar,flight,6686,2.25,1794.8
Guntur,Nanded,train,259,6.74,457.2
Guntur,Gwalior,flight,4326,1.43,1126.5
Guntur,Kolhapur,train,412,13.15,661.6
Guntur,Kolhapur,flight,2723,1.37,661.6
Guntur,Bhubaneswar,flight,2810,1.39,721.2
Guntur,Solapur,train,284,10.13,504.7
Guntur,Mangalore,train,412,8.23,709.0
Guntur,Tiruchirappalli,train,404,7.33,641.3
Guntur,Tiruchirappalli,flight,2832,0.99,641.3
Guntur,BiharSharif,train,606,18.43,1120.9
Guntur,BiharSharif,flight,3894,1.94,1120.9
Guntur,Aligarh,flight,5137,1.67,1311.2
Guntur,Tirunelveli,train,478,12.47,892.9
Guntur,Bhiwandi,flight,3338,1.07,848.0
Guntur,Saharanpur,flight,5364,2.52,1546.9
Guntur,Gorakhpur,flight,4759,2.17,1201.3
Guntur,Jalandhar,flight,6398,3.22,1741.1
Guntur,Jamshedpur,flight,3836,1.6,941.6
Guntur,Salem,flight,2722,0.91,572.3
Guntur,Warangal,train,140,4.21,205.4
Guntur,Mira-Bhayandar,flight,3344,1.76,868.0
Guntur,Thiruvananthapuram,train,484,13.09,945.0
Guntur,Bhilai,train,326,8.62,553.1
Guntur,Ujjain,flight,3912,1.53,905.9
Guntur,Durgapur,flight,4185,1.57,1076.6
Guntur,Asansol,flight,4562,1.74,1065.9
Guntur,Rourkela,train,421,12.66,808.0
Guntur,Nellore,train,160,3.39,212.8
Guntur,Nellore,flight,1543,0.3,212.8
Guntur,Dehradun,flight,5800,2.67,1576.9
Guntur,Davanagere,train,324,11.16,525.6
Guntur,Kozhikode,train,467,8.6,753.5
Guntur,Kozhikode,flight,3229,1.5,753.5
Guntur,Akola,train,352,12.18,607.9
Guntur,Kurnool,train,198,3.37,261.8
Guntur,Nizamabad,train,226,5.09,361.8
Guntur,Amravati,train,353,6.97,586.3
Guntur,Kakinada,train,151,4.07,207.3
Guntur,Tirupati,train,215,3.73,317.2
Guntur,Tirupati,flight,1823,0.43,317.2
Guntur,Puri,train,402,11.62,690.8
Guntur,Shimoga,train,375,9.78,585.6
Guntur,Shimoga,flight,2779,0.73,585.6
Guntur,Ongole,train,109,1.13,98.2
Guntur,Bathinda,flight,6267,2.43,1644.0
Guntur,Darbhanga,flight,5149,1.94,1231.9
Guntur,Satara,train,390,9.81,701.9
Guntur,Proddatur,train,182,5.7,266.1
Guntur,Kollam,train,545,15.14,922.7
Guntur,Ambala,flight,5985,2.61,1608.3
Guntur,Siliguri,flight,5374,2.05,1420.7
Guntur,Rohtak,flight,5027,1.91,1453.6
Guntur,Etawah,train,626,13.63,1174.4
Guntur,Orai,train,543,14.81,1081.6
Guntur,Orai,flight,4443,1.48,1081.6
Guntur,Haldwani,flight,5214,2.25,1438.9
Guntur,Muzaffarpur,flight,4267,2.55,1205.7
Guntur,Ramagundam,train,214,3.93,289.9
Guntur,Baripada,train,546,11.61,910.3
Guntur,Baripada,flight,3741,1.15,910.3
Guntur,Tezpur,flight,6061,3.65,1717.7
Guntur,Korba,train,385,10.96,715.2
Guntur,Nagapattinam,train,332,11.01,618.8
Guntur,Mahbubnagar,train,182,4.21,265.8
Guntur,Buxar,flight,4126,1.8,1099.9
Guntur,Sagar,flight,3288,1.79,856.1
Guntur,Chittoor,train,243,4.44,372.4
Guntur,Arrah,train,586,20.38,1118.6
Guntur,Bharuch,flight,3977,1.61,984.0
Guntur,Balasore,flight,3415,1.59,893.7
Guntur,Jalgaon,train,403,10.28,732.6
Guntur,Palakkad,train,440,11.05,737.4
Guntur,Palakkad,flight,3101,1.33,737.4
Guntur,Unnao,train,570,17.54,1137.6
Guntur,Bilaspur,flight,2543,0.92,666.3
Amravati,Mumbai,train,326,7.3,551.1
Amravati,Delhi,train,492,17.05,866.5
Amravati,Delhi,flight,3623,1.6,866.5
Amravati,Bengaluru,flight,3549,1.37,885.6
Amravati,Kolkata,flight,4523,2.04,1109.1
Amravati,Chennai,flight,4039,1.35,912.7
Amravati,Hyderabad,train,248,6.2,401.8
Amravati,Pune,train,288,6.94,489.5
Amravati,Ahmedabad,train,355,12.01,583.9
Amravati,Jaipur,train,408,9.64,694.5
Amravati,Jaipur,flight,3134,1.05,694.5
Amravati,Surat,train,314,9.43,513.0
Amravati,Lucknow,train,421,13.81,732.4
Amravati,Lucknow,flight,3171,1.21,732.4
Amravati,Kanpur,train,397,8.86,666.5
Amravati,Nagpur,train,115,2.0,139.0
Amravati,Indore,train,200,5.58,279.8
Amravati,Indore,flight,1817,0.38,279.8
Amravati,Thane,train,292,10.64,535.4
Amravati,Bhopal,train,179,3.98,261.2
Amravati,Visakhapatnam,train,386,11.81,676.3
Amravati,Pimpri-Chinchwad,train,301,6.68,487.9
Amravati,Pimpri-Chinchwad,flight,2488,0.89,487.9
Amravati,Patna,flight,3885,1.22,913.6
Amravati,Vadodara,train,273,10.29,498.1
Amravati,Ghaziabad,flight,3362,1.67,860.6
Amravati,Ludhiana,flight,4757,1.55,1124.5
Amravati,Agra,train,430,8.69,694.5
Amravati,Nashik,flight,2261,0.87,427.3
Amravati,Faridabad,train,496,10.93,832.4
Amravati,Faridabad,flight,3052,1.16,832.4
Amravati,Meerut,flight,3530,1.2,895.1
Amravati,Rajkot,train,408,10.1,735.9
Amravati,Kalyan,train,338,7.9,519.7
Amravati,Kalyan,flight,2673,1.12,519.7
Amravati,Vasai-Virar,train,348,6.05,542.3
Amravati,Vasai-Virar,flight,2614,0.85,542.3
Amravati,Varanasi,train,412,11.43,721.6
Amravati,Varanasi,flight,2885,1.17,721.6
Amravati,Srinagar,flight,5960,2.05,1491.0
Amravati,Dhanbad,train,524,16.96,945.6
Amravati,Dhanbad,flight,4150,1.92,945.6
Amravati,Jodhpur,train,454,10.3,762.4
Amravati,Amritsar,flight,4224,1.8,1224.1
Amravati,Nanded,train,158,2.7,203.5
Amravati,Gwalior,train,310,7.82,589.0
Amravati,Gwalior,flight,2519,1.05,589.0
Amravati,Kolhapur,train,329,7.58,598.9
Amravati,Kolhapur,flight,2746,1.08,598.9
Amravati,Bhubaneswar,flight,3353,1.14,841.4
Amravati,Solapur,train,256,6.9,413.2
Amravati,Mangalore,train,545,13.59,944.0
Amravati,Mangalore,flight,4135,1.33,944.0
Amravati,Tiruchirappalli,train,570,20.29,1132.4
Amravati,BiharSharif,flight,3952,1.56,923.7
Amravati,Aligarh,train,460,10.42,774.9
Amravati,Tirunelveli,flight,4546,2.87,1358.9
Amravati,Bhiwandi,flight,2613,1.06,524.7
Amravati,Saharanpur,flight,3989,1.45,1004.3
Amravati,Gorakhpur,flight,3389,1.15,862.6
Amravati,Jalandhar,train,579,18.61,1175.9
Amravati,Jamshedpur,train,505,19.09,894.7
Amravati,Salem,flight,4286,1.36,1031.6
Amravati,Warangal,train,244,7.15,381.3
Amravati,Mira-Bhayandar,train,339,6.65,545.1
Amravati,Mira-Bhayandar,flight,2304,0.87,545.1
Amravati,Thiruvananthapuram,flight,4935,1.92,1382.9
Amravati,Bhilai,train,243,4.39,381.0
Amravati,Ujjain,train,195,3.67,322.6
Amravati,Durgapur,flight,3632,1.48,1023.3
Amravati,Asansol,flight,4096,1.27,993.2
Amravati,Rourkela,train,404,10.58,747.2
Amravati,Nellore,train,428,12.28,759.1
Amravati,Nellore,flight,3009,1.46,759.1
Amravati,Dehradun,flight,4438,2.02,1043.6
Amravati,Davanagere,train,400,16.03,745.5
Amravati,Kozhikode,train,548,13.63,1096.6
Amravati,Akola,train,84,1.02,83.3
Amravati,Kurnool,train,366,11.6,568.5
Amravati,Kurnool,flight,2341,0.77,568.5
Amravati,Nizamabad,train,182,4.07,253.8
Amravati,Nizamabad,flight,1670,0.37,253.8
Amravati,Guntur,train,361,9.21,586.3
Amravati,Guntur,flight,2459,1.17,586.3
Amravati,Kakinada,train,385,10.77,643.6
Amravati,Tirupati,train,502,14.76,831.0
Amravati,Tirupati,flight,2966,1.46,831.0
Amravati,Puri,flight,3271,1.52,849.6
Amravati,Shimoga,flight,2939,1.18,813.0
Amravati,Ongole,train,369,13.71,649.9
Amravati,Bathinda,flight,3648,1.65,1069.5
Amravati,Darbhanga,train,580,13.24,1010.8
Amravati,Satara,train,317,10.33,536.5
Amravati,Proddatur,train,384,10.07,692.6
Amravati,Proddatur,flight,2785,1.22,692.6
Amravati,Kollam,flight,4998,1.89,1344.6
Amravati,Ambala,train,627,19.53,1054.8
Amravati,Siliguri,flight,4306,1.88,1259.3
Amravati,Rohtak,flight,3647,1.3,892.9
Amravati,Etawah,flight,2766,1.2,662.8
Amravati,Orai,train,313,11.77,588.1
Amravati,Orai,flight,2738,1.0,588.1
Amravati,Haldwani,flight,3443,1.28,937.7
Amravati,Muzaffarpur,train,573,12.21,967.3
Amravati,Muzaffarpur,flight,4057,1.61,967.3
Amravati,Ramagundam,train,219,3.58,304.4
Amravati,Baripada,flight,3872,1.34,935.7
Amravati,Tezpur,flight,5553,2.09,1654.0
Amravati,Korba,train,336,10.42,538.7
Amravati,Nagapattinam,train,669,13.95,1151.5
Amravati,Mahbubnagar,train,272,8.71,466.7
Amravati,Mahbubnagar,flight,2228,0.7,466.7
Amravati,Buxar,flight,3291,1.07,832.2
Amravati,Sagar,train,240,3.79,338.0
Amravati,Chittoor,flight,3532,1.45,869.7
Amravati,Arrah,train,525,16.28,872.4
Amravati,Arrah,flight,3695,1.2,872.4
Amravati,Bharuch,train,288,6.5,499.6
Amravati,Bharuch,flight,2642,0.73,499.6
Amravati,Balasore,train,564,14.3,951.8
Amravati,Balasore,flight,3825,1.29,951.8
Amravati,Jalgaon,train,157,4.35,229.1
Amravati,Palakkad,train,576,15.17,1134.6
Amravati,Unnao,flight,3152,1.35,681.5
Amravati,Bilaspur,train,298,6.07,469.8
Kakinada,Mumbai,flight,4419,1.56,1017.3
Kakinada,Delhi,flight,4863,2.21,1404.8
Kakinada,Bengaluru,train,405,14.46,670.2
Kakinada,Kolkata,train,537,12.39,891.4
Kakinada,Kolkata,flight,3746,1.81,891.4
Kakinada,Chennai,flight,2553,0.91,483.4
Kakinada,Hyderabad,train,258,5.39,401.9
Kakinada,Hyderabad,flight,2020,0.71,401.9
Kakinada,Pune,flight,4039,1.95,904.6
Kakinada,Ahmedabad,flight,4932,1.94,1212.7
Kakinada,Jaipur,flight,4955,2.33,1288.3
Kakinada,Surat,flight,3738,1.6,1092.9
Kakinada,Lucknow,flight,3867,2.0,1104.3
Kakinada,Kanpur,flight,4490,1.97,1070.4
Kakinada,Nagpur,train,321,7.91,569.0
Kakinada,Indore,flight,3253,1.32,923.1
Kakinada,Thane,flight,3912,1.53,1010.4
Kakinada,Bhopal,train,458,10.25,860.6
Kakinada,Bhopal,flight,3488,1.77,860.6
Kakinada,Visakhapatnam,train,107,2.12,129.0
Kakinada,Pimpri-Chinchwad,train,496,15.33,912.6
Kakinada,Patna,flight,3686,1.91,1002.5
Kakinada,Vadodara,flight,4449,1.45,1118.0
Kakinada,Ghaziabad,flight,4745,2.36,1388.1
Kakinada,Ludhiana,flight,5813,2.9,1676.7
Kakinada,Agra,flight,4446,1.54,1213.8
Kakinada,Nashik,train,562,14.4,952.4
Kakinada,Faridabad,flight,4549,2.43,1366.3
Kakinada,Meerut,flight,5215,2.57,1412.1
Kakinada,Rajkot,flight,5376,2.4,1335.6
Kakinada,Kalyan,train,563,15.64,995.3
Kakinada,Vasai-Virar,flight,3953,1.89,1028.9
Kakinada,Varanasi,flight,3260,1.18,929.1
Kakinada,Srinagar,flight,7813,4.49,2040.8
Kakinada,Dhanbad,train,443,16.55,873.3
Kakinada,Jodhpur,flight,5294,2.2,1401.4
Kakinada,Amritsar,flight,6585,3.89,1790.3
Kakinada,Nanded,train,368,8.19,573.7
Kakinada,Gwalior,train,612,20.61,1108.7
Kakinada,Kolhapur,train,521,10.42,852.2
Kakinada,Kolhapur,flight,3196,1.33,852.2
Kakinada,Bhubaneswar,train,344,6.5,526.5
Kakinada,Solapur,train,417,8.76,677.2
Kakinada,Mangalore,flight,4001,1.72,914.0
Kakinada,Tiruchirappalli,train,427,10.64,788.1
Kakinada,BiharSharif,flight,3408,1.47,973.9
Kakinada,Aligarh,flight,4545,1.63,1285.7
Kakinada,Tirunelveli,flight,4399,1.38,1040.8
Kakinada,Bhiwandi,flight,3675,2.1,1003.6
Kakinada,Saharanpur,flight,5433,2.8,1519.8
Kakinada,Gorakhpur,flight,4433,1.5,1092.7
Kakinada,Jalandhar,flight,5620,3.01,1730.8
Kakinada,Jamshedpur,train,425,14.54,767.5
Kakinada,Salem,train,385,15.6,738.7
Kakinada,Warangal,train,185,3.96,301.8
Kakinada,Warangal,flight,1888,0.38,301.8
Kakinada,Mira-Bhayandar,train,546,14.8,1024.6
Kakinada,Thiruvananthapuram,train,608,12.59,1103.2
Kakinada,Thiruvananthapuram,flight,3704,1.92,1103.2
Kakinada,Bhilai,train,265,9.98,475.1
Kakinada,Bhilai,flight,2264,0.91,475.1
Kakinada,Ujjain,flight,3906,1.62,963.6
Kakinada,Durgapur,flight,3487,1.59,897.8
Kakinada,Asansol,train,486,14.68,891.5
Kakinada,Asansol,flight,3480,1.81,891.5
Kakinada,Rourkela,flight,2803,1.43,646.5
Kakinada,Nellore,train,260,5.46,372.5
Kakinada,Dehradun,flight,6059,3.04,1542.5
Kakinada,Davanagere,train,378,9.27,732.9
Kakinada,Davanagere,flight,2847,1.15,732.9
Kakinada,Kozhikode,flight,3887,1.62,944.4
Kakinada,Akola,flight,3016,1.32,688.8
Kakinada,Kurnool,train,286,5.71,467.3
Kakinada,Kurnool,flight,2377,0.77,467.3
Kakinada,Nizamabad,train,284,7.0,477.8
Kakinada,Guntur,train,140,3.11,207.3
Kakinada,Amravati,train,345,7.71,643.6
Kakinada,Tirupati,train,311,6.21,481.2
Kakinada,Puri,train,307,9.67,491.5
Kakinada,Shimoga,train,408,13.92,792.4
Kakinada,Ongole,train,186,4.48,286.8
Kakinada,Bathinda,flight,6437,2.42,1646.5
Kakinada,Darbhanga,flight,4307,1.41,1086.4
Kakinada,Satara,flight,3821,1.2,879.4
Kakinada,Proddatur,train,298,9.59,467.3
Kakinada,Proddatur,flight,2316,0.58,467.3
Kakinada,Kollam,flight,3661,1.65,1087.4
Kakinada,Ambala,flight,5157,2.66,1588.9
Kakinada,Siliguri,flight,4210,1.61,1254.4
Kakinada,Rohtak,flight,5610,2.86,1443.8
Kakinada,Etawah,flight,4210,1.68,1139.1
Kakinada,Orai,train,521,15.25,1041.6
Kakinada,Orai,flight,4480,1.63,1041.6
Kakinada,Haldwani,train,727,29.93,1388.2
Kakinada,Haldwani,flight,4720,1.89,1388.2
Kakinada,Muzaffarpur,flight,4582,2.09,1066.0
Kakinada,Ramagundam,train,220,4.93,347.1
Kakinada,Baripada,train,386,14.99,723.2
Kakinada,Tezpur,flight,5003,2.83,1528.0
Kakinada,Korba,train,337,7.76,599.2
Kakinada,Nagapattinam,train,384,10.99,738.4
Kakinada,Mahbubnagar,train,299,9.92,454.4
Kakinada,Buxar,train,568,15.43,974.1
Kakinada,Buxar,flight,3492,1.33,974.1
Kakinada,Sagar,train,494,11.78,844.8
Kakinada,Sagar,flight,3735,1.62,844.8
Kakinada,Chittoor,train,330,10.38,538.5
Kakinada,Chittoor,flight,2415,1.04,538.5
Kakinada,Arrah,flight,3756,1.36,985.5
Kakinada,Bharuch,flight,3889,2.22,1101.0
Kakinada,Balasore,train,424,12.43,701.5
Kakinada,Jalgaon,flight,3088,1.63,832.7
Kakinada,Palakkad,flight,3271,1.58,916.3
Kakinada,Unnao,flight,4444,1.41,1077.2
Kakinada,Bilaspur,train,318,6.54,566.2
Tirupati,Mumbai,flight,3583,1.51,923.9
Tirupati,Delhi,flight,6183,2.38,1693.3
Tirupati,Bengaluru,train,162,2.62,210.5
Tirupati,Kolkata,flight,5205,1.88,1371.2
Tirupati,Chennai,train,97,2.29,110.3
Tirupati,Hyderabad,train,291,7.24,429.4
Tirupati,Hyderabad,flight,2130,0.73,429.4
Tirupati,Pune,flight,2996,1.01,805.5
Tirupati,Ahmedabad,flight,4295,2.1,1269.6
Tirupati,Jaipur,flight,5894,2.04,1524.6
Tirupati,Surat,flight,3852,2.31,1091.3
Tirupati,Lucknow,flight,5261,2.71,1478.3
Tirupati,Kanpur,flight,5400,2.0,1428.8
Tirupati,Nagpur,train,502,9.6,836.6
Tirupati,Nagpur,flight,3138,1.4,836.6
Tirupati,Indore,train,621,12.99,1078.4
Tirupati,Indore,flight,4121,1.91,1078.4
Tirupati,Thane,flight,3700,1.18,926.1
Tirupati,Bhopal,flight,4597,1.54,1091.6
Tirupati,Visakhapatnam,train,340,9.45,607.4
Tirupati,Pimpri-Chinchwad,train,427,9.4,818.1
Tirupati,Pimpri-Chinchwad,flight,3587,1.5,818.1
Tirupati,Patna,flight,5662,1.83,1458.5
Tirupati,Vadodara,train,655,21.28,1168.5
Tirupati,Vadodara,flight,4247,1.47,1168.5
Tirupati,Ghaziabad,flight,6316,2.33,1684.7
Tirupati,Ludhiana,flight,6251,3.56,1954.9
Tirupati,Agra,flight,5329,2.14,1513.6
Tirupati,Nashik,train,562,11.74,927.4
Tirupati,Nashik,flight,4017,1.37,927.4
Tirupati,Faridabad,flight,5334,3.19,1657.8
Tirupati,Meerut,flight,6463,3.38,1716.6
Tirupati,Rajkot,flight,4559,2.24,1326.3
Tirupati,Kalyan,train,535,11.58,915.7
Tirupati,Vasai-Virar,train,559,18.22,949.7
Tirupati,Vasai-Virar,flight,3740,1.93,949.7
Tirupati,Varanasi,flight,5369,2.59,1351.9
Tirupati,Srinagar,flight,8620,4.13,2321.7
Tirupati,Dhanbad,flight,4895,2.69,1349.6
Tirupati,Jodhpur,flight,5921,2.17,1552.5
Tirupati,Amritsar,flight,7648,3.45,2055.1
Tirupati,Nanded,train,376,11.3,653.8
Tirupati,Nanded,flight,2954,0.84,653.8
Tirupati,Gwalior,flight,4699,2.33,1405.8
Tirupati,Kolhapur,train,355,8.76,652.1
Tirupati,Bhubaneswar,flight,4169,1.44,1006.5
Tirupati,Solapur,train,347,7.91,585.1
Tirupati,Mangalore,train,313,5.94,500.2
Tirupati,Mangalore,flight,2480,0.68,500.2
Tirupati,Tiruchirappalli,train,198,4.17,325.0
Tirupati,Tiruchirappalli,flight,1886,0.68,325.0
Tirupati,BiharSharif,flight,5130,2.14,1436.2
Tirupati,Aligarh,flight,5988,3.35,1592.6
Tirupati,Tirunelveli,train,322,6.6,575.8
Tirupati,Bhiwandi,flight,3840,1.85,924.4
Tirupati,Saharanpur,flight,5765,3.7,1826.5
Tirupati,Gorakhpur,flight,5701,2.45,1517.0
Tirupati,Jalandhar,flight,7696,2.99,2006.6
Tirupati,Jamshedpur,flight,4712,1.61,1246.1
Tirupati,Salem,train,192,2.91,258.5
Tirupati,Salem,flight,1632,0.36,258.5
Tirupati,Warangal,train,310,8.27,483.0
Tirupati,Mira-Bhayandar,train,481,12.03,940.4
Tirupati,Thiruvananthapuram,train,383,7.59,628.9
Tirupati,Thiruvananthapuram,flight,2923,1.21,628.9
Tirupati,Bhilai,train,514,11.17,867.5
Tirupati,Bhilai,flight,3786,1.58,867.5
Tirupati,Ujjain,train,599,16.76,1128.9
Tirupati,Durgapur,flight,4454,1.92,1378.2
Tirupati,Asansol,flight,4447,2.36,1370.5
Tirupati,Rourkela,flight,4246,1.42,1118.4
Tirupati,Nellore,train,101,2.2,109.2
Tirupati,Dehradun,flight,6615,2.74,1861.0
Tirupati,Davanagere,train,268,6.7,388.6
Tirupati,Kozhikode,train,291,6.08,474.9
Tirupati,Kozhikode,flight,2381,0.89,474.9
Tirupati,Akola,train,436,9.95,827.1
Tirupati,Akola,flight,3744,1.52,827.1
Tirupati,Kurnool,train,201,5.55,286.2
Tirupati,Kurnool,flight,1650,0.6,286.2
Tirupati,Nizamabad,train,309,10.52,578.4
Tirupati,Guntur,train,191,4.29,317.2
Tirupati,Guntur,flight,1989,0.4,317.2
Tirupati,Amravati,train,449,10.39,831.0
Tirupati,Amravati,flight,3516,1.25,831.0
Tirupati,Kakinada,train,295,6.28,481.2
Tirupati,Puri,train,569,17.91,968.8
Tirupati,Shimoga,train,240,6.43,417.2
Tirupati,Ongole,train,149,3.53,219.5
Tirupati,Ongole,flight,1527,0.3,219.5
Tirupati,Bathinda,flight,7054,2.46,1900.1
Tirupati,Darbhanga,flight,5457,2.1,1547.7
Tirupati,Satara,train,387,9.78,735.0
Tirupati,Proddatur,train,128,1.9,156.0
Tirupati,Kollam,train,377,13.46,608.9
Tirupati,Kollam,flight,2726,0.9,608.9
Tirupati,Ambala,flight,6706,2.74,1882.1
Tirupati,Siliguri,flight,5444,2.46,1730.3
Tirupati,Rohtak,flight,5701,3.56,1722.2
Tirupati,Etawah,flight,5659,2.78,1463.6
Tirupati,Orai,flight,5551,2.02,1374.6
Tirupati,Haldwani,flight,6528,3.83,1733.6
Tirupati,Muzaffarpur,flight,5211,2.53,1522.2
Tirupati,Ramagundam,train,316,9.49,572.5
Tirupati,Baripada,flight,4954,2.0,1204.4
Tirupati,Tezpur,flight,6612,4.44,2008.4
Tirupati,Korba,train,586,13.5,1032.3
Tirupati,Nagapattinam,train,198,5.5,321.0
Tirupati,Nagapattinam,flight,1590,0.48,321.0
Tirupati,Mahbubnagar,train,254,7.36,378.8
Tirupati,Buxar,flight,4874,2.02,1417.1
Tirupati,Sagar,train,571,13.61,1137.6
Tirupati,Chittoor,train,86,1.09,57.3
Tirupati,Arrah,flight,4616,2.08,1435.6
Tirupati,Bharuch,flight,3983,1.41,1125.0
Tirupati,Balasore,flight,4954,2.09,1182.0
Tirupati,Jalgaon,train,527,10.31,916.8
Tirupati,Palakkad,train,292,9.3,436.0
Tirupati,Unnao,flight,5314,3.04,1439.6
Tirupati,Bilaspur,flight,4154,1.31,982.7
Puri,Mumbai,flight,4499,2.51,1360.3
Puri,Delhi,flight,5422,1.82,1325.7
Puri,Bengaluru,flight,4105,1.64,1161.7
Puri,Kolkata,train,253,6.85,403.8
Puri,Kolkata,flight,2173,0.71,403.8
Puri,Chennai,flight,3936,1.34,954.6
Puri,Hyderabad,train,431,10.58,819.6
Puri,Hyderabad,flight,3101,1.3,819.6
Puri,Pune,flight,4307,2.79,1265.6
Puri,Ahmedabad,flight,5048,2.29,1417.6
Puri,Jaipur,flight,4235,2.45,1293.0
Puri,Surat,flight,5269,1.82,1362.1
Puri,Lucknow,flight,3808,1.75,927.3
Puri,Kanpur,flight,3254,1.39,927.5
Puri,Nagpur,train,388,9.91,717.8
Puri,Nagpur,flight,3133,0.91,717.8
Puri,Indore,train,590,16.62,1082.5
Puri,Indore,flight,4282,2.07,1082.5
Puri,Thane,train,789,16.25,1348.4
Puri,Thane,flight,5139,1.95,1348.4
Puri,Bhopal,flight,3633,1.24,951.1
Puri,Visakhapatnam,train,252,4.66,362.8
Puri,Pimpri-Chinchwad,flight,4677,1.71,1269.8
Puri,Patna,train,336,10.97,646.7
Puri,Vadodara,train,744,16.45,1341.1
Puri,Vadodara,flight,5297,1.96,1341.1
Puri,Ghaziabad,flight,5351,1.63,1299.5
Puri,Ludhiana,flight,6374,2.67,1587.0
Puri,Agra,flight,4447,1.5,1142.5
Puri,Nashik,flight,4515,2.01,1258.8
Puri,Faridabad,flight,5082,2.1,1287.5
Puri,Meerut,flight,5154,2.14,1309.3
Puri,Rajkot,flight,6179,2.21,1583.2
Puri,Kalyan,flight,4381,2.51,1332.3
Puri,Vasai-Virar,flight,4414,2.19,1361.3
Puri,Varanasi,train,398,7.63,678.6
Puri,Varanasi,flight,2929,0.95,678.6
Puri,Srinagar,flight,6439,3.82,1924.1
Puri,Dhanbad,train,265,6.07,447.1
Puri,Jodhpur,flight,6024,2.56,1491.4
Puri,Amritsar,flight,6531,2.96,1710.2
Puri,Nanded,flight,3423,1.44,895.0
Puri,Gwalior,flight,3687,1.92,1057.7
Puri,Kolhapur,flight,4513,1.78,1271.0
Puri,Bhubaneswar,train,75,0.73,53.7
Puri,Bhubaneswar,flight,910,0.07,53.7
Puri,Solapur,train,639,15.52,1072.0
Puri,Mangalore,flight,4893,2.11,1399.0
Puri,Tiruchirappalli,flight,4447,1.95,1260.7
Puri,BiharSharif,train,357,8.24,599.8
Puri,Aligarh,train,607,15.51,1194.3
Puri,Tirunelveli,flight,5974,2.04,1509.2
Puri,Bhiwandi,flight,4929,2.8,1339.2
Puri,Saharanpur,flight,5440,1.78,1403.2
Puri,Gorakhpur,train,462,11.39,812.2
Puri,Gorakhpur,flight,3174,1.04,812.2
Puri,Jalandhar,flight,5452,2.1,1640.2
Puri,Jamshedpur,train,216,5.67,334.8
Puri,Jamshedpur,flight,1968,0.63,334.8
Puri,Salem,flight,4922,1.54,1223.2
Puri,Warangal,train,430,12.67,687.4
Puri,Warangal,flight,3087,0.91,687.4
Puri,Mira-Bhayandar,flight,5009,1.71,1360.8
Puri,Thiruvananthapuram,train,770,18.4,1578.5
Puri,Thiruvananthapuram,flight,5266,3.21,1578.5
Puri,Bhilai,train,295,9.48,483.3
Puri,Bhilai,flight,2285,0.88,483.3
Puri,Ujjain,train,628,13.52,1104.3
Puri,Ujjain,flight,4510,2.02,1104.3
Puri,Durgapur,flight,2146,0.75,439.7
Puri,Asansol,train,273,6.8,445.8
Puri,Rourkela,train,201,5.17,290.4
Puri,Rourkela,flight,1754,0.4,290.4
Puri,Nellore,flight,3537,1.63,861.4
Puri,Dehradun,flight,5618,2.57,1406.4
Puri,Davanagere,flight,4010,1.96,1208.8
Puri,Kozhikode,flight,4877,2.21,1435.8
Puri,Akola,train,550,13.51,925.7
Puri,Akola,flight,3298,1.87,925.7
Puri,Kurnool,train,486,19.08,936.3
Puri,Kurnool,flight,4074,1.48,936.3
Puri,Nizamabad,train,503,10.41,822.0
Puri,Nizamabad,flight,3184,1.61,822.0
Puri,Guntur,train,366,10.41,690.8
Puri,Amravati,train,467,12.99,849.6
Puri,Kakinada,train,290,6.57,491.5
Puri,Kakinada,flight,2418,1.09,491.5
Puri,Tirupati,train,557,13.18,968.8
Puri,Tirupati,flight,3642,1.26,968.8
Puri,Shimoga,flight,4347,2.72,1272.4
Puri,Ongole,train,418,12.34,777.4
Puri,Bathinda,flight,5966,2.84,1591.8
Puri,Darbhanga,train,412,7.86,705.1
Puri,Satara,flight,4650,2.22,1268.5
Puri,Proddatur,train,500,13.79,956.1
Puri,Proddatur,flight,4007,1.37,956.1
Puri,Kollam,flight,5747,2.54,1567.4
Puri,Ambala,flight,5917,2.24,1485.6
Puri,Siliguri,train,491,17.82,811.2
Puri,Siliguri,flight,3701,1.09,811.2
Puri,Rohtak,flight,5188,2.29,1374.7
Puri,Etawah,train,614,14.39,1041.4
Puri,Orai,train,524,16.7,947.1
Puri,Orai,flight,4030,1.45,947.1
Puri,Haldwani,flight,5003,1.87,1225.1
Puri,Muzaffarpur,train,388,10.97,702.8
Puri,Ramagundam,train,408,10.07,668.4
Puri,Baripada,train,173,3.94,252.8
Puri,Tezpur,flight,4137,2.12,1040.8
Puri,Korba,train,239,6.11,426.7
Puri,Nagapattinam,flight,4003,2.26,1192.6
Puri,Mahbubnagar,train,546,17.22,895.9
Puri,Mahbubnagar,flight,3339,1.52,895.9
Puri,Buxar,train,385,10.22,661.8
Puri,Sagar,flight,3339,1.58,857.9
Puri,Chittoor,train,532,18.08,1025.7
Puri,Chittoor,flight,4233,1.66,1025.7
Puri,Arrah,train,348,7.37,650.1
Puri,Arrah,flight,3105,1.28,650.1
Puri,Bharuch,flight,4609,1.72,1348.5
Puri,Balasore,train,160,4.09,218.8
Puri,Jalgaon,train,634,18.49,1078.1
Puri,Palakkad,flight,5464,2.31,1404.8
Puri,Unnao,flight,3694,1.26,925.8
Puri,Bilaspur,flight,2304,0.59,458.8
Shimoga,Mumbai,train,337,9.29,640.0
Shimoga,Mumbai,flight,2713,1.15,640.0
Shimoga,Delhi,flight,5256,2.86,1650.4
Shimoga,Bengaluru,train,187,4.76,243.7
Shimoga,Kolkata,flight,5246,2.56,1656.5
Shimoga,Chennai,train,302,7.94,517.1
Shimoga,Chennai,flight,2276,0.81,517.1
Shimoga,Hyderabad,flight,2172,0.89,495.2
Shimoga,Pune,train,350,7.51,542.1
Shimoga,Ahmedabad,flight,3850,1.49,1059.2
Shimoga,Jaipur,flight,4831,2.56,1443.8
Shimoga,Surat,train,471,9.67,855.7
Shimoga,Surat,flight,3717,1.47,855.7
Shimoga,Lucknow,flight,5963,2.51,1541.2
Shimoga,Kanpur,train,761,22.16,1477.8
Shimoga,Kanpur,flight,5078,2.25,1477.8
Shimoga,Nagpur,flight,3495,1.7,884.8
Shimoga,Indore,flight,3894,2.12,977.8
Shimoga,Thane,train,370,14.06,649.6
Shimoga,Thane,flight,2915,1.08,649.6
Shimoga,Bhopal,flight,4400,1.33,1055.5
Shimoga,Visakhapatnam,train,547,16.66,918.8
Shimoga,Visakhapatnam,flight,4025,1.3,918.8
Shimoga,Pimpri-Chinchwad,train,305,9.12,555.6
Shimoga,Pimpri-Chinchwad,flight,2529,0.85,555.6
Shimoga,Patna,flight,5493,2.72,1637.1
Shimoga,Vadodara,flight,3399,2.14,965.0
Shimoga,Ghaziabad,flight,5626,2.4,1650.4
Shimoga,Ludhiana,flight,7181,2.7,1887.3
Shimoga,Agra,train,852,29.44,1494.6
Shimoga,Agra,flight,5616,3.0,1494.6
Shimoga,Nashik,train,392,10.48,700.7
Shimoga,Nashik,flight,2840,1.18,700.7
Shimoga,Faridabad,flight,6075,2.91,1620.1
Shimoga,Meerut,flight,5814,3.02,1688.4
Shimoga,Rajkot,flight,4537,1.39,1058.4
Shimoga,Kalyan,train,364,10.48,644.9
Shimoga,Kalyan,flight,3040,1.22,644.9
Shimoga,Vasai-Virar,train,373,9.46,673.2
Shimoga,Varanasi,flight,4867,1.87,1484.0
Shimoga,Srinagar,flight,7658,3.77,2242.3
Shimoga,Dhanbad,flight,5826,2.36,1582.7
Shimoga,Jodhpur,flight,5490,2.01,1394.1
Shimoga,Amritsar,flight,6225,3.14,1969.9
Shimoga,Nanded,train,325,8.24,610.1
Shimoga,Gwalior,flight,5631,2.46,1393.3
Shimoga,Kolhapur,train,240,4.09,339.6
Shimoga,Bhubaneswar,flight,4444,1.91,1299.0
Shimoga,Solapur,train,247,7.53,416.3
Shimoga,Mangalore,train,116,2.07,136.7
Shimoga,Tiruchirappalli,train,294,6.99,487.7
Shimoga,BiharSharif,flight,5133,2.04,1628.6
Shimoga,Aligarh,flight,5840,2.15,1574.9
Shimoga,Tirunelveli,train,338,7.19,627.1
Shimoga,Bhiwandi,train,347,9.73,652.4
Shimoga,Bhiwandi,flight,3154,0.99,652.4
Shimoga,Saharanpur,flight,6611,3.73,1794.4
Shimoga,Gorakhpur,flight,5175,3.02,1641.2
Shimoga,Jalandhar,flight,6130,2.42,1934.4
Shimoga,Jamshedpur,flight,5109,2.4,1493.2
Shimoga,Salem,train,222,5.48,376.3
Shimoga,Warangal,flight,2924,1.28,622.0
Shimoga,Mira-Bhayandar,flight,3020,1.24,661.4
Shimoga,Thiruvananthapuram,train,342,13.58,619.3
Shimoga,Bhilai,train,547,22.17,1018.5
Shimoga,Bhilai,flight,4123,1.94,1018.5
Shimoga,Ujjain,train,553,12.32,1028.7
Shimoga,Durgapur,train,898,18.93,1631.4
Shimoga,Durgapur,flight,6385,2.23,1631.4
Shimoga,Asansol,flight,6379,2.79,1615.0
Shimoga,Rourkela,flight,4783,1.93,1348.6
Shimoga,Nellore,train,315,9.38,479.7
Shimoga,Dehradun,flight,6539,3.19,1839.5
Shimoga,Davanagere,train,84,0.91,70.6
Shimoga,Kozhikode,train,207,5.51,297.9
Shimoga,Akola,train,428,10.46,768.2
Shimoga,Akola,flight,2878,1.48,768.2
Shimoga,Kurnool,train,221,4.37,339.1
Shimoga,Nizamabad,train,343,8.05,592.2
Shimoga,Guntur,flight,2577,0.82,585.6
Shimoga,Amravati,train,450,17.4,813.0
Shimoga,Amravati,flight,3632,1.13,813.0
Shimoga,Kakinada,train,404,15.88,792.4
Shimoga,Tirupati,train,236,8.44,417.2
Shimoga,Puri,flight,5081,2.76,1272.4
Shimoga,Ongole,train,291,7.78,512.8
Shimoga,Bathinda,train,1032,21.02,1811.5
Shimoga,Bathinda,flight,5655,2.49,1811.5
Shimoga,Darbhanga,flight,6366,2.75,1733.3
Shimoga,Satara,train,285,6.22,449.7
Shimoga,Proddatur,train,231,5.89,333.9
Shimoga,Proddatur,flight,1641,0.49,333.9
Shimoga,Kollam,train,309,6.86,571.5
Shimoga,Ambala,flight,6592,2.52,1833.2
Shimoga,Siliguri,flight,6034,2.45,1950.8
Shimoga,Rohtak,flight,6270,2.37,1667.5
Shimoga,Etawah,flight,5641,1.98,1473.7
Shimoga,Orai,flight,5451,2.94,1401.1
Shimoga,Haldwani,flight,6887,3.12,1747.9
Shimoga,Muzaffarpur,flight,5940,2.56,1698.4
Shimoga,Ramagundam,flight,2639,0.92,686.5
Shimoga,Baripada,flight,5230,2.33,1478.1
Shimoga,Tezpur,flight,7404,3.15,2281.8
Shimoga,Korba,flight,4209,1.67,1205.2
Shimoga,Nagapattinam,train,361,10.75,582.0
Shimoga,Mahbubnagar,flight,1870,0.52,406.1
Shimoga,Buxar,flight,6207,2.63,1574.9
Shimoga,Sagar,flight,4046,2.5,1151.0
Shimoga,Chittoor,train,231,5.0,389.9
Shimoga,Arrah,flight,5432,2.09,1604.7
Shimoga,Bharuch,flight,3345,1.98,905.7
Shimoga,Balasore,flight,5038,2.55,1467.1
Shimoga,Jalgaon,train,433,11.82,787.0
Shimoga,Jalgaon,flight,3266,1.27,787.0
Shimoga,Palakkad,train,220,4.22,368.9
Shimoga,Unnao,flight,5360,3.28,1492.2
Shimoga,Bilaspur,train,676,14.42,1141.5
Ongole,Mumbai,flight,3767,1.23,858.6
Ongole,Delhi,flight,4887,2.33,1498.5
Ongole,Bengaluru,train,220,4.46,386.5
Ongole,Kolkata,train,625,13.91,1174.6
Ongole,Kolkata,flight,4592,2.5,1174.6
Ongole,Chennai,train,181,3.83,270.5
Ongole,Hyderabad,train,194,5.9,267.3
Ongole,Pune,train,430,12.71,738.8
Ongole,Ahmedabad,flight,4773,1.54,1146.1
Ongole,Jaipur,flight,5454,1.87,1342.8
Ongole,Surat,flight,3510,1.33,988.2
Ongole,Lucknow,flight,4553,1.71,1264.5
Ongole,Kanpur,flight,4717,2.53,1217.3
Ongole,Nagpur,train,394,9.69,635.3
Ongole,Indore,train,511,13.43,914.9
Ongole,Indore,flight,3972,1.45,914.9
Ongole,Thane,train,467,17.16,856.4
Ongole,Thane,flight,3834,1.3,856.4
Ongole,Bhopal,flight,3903,1.48,905.4
Ongole,Visakhapatnam,train,246,8.28,415.7
Ongole,Pimpri-Chinchwad,train,411,8.94,749.6
Ongole,Patna,flight,4813,1.92,1240.1
Ongole,Vadodara,flight,4104,1.65,1045.5
Ongole,Ghaziabad,flight,5422,2.38,1487.8
Ongole,Ludhiana,flight,6573,3.81,1764.2
Ongole,Agra,flight,4505,1.76,1314.8
Ongole,Nashik,flight,3100,1.1,829.8
Ongole,Faridabad,flight,5290,2.03,1462.0
Ongole,Meerut,flight,4849,2.02,1517.9
Ongole,Rajkot,flight,4112,1.81,1231.3
Ongole,Kalyan,train,442,11.14,843.4
Ongole,Kalyan,flight,3095,1.57,843.4
Ongole,Vasai-Virar,train,536,13.68,878.2
Ongole,Varanasi,train,633,18.16,1132.6
Ongole,Srinagar,flight,6597,2.91,2131.8
Ongole,Dhanbad,train,614,14.47,1138.0
Ongole,Jodhpur,flight,5226,2.53,1398.2
Ongole,Amritsar,flight,6781,2.46,1868.6
Ongole,Nanded,train,300,8.72,498.4
Ongole,Gwalior,flight,4401,2.13,1206.8
Ongole,Kolhapur,train,334,7.55,634.3
Ongole,Bhubaneswar,flight,2932,1.11,810.4
Ongole,Solapur,train,325,9.69,502.3
Ongole,Mangalore,train,400,7.95,629.6
Ongole,Tiruchirappalli,train,324,11.21,544.2
Ongole,Tiruchirappalli,flight,2696,0.84,544.2
Ongole,BiharSharif,flight,4836,1.91,1219.0
Ongole,Aligarh,flight,4828,1.84,1392.6
Ongole,Tirunelveli,train,450,11.38,795.3
Ongole,Tirunelveli,flight,3136,1.28,795.3
Ongole,Bhiwandi,train,498,13.79,852.1
Ongole,Bhiwandi,flight,3059,1.08,852.1
Ongole,Saharanpur,flight,5372,2.49,1627.9
Ongole,Gorakhpur,flight,5223,1.64,1297.9
Ongole,Jalandhar,flight,6011,2.45,1816.8
Ongole,Jamshedpur,train,563,19.15,1037.1
Ongole,Salem,train,304,5.8,474.1
Ongole,Warangal,train,198,3.3,278.2
Ongole,Warangal,flight,1854,0.47,278.2
Ongole,Mira-Bhayandar,flight,3272,1.53,871.1
Ongole,Thiruvananthapuram,train,517,12.67,846.9
Ongole,Thiruvananthapuram,flight,3375,1.12,846.9
Ongole,Bhilai,train,359,8.92,648.8
Ongole,Ujjain,train,523,12.1,963.3
Ongole,Ujjain,flight,3455,1.84,963.3
Ongole,Durgapur,flight,4323,1.78,1171.4
Ongole,Asansol,flight,4027,2.15,1161.5
Ongole,Rourkela,train,521,19.8,905.1
Ongole,Nellore,train,104,1.85,118.4
Ongole,Dehradun,flight,5416,3.08,1659.7
Ongole,Davanagere,train,253,5.56,458.3
Ongole,Kozhikode,train,378,13.64,660.5
Ongole,Akola,train,377,8.34,661.1
Ongole,Kurnool,train,169,2.65,218.4
Ongole,Nizamabad,train,262,6.23,408.9
Ongole,Guntur,train,99,1.98,98.2
Ongole,Amravati,flight,2717,1.19,649.9
Ongole,Kakinada,train,177,3.25,286.8
Ongole,Kakinada,flight,1596,0.54,286.8
Ongole,Tirupati,train,163,3.1,219.5
Ongole,Puri,train,454,10.79,777.4
Ongole,Puri,flight,2930,0.99,777.4
Ongole,Shimoga,train,299,6.0,512.8
Ongole,Bathinda,flight,6465,2.25,1716.1
Ongole,Darbhanga,flight,4487,2.15,1330.1
Ongole,Satara,train,366,8.2,689.1
Ongole,Satara,flight,2854,1.08,689.1
Ongole,Proddatur,train,152,3.06,181.6
Ongole,Kollam,train,471,12.22,824.6
Ongole,Kollam,flight,3610,1.06,824.6
Ongole,Ambala,flight,5773,2.15,1687.1
Ongole,Siliguri,flight,5624,2.35,1517.7
Ongole,Rohtak,flight,5199,3.17,1530.2
Ongole,Etawah,flight,4926,1.81,1258.8
Ongole,Orai,train,623,16.86,1167.5
Ongole,Orai,flight,4745,1.61,1167.5
Ongole,Haldwani,flight,5937,2.58,1525.8
Ongole,Muzaffarpur,flight,4883,1.87,1303.8
Ongole,Ramagundam,train,214,5.52,367.3
Ongole,Baripada,train,594,19.33,1002.7
Ongole,Tezpur,flight,5646,3.27,1809.8
Ongole,Korba,flight,3133,1.17,813.0
Ongole,Nagapattinam,train,296,11.22,526.8
Ongole,Mahbubnagar,train,194,5.44,259.9
Ongole,Buxar,train,648,14.52,1197.7
Ongole,Buxar,flight,4866,1.83,1197.7
Ongole,Sagar,train,522,12.07,936.7
Ongole,Chittoor,train,197,4.87,274.3
Ongole,Chittoor,flight,1603,0.53,274.3
Ongole,Arrah,flight,4320,2.64,1216.7
Ongole,Bharuch,train,533,13.85,1011.9
Ongole,Bharuch,flight,3493,2.02,1011.9
Ongole,Balasore,flight,4003,1.45,984.2
Ongole,Jalgaon,train,455,10.93,773.7
Ongole,Palakkad,train,386,8.22,640.6
Ongole,Unnao,flight,4160,1.76,1227.5
Ongole,Bilaspur,train,452,8.93,763.3
Bathinda,Mumbai,flight,4971,1.76,1255.6
Bathinda,Delhi,train,166,4.57,267.7
Bathinda,Bengaluru,flight,6354,3.58,1936.2
Bathinda,Kolkata,flight,6225,3.15,1581.6
Bathinda,Chennai,flight,6321,3.99,1981.7
Bathinda,Hyderabad,flight,5943,2.44,1470.7
Bathinda,Pune,flight,4933,1.93,1304.6
Bathinda,Ahmedabad,train,472,17.76,833.4
Bathinda,Ahmedabad,flight,3604,1.59,833.4
Bathinda,Jaipur,train,247,4.37,375.9
Bathinda,Surat,flight,4085,2.02,1027.3
Bathinda,Lucknow,train,361,8.02,695.2
Bathinda,Lucknow,flight,3286,0.93,695.2
Bathinda,Kanpur,train,362,7.6,672.8
Bathinda,Nagpur,flight,4104,1.82,1089.9
Bathinda,Indore,train,513,15.29,837.9
Bathinda,Indore,flight,3218,1.19,837.9
Bathinda,Thane,flight,5080,1.61,1238.3
Bathinda,Bhopal,train,496,10.97,810.7
Bathinda,Bhopal,flight,3185,1.38,810.7
Bathinda,Visakhapatnam,flight,5120,3.07,1625.3
Bathinda,Pimpri-Chinchwad,flight,4534,1.96,1293.0
Bathinda,Patna,flight,4725,1.74,1124.8
Bathinda,Vadodara,train,470,11.35,896.3
Bathinda,Vadodara,flight,3928,1.82,896.3
Bathinda,Ghaziabad,train,179,4.07,297.3
Bathinda,Ludhiana,train,99,1.76,116.2
Bathinda,Agra,flight,2319,0.57,450.6
Bathinda,Nashik,flight,4609,1.43,1141.6
Bathinda,Faridabad,train,186,3.99,305.0
Bathinda,Meerut,train,183,3.9,299.7
Bathinda,Meerut,flight,1682,0.53,299.7
Bathinda,Rajkot,train,491,17.05,971.2
Bathinda,Kalyan,flight,4234,2.16,1233.7
Bathinda,Vasai-Virar,flight,4653,1.55,1221.7
Bathinda,Varanasi,train,510,20.5,958.7
Bathinda,Srinagar,train,268,5.41,430.9
Bathinda,Dhanbad,train,771,18.96,1341.7
Bathinda,Dhanbad,flight,5400,2.8,1341.7
Bathinda,Jodhpur,train,299,9.08,480.1
Bathinda,Amritsar,train,120,1.81,158.4
Bathinda,Nanded,flight,4735,1.72,1252.6
Bathinda,Gwalior,train,303,7.64,545.6
Bathinda,Kolhapur,flight,5465,2.6,1503.6
Bathinda,Bhubaneswar,flight,6083,3.24,1551.4
Bathinda,Solapur,flight,4756,2.87,1399.0
Bathinda,Mangalore,flight,5939,2.49,1923.3
Bathinda,Tiruchirappalli,flight,6907,3.34,2194.2
Bathinda,BiharSharif,train,636,24.51,1179.9
Bathinda,Aligarh,train,268,7.14,399.3
Bathinda,Tirunelveli,flight,8077,3.23,2408.2
Bathinda,Bhiwandi,flight,4148,1.96,1229.9
Bathinda,Saharanpur,train,174,4.46,251.8
Bathinda,Gorakhpur,flight,4039,1.5,908.3
Bathinda,Jalandhar,train,125,2.16,137.8
Bathinda,Jamshedpur,flight,5164,2.51,1388.9
Bathinda,Salem,flight,7598,2.87,2088.6
Bathinda,Warangal,flight,5730,2.97,1440.3
Bathinda,Mira-Bhayandar,flight,4459,2.67,1233.6
Bathinda,Thiruvananthapuram,flight,7802,3.07,2420.4
Bathinda,Bhilai,flight,4999,1.69,1194.3
Bathinda,Ujjain,flight,3378,1.27,786.3
Bathinda,Durgapur,flight,4926,2.08,1433.2
Bathinda,Asansol,flight,5067,2.89,1393.0
Bathinda,Rourkela,flight,5001,2.08,1324.8
Bathinda,Nellore,flight,5918,3.79,1827.7
Bathinda,Dehradun,train,179,4.59,296.7
Bathinda,Davanagere,flight,6933,3.2,1753.8
Bathinda,Kozhikode,flight,7437,2.71,2109.2
Bathinda,Akola,flight,4151,2.03,1077.4
Bathinda,Kurnool,flight,5515,3.48,1630.1
Bathinda,Nizamabad,flight,5340,1.91,1321.8
Bathinda,Guntur,flight,6592,2.82,1644.0
Bathinda,Amravati,train,542,13.5,1069.5
Bathinda,Amravati,flight,4550,1.57,1069.5
Bathinda,Kakinada,flight,6252,2.83,1646.5
Bathinda,Tirupati,train,942,28.12,1900.1
Bathinda,Tirupati,flight,6292,2.55,1900.1
Bathinda,Puri,flight,5286,3.24,1591.8
Bathinda,Shimoga,flight,6100,3.97,1811.5
Bathinda,Ongole,flight,5838,2.54,1716.1
Bathinda,Darbhanga,train,652,14.84,1163.1
Bathinda,Darbhanga,flight,4433,2.47,1163.1
Bathinda,Satara,flight,5518,2.79,1396.7
Bathinda,Proddatur,flight,5868,2.75,1758.3
Bathinda,Kollam,flight,8526,3.43,2376.8
Bathinda,Ambala,train,137,3.29,176.8
Bathinda,Siliguri,flight,4893,1.76,1373.3
Bathinda,Rohtak,train,157,2.79,217.3
Bathinda,Rohtak,flight,1646,0.41,217.3
Bathinda,Etawah,train,332,6.85,550.6
Bathinda,Orai,train,352,7.49,645.0
Bathinda,Haldwani,train,273,5.62,454.6
Bathinda,Muzaffarpur,train,599,24.7,1119.7
Bathinda,Muzaffarpur,flight,3755,2.16,1119.7
Bathinda,Ramagundam,flight,4490,1.75,1354.1
Bathinda,Baripada,flight,5157,2.48,1494.8
Bathinda,Tezpur,flight,6987,2.47,1787.4
Bathinda,Korba,train,635,13.82,1168.9
Bathinda,Korba,flight,4854,2.31,1168.9
Bathinda,Nagapattinam,flight,7249,4.12,2220.1
Bathinda,Mahbubnagar,flight,5467,2.55,1529.2
Bathinda,Buxar,flight,4010,1.59,1043.0
Bathinda,Sagar,train,448,9.19,801.8
Bathinda,Sagar,flight,3679,1.28,801.8
Bathinda,Chittoor,flight,5987,3.02,1937.2
Bathinda,Arrah,flight,4628,1.65,1085.8
Bathinda,Bharuch,flight,4175,1.39,965.2
Bathinda,Balasore,flight,5126,1.93,1540.6
Bathinda,Jalgaon,flight,3642,1.44,1025.2
Bathinda,Palakkad,train,1121,38.67,2167.1
Bathinda,Palakkad,flight,7327,3.26,2167.1
Bathinda,Unnao,train,387,8.09,678.4
Bathinda,Bilaspur,train,606,20.09,1153.9
Darbhanga,Mumbai,flight,6045,3.41,1549.0
Darbhanga,Delhi,flight,3197,1.77,912.3
Darbhanga,Bengaluru,flight,6367,3.23,1702.9
Darbhanga,Kolkata,train,298,5.39,470.4
Darbhanga,Chennai,flight,5860,2.13,1567.6
Darbhanga,Hyderabad,flight,5051,1.8,1238.5
Darbhanga,Pune,flight,4787,2.44,1499.5
Darbhanga,Ahmedabad,flight,4608,2.07,1390.4
Darbhanga,Jaipur,flight,4157,2.23,1008.5
Darbhanga,Surat,flight,5427,3.14,1440.0
Darbhanga,Lucknow,train,292,9.81,498.1
Darbhanga,Kanpur,train,309,6.6,555.2
Darbhanga,Nagpur,flight,3270,1.66,888.7
Darbhanga,Indore,flight,4275,1.38,1084.8
Darbhanga,Thane,flight,5501,2.02,1531.6
Darbhanga,Bhopal,flight,3280,1.25,914.7
Darbhanga,Visakhapatnam,flight,3632,1.84,981.0
Darbhanga,Pimpri-Chinchwad,flight,5924,2.45,1497.1
Darbhanga,Patna,train,106,1.45,97.9
Darbhanga,Vadodara,flight,5329,2.49,1357.2
Darbhanga,Ghaziabad,train,463,10.26,878.3
Darbhanga,Ludhiana,train,659,13.59,1112.6
Darbhanga,Ludhiana,flight,4070,1.59,1112.6
Darbhanga,Agra,train,450,14.08,791.5
Darbhanga,Nashik,flight,5269,2.71,1413.6
Darbhanga,Faridabad,flight,3953,1.89,883.4
Darbhanga,Meerut,flight,3819,1.37,865.7
Darbhanga,Rajkot,flight,5623,2.5,1587.7
Darbhanga,Kalyan,flight,5746,2.3,1516.9
Darbhanga,Vasai-Virar,flight,6092,2.56,1533.6
Darbhanga,Varanasi,train,209,3.8,306.7
Darbhanga,Srinagar,flight,4810,2.78,1382.6
Darbhanga,Dhanbad,train,200,4.84,267.8
Darbhanga,Jodhpur,flight,4825,1.82,1283.3
Darbhanga,Amritsar,flight,4770,2.05,1232.7
Darbhanga,Nanded,flight,4005,1.89,1173.8
Darbhanga,Gwalior,train,460,9.24,769.1
Darbhanga,Kolhapur,flight,5378,2.32,1597.6
Darbhanga,Bhubaneswar,train,350,8.29,651.5
Darbhanga,Solapur,flight,4915,2.45,1396.5
Darbhanga,Mangalore,flight,7110,3.82,1869.9
Darbhanga,Tiruchirappalli,flight,7205,4.07,1867.8
Darbhanga,BiharSharif,train,99,1.25,112.5
Darbhanga,Aligarh,train,489,13.83,796.7
Darbhanga,Tirunelveli,flight,6532,2.95,2120.9
Darbhanga,Bhiwandi,flight,5093,2.09,1520.4
Darbhanga,Saharanpur,flight,3391,1.6,921.6
Darbhanga,Gorakhpur,train,189,3.83,259.6
Darbhanga,Jalandhar,train,611,16.37,1157.7
Darbhanga,Jamshedpur,train,225,4.82,373.8
Darbhanga,Salem,flight,7049,2.48,1804.2
Darbhanga,Warangal,train,562,19.43,1117.4
Darbhanga,Warangal,flight,4653,1.81,1117.4
Darbhanga,Mira-Bhayandar,flight,5544,2.05,1538.9
Darbhanga,Thiruvananthapuram,flight,8425,2.74,2176.5
Darbhanga,Bhilai,train,445,14.78,714.7
Darbhanga,Bhilai,flight,2663,1.16,714.7
Darbhanga,Ujjain,train,531,22.97,1073.1
Darbhanga,Ujjain,flight,4475,1.6,1073.1
Darbhanga,Durgapur,train,206,6.22,326.1
Darbhanga,Asansol,train,182,4.01,294.9
Darbhanga,Asansol,flight,1567,0.48,294.9
Darbhanga,Rourkela,train,260,5.31,445.6
Darbhanga,Rourkela,flight,1989,0.95,445.6
Darbhanga,Nellore,flight,5321,2.97,1439.9
Darbhanga,Dehradun,flight,3227,1.75,898.0
Darbhanga,Davanagere,flight,6117,2.24,1662.8
Darbhanga,Kozhikode,flight,6784,2.47,1966.9
Darbhanga,Akola,train,647,12.82,1090.1
Darbhanga,Akola,flight,4093,2.06,1090.1
Darbhanga,Kurnool,flight,5600,2.65,1407.4
Darbhanga,Nizamabad,flight,4258,2.46,1154.6
Darbhanga,Guntur,flight,4107,2.33,1231.9
Darbhanga,Amravati,flight,3472,1.57,1010.8
Darbhanga,Kakinada,train,608,12.31,1086.4
Darbhanga,Tirupati,flight,5509,2.86,1547.7
Darbhanga,Puri,train,420,9.04,705.1
Darbhanga,Shimoga,flight,6876,3.82,1733.3
Darbhanga,Ongole,flight,4955,1.84,1330.1
Darbhanga,Bathinda,train,633,15.64,1163.1
Darbhanga,Bathinda,flight,4493,2.06,1163.1
Darbhanga,Satara,flight,4978,2.07,1545.9
Darbhanga,Proddatur,train,835,20.43,1480.0
Darbhanga,Proddatur,flight,4776,1.98,1480.0
Darbhanga,Kollam,flight,7812,3.18,2154.5
Darbhanga,Ambala,flight,3843,1.5,1008.2
Darbhanga,Siliguri,train,182,3.04,259.9
Darbhanga,Rohtak,train,564,11.03,964.6
Darbhanga,Rohtak,flight,3901,1.38,964.6
Darbhanga,Etawah,train,395,11.0,688.0
Darbhanga,Orai,train,392,8.12,642.6
Darbhanga,Orai,flight,3052,0.88,642.6
Darbhanga,Haldwani,train,420,13.78,714.4
Darbhanga,Muzaffarpur,train,80,1.04,50.2
Darbhanga,Ramagundam,train,591,18.96,1046.9
Darbhanga,Baripada,flight,2479,0.87,478.8
Darbhanga,Tezpur,train,425,8.86,689.4
Darbhanga,Korba,train,311,6.63,528.8
Darbhanga,Nagapattinam,flight,5901,3.19,1824.7
Darbhanga,Mahbubnagar,flight,5339,1.99,1327.7
Darbhanga,Buxar,train,150,2.14,184.2
Darbhanga,Buxar,flight,1232,0.31,184.2
Darbhanga,Sagar,train,417,9.24,765.4
Darbhanga,Chittoor,flight,5982,2.3,1603.7
Darbhanga,Arrah,train,127,1.75,139.1
Darbhanga,Bharuch,flight,5639,1.97,1398.2
Darbhanga,Balasore,flight,2185,0.92,529.3
Darbhanga,Jalgaon,train,679,15.29,1197.5
Darbhanga,Jalgaon,flight,4504,1.69,1197.5
Darbhanga,Palakkad,flight,6554,4.26,1965.0
Darbhanga,Unnao,train,339,7.43,540.5
Darbhanga,Bilaspur,train,328,8.47,591.8
Satara,Mumbai,train,138,3.3,194.8
Satara,Delhi,flight,5040,2.52,1266.2
Satara,Bengaluru,train,393,12.2,650.5
Satara,Kolkata,flight,5812,3.08,1594.9
Satara,Chennai,flight,3370,1.1,844.9
Satara,Hyderabad,flight,2525,0.71,477.5
Satara,Pune,train,88,1.14,94.6
Satara,Ahmedabad,train,372,7.73,612.3
Satara,Jaipur,flight,4362,2.12,1043.0
Satara,Surat,train,254,4.83,406.8
Satara,Lucknow,flight,5165,1.69,1244.6
Satara,Kanpur,train,632,22.29,1173.2
Satara,Nagpur,train,398,9.75,658.7
Satara,Indore,train,375,10.55,593.2
Satara,Thane,train,141,3.15,201.8
Satara,Bhopal,train,367,8.89,715.3
Satara,Bhopal,flight,3091,1.31,715.3
Satara,Visakhapatnam,train,513,12.57,977.2
Satara,Pimpri-Chinchwad,train,111,1.82,107.6
Satara,Patna,flight,5315,2.22,1448.3
Satara,Vadodara,train,324,6.16,521.5
Satara,Ghaziabad,flight,4483,1.89,1271.9
Satara,Ludhiana,flight,4727,3.05,1482.1
Satara,Agra,flight,4184,1.7,1133.5
Satara,Nashik,train,175,5.31,258.6
Satara,Faridabad,flight,4978,2.15,1240.3
Satara,Meerut,flight,5385,2.32,1312.6
Satara,Rajkot,train,346,11.46,612.7
Satara,Kalyan,train,159,3.99,195.8
Satara,Vasai-Virar,train,155,4.09,225.8
Satara,Varanasi,flight,4564,1.63,1257.9
Satara,Srinagar,flight,6367,2.62,1825.8
Satara,Dhanbad,flight,4772,2.88,1460.2
Satara,Jodhpur,flight,3435,1.47,956.9
Satara,Amritsar,flight,5798,2.52,1554.1
Satara,Nanded,train,247,6.66,387.4
Satara,Gwalior,train,598,16.14,1042.9
Satara,Gwalior,flight,4440,1.65,1042.9
Satara,Kolhapur,train,111,1.41,111.7
Satara,Bhubaneswar,flight,4858,1.94,1277.2
Satara,Solapur,train,154,2.39,202.7
Satara,Solapur,flight,1508,0.39,202.7
Satara,Mangalore,train,301,7.55,538.0
Satara,Tiruchirappalli,flight,3456,1.22,918.9
Satara,BiharSharif,flight,5831,2.0,1455.5
Satara,Aligarh,flight,4261,1.95,1210.9
Satara,Tirunelveli,flight,3712,1.44,1076.8
Satara,Bhiwandi,train,161,3.22,203.6
Satara,Saharanpur,flight,5591,2.28,1412.6
Satara,Gorakhpur,flight,4563,2.51,1395.9
Satara,Jalandhar,flight,5622,2.68,1525.7
Satara,Jamshedpur,flight,5098,2.95,1394.6
Satara,Salem,flight,3022,1.04,804.2
Satara,Warangal,train,333,9.14,593.7
Satara,Mira-Bhayandar,train,159,3.17,214.6
Satara,Thiruvananthapuram,train,529,14.9,1066.7
Satara,Thiruvananthapuram,flight,3957,2.25,1066.7
Satara,Bhilai,train,494,17.47,871.8
Satara,Bhilai,flight,3151,1.16,871.8
Satara,Ujjain,train,356,12.6,639.3
Satara,Durgapur,flight,5425,2.85,1529.7
Satara,Asansol,flight,5124,3.2,1503.6
Satara,Rourkela,flight,4389,2.17,1243.5
Satara,Nellore,train,398,10.07,734.5
Satara,Nellore,flight,2995,1.2,734.5
Satara,Dehradun,flight,5064,2.25,1463.4
Satara,Davanagere,train,235,5.57,412.6
Satara,Kozhikode,train,444,11.53,739.4
Satara,Kozhikode,flight,3340,1.59,739.4
Satara,Akola,flight,1990,0.7,461.4
Satara,Kurnool,train,294,6.0,477.3
Satara,Kurnool,flight,2300,1.04,477.3
Satara,Nizamabad,flight,2290,0.82,447.1
Satara,Guntur,train,380,10.42,701.9
Satara,Amravati,train,333,6.73,536.5
Satara,Kakinada,flight,3423,1.25,879.4
Satara,Tirupati,train,384,13.94,735.0
Satara,Puri,flight,4640,1.59,1268.5
Satara,Shimoga,train,275,5.25,449.7
Satara,Ongole,train,380,11.29,689.1
Satara,Bathinda,flight,4793,2.17,1396.7
Satara,Darbhanga,flight,5794,2.35,1545.9
Satara,Proddatur,flight,2503,0.81,585.5
Satara,Kollam,flight,4408,1.58,1017.3
Satara,Ambala,flight,5529,2.44,1439.8
Satara,Siliguri,flight,6966,2.32,1791.1
Satara,Rohtak,flight,4232,2.39,1275.2
Satara,Etawah,train,585,16.52,1136.4
Satara,Orai,flight,4053,1.98,1082.4
Satara,Haldwani,flight,5201,2.47,1400.5
Satara,Muzaffarpur,flight,5372,1.94,1503.0
Satara,Ramagundam,train,362,9.22,600.1
Satara,Ramagundam,flight,2432,0.78,600.1
Satara,Baripada,flight,5481,2.1,1414.5
Satara,Tezpur,flight,8263,3.78,2174.1
Satara,Korba,flight,3695,1.56,1052.0
Satara,Nagapattinam,flight,4264,1.63,993.4
Satara,Mahbubnagar,train,255,6.67,436.6
Satara,Buxar,flight,5596,2.14,1368.5
Satara,Sagar,flight,3517,1.07,843.8
Satara,Chittoor,train,428,15.75,738.7
Satara,Chittoor,flight,2743,0.94,738.7
Satara,Arrah,flight,5275,2.06,1407.9
Satara,Bharuch,train,258,5.21,459.1
Satara,Balasore,flight,5516,2.0,1419.5
Satara,Jalgaon,train,241,5.22,405.0
Satara,Palakkad,flight,3555,1.06,818.3
Satara,Unnao,flight,3969,1.49,1189.8
Satara,Bilaspur,flight,3516,1.24,982.0
Proddatur,Mumbai,train,419,9.34,771.6
Proddatur,Delhi,flight,5578,2.54,1558.8
Proddatur,Bengaluru,train,177,4.6,223.0
Proddatur,Bengaluru,flight,1530,0.4,223.0
Proddatur,Kolkata,flight,5414,1.86,1350.2
Proddatur,Chennai,train,179,3.28,262.4
Proddatur,Hyderabad,train,185,5.86,293.1
Proddatur,Pune,train,375,11.02,652.4
Proddatur,Ahmedabad,flight,4073,1.64,1113.9
Proddatur,Jaipur,train,724,24.69,1382.4
Proddatur,Jaipur,flight,4595,2.29,1382.4
Proddatur,Surat,train,524,11.59,935.4
Proddatur,Surat,flight,3476,1.39,935.4
Proddatur,Lucknow,flight,5087,2.23,1367.8
Proddatur,Kanpur,train,660,26.37,1314.1
Proddatur,Kanpur,flight,4447,1.97,1314.1
Proddatur,Nagpur,train,404,11.69,713.5
Proddatur,Indore,flight,3959,1.82,930.3
Proddatur,Thane,train,455,9.27,773.1
Proddatur,Bhopal,train,508,13.23,953.8
Proddatur,Visakhapatnam,train,346,8.56,595.8
Proddatur,Pimpri-Chinchwad,flight,2631,1.04,664.8
Proddatur,Patna,flight,4580,2.02,1387.3
Proddatur,Vadodara,flight,3759,1.3,1012.9
Proddatur,Ghaziabad,flight,5649,2.47,1551.9
Proddatur,Ludhiana,flight,7111,2.81,1816.8
Proddatur,Agra,flight,5121,2.28,1382.9
Proddatur,Nashik,train,412,11.29,771.6
Proddatur,Nashik,flight,2871,0.99,771.6
Proddatur,Faridabad,flight,5904,1.95,1524.1
Proddatur,Meerut,flight,5470,2.58,1585.2
Proddatur,Rajkot,flight,4098,2.6,1171.1
Proddatur,Kalyan,train,428,11.62,762.3
Proddatur,Vasai-Virar,flight,3441,1.38,796.5
Proddatur,Varanasi,flight,4284,2.21,1262.3
Proddatur,Srinagar,flight,7488,3.27,2182.6
Proddatur,Dhanbad,flight,4456,1.63,1301.5
Proddatur,Jodhpur,flight,4805,2.82,1400.6
Proddatur,Amritsar,flight,6704,3.92,1914.3
Proddatur,Nanded,train,296,8.65,506.8
Proddatur,Gwalior,flight,4519,2.75,1275.8
Proddatur,Kolhapur,train,294,7.24,509.5
Proddatur,Bhubaneswar,flight,4223,2.09,987.2
Proddatur,Solapur,train,279,5.83,429.4
Proddatur,Mangalore,train,266,6.87,448.0
Proddatur,Tiruchirappalli,train,285,5.0,440.6
Proddatur,BiharSharif,flight,5489,2.65,1370.6
Proddatur,Aligarh,flight,5337,2.29,1462.7
Proddatur,Tirunelveli,train,378,13.31,676.7
Proddatur,Bhiwandi,train,420,9.88,771.0
Proddatur,Saharanpur,flight,6668,3.62,1694.8
Proddatur,Gorakhpur,flight,5807,1.79,1426.1
Proddatur,Jalandhar,flight,6558,2.93,1867.8
Proddatur,Jamshedpur,flight,4297,1.63,1204.0
Proddatur,Salem,train,217,4.11,345.9
Proddatur,Warangal,train,258,6.69,374.9
Proddatur,Mira-Bhayandar,train,449,16.64,787.5
Proddatur,Mira-Bhayandar,flight,2885,1.63,787.5
Proddatur,Thiruvananthapuram,train,440,9.47,714.2
Proddatur,Thiruvananthapuram,flight,2737,1.33,714.2
Proddatur,Bhilai,flight,3304,1.61,778.2
Proddatur,Ujjain,flight,4136,1.85,981.3
Proddatur,Durgapur,flight,5049,1.94,1340.1
Proddatur,Asansol,flight,4826,1.83,1328.0
Proddatur,Rourkela,flight,3764,1.34,1066.9
Proddatur,Nellore,train,122,1.87,158.3
Proddatur,Dehradun,flight,5868,2.47,1731.7
Proddatur,Davanagere,train,198,5.27,284.6
Proddatur,Kozhikode,train,272,6.93,490.6
Proddatur,Akola,train,352,13.41,681.6
Proddatur,Kurnool,train,117,2.26,131.9
Proddatur,Nizamabad,train,264,7.15,438.8
Proddatur,Guntur,train,185,3.69,266.1
Proddatur,Guntur,flight,1576,0.45,266.1
Proddatur,Amravati,train,425,9.91,692.6
Proddatur,Amravati,flight,2673,1.01,692.6
Proddatur,Kakinada,train,294,5.81,467.3
Proddatur,Tirupati,train,118,3.22,156.0
Proddatur,Puri,flight,3341,1.88,956.1
Proddatur,Shimoga,train,233,5.14,333.9
Proddatur,Ongole,train,135,2.27,181.6
Proddatur,Bathinda,train,966,24.48,1758.3
Proddatur,Bathinda,flight,5857,2.91,1758.3
Proddatur,Darbhanga,train,867,18.53,1480.0
Proddatur,Darbhanga,flight,5901,2.07,1480.0
Proddatur,Satara,train,373,7.97,585.5
Proddatur,Satara,flight,2339,0.79,585.5
Proddatur,Kollam,train,406,9.24,684.4
Proddatur,Kollam,flight,3010,1.18,684.4
Proddatur,Ambala,flight,5712,2.41,1747.2
Proddatur,Siliguri,flight,6581,2.42,1678.6
Proddatur,Rohtak,flight,5125,2.04,1585.6
Proddatur,Etawah,flight,5378,2.11,1339.2
Proddatur,Orai,flight,4533,1.65,1253.5
Proddatur,Haldwani,flight,5824,2.33,1611.9
Proddatur,Muzaffarpur,train,706,18.89,1450.6
Proddatur,Muzaffarpur,flight,5627,2.29,1450.6
Proddatur,Ramagundam,train,264,7.98,460.3
Proddatur,Ramagundam,flight,2060,0.79,460.3
Proddatur,Baripada,flight,4096,1.72,1175.9
Proddatur,Tezpur,flight,6412,3.14,1983.3
Proddatur,Korba,train,566,12.65,954.5
Proddatur,Korba,flight,3786,1.43,954.5
Proddatur,Nagapattinam,train,254,6.3,464.0
Proddatur,Mahbubnagar,train,164,2.78,229.6
Proddatur,Buxar,flight,5058,1.74,1337.5
Proddatur,Sagar,flight,3615,1.32,1010.8
Proddatur,Chittoor,train,135,2.61,180.5
Proddatur,Arrah,flight,4973,2.08,1360.5
Proddatur,Bharuch,flight,3367,1.65,969.1
Proddatur,Balasore,flight,4143,1.9,1159.7
Proddatur,Jalgaon,train,426,13.9,764.2
Proddatur,Jalgaon,flight,3464,1.28,764.2
Proddatur,Palakkad,train,286,5.43,486.2
Proddatur,Unnao,flight,4808,1.67,1326.0
Proddatur,Bilaspur,flight,3716,1.45,898.5
Kollam,Mumbai,train,654,19.13,1201.7
Kollam,Mumbai,flight,4554,2.65,1201.7
Kollam,Delhi,flight,7530,4.24,2203.5
Kollam,Bengaluru,train,275,6.7,466.0
Kollam,Kolkata,flight,7595,3.73,1971.2
Kollam,Chennai,train,364,8.4,613.4
Kollam,Hyderabad,flight,3457,1.77,965.7
Kollam,Pune,flight,4178,2.38,1111.1
Kollam,Ahmedabad,flight,5355,3.33,1629.1
Kollam,Jaipur,flight,6313,2.77,2005.5
Kollam,Surat,flight,4868,3.11,1424.0
Kollam,Lucknow,flight,7800,3.15,2047.8
Kollam,Kanpur,flight,7146,4.06,1991.2
Kollam,Nagpur,flight,4602,1.89,1388.0
Kollam,Indore,flight,5049,3.06,1539.5
Kollam,Thane,flight,4354,1.83,1213.0
Kollam,Bhopal,flight,5904,2.83,1599.8
Kollam,Visakhapatnam,flight,4061,2.32,1210.7
Kollam,Pimpri-Chinchwad,flight,4245,1.93,1124.4
Kollam,Patna,flight,7581,3.3,2064.1
Kollam,Vadodara,flight,5446,1.93,1536.0
Kollam,Ghaziabad,flight,8335,4.86,2200.7
Kollam,Ludhiana,flight,9006,4.17,2448.4
Kollam,Agra,flight,7595,2.76,2038.3
Kollam,Nashik,flight,4946,2.35,1271.5
Kollam,Faridabad,flight,7467,3.39,2171.3
Kollam,Meerut,flight,8460,4.86,2237.0
Kollam,Rajkot,flight,5846,2.02,1615.2
Kollam,Kalyan,flight,4345,2.13,1210.0
Kollam,Vasai-Virar,flight,4892,2.55,1236.0
Kollam,Varanasi,flight,6794,2.62,1946.3
Kollam,Srinagar,flight,8388,4.53,2807.2
Kollam,Dhanbad,flight,7555,3.5,1958.3
Kollam,Jodhpur,flight,6389,2.66,1965.6
Kollam,Amritsar,flight,7625,3.99,2535.1
Kollam,Nanded,train,588,17.8,1143.4
Kollam,Nanded,flight,4635,1.77,1143.4
Kollam,Gwalior,flight,6399,2.46,1933.6
Kollam,Kolhapur,train,499,12.68,905.7
Kollam,Bhubaneswar,flight,5810,2.14,1608.1
Kollam,Solapur,flight,4163,1.22,977.8
Kollam,Mangalore,flight,2150,0.76,486.6
Kollam,Tiruchirappalli,train,220,5.71,311.4
Kollam,BiharSharif,flight,7414,4.0,2043.5
Kollam,Aligarh,train,1005,25.23,2118.8
Kollam,Aligarh,flight,8122,4.31,2118.8
Kollam,Tirunelveli,train,112,1.77,127.1
Kollam,Bhiwandi,flight,4084,1.98,1217.0
Kollam,Saharanpur,flight,7817,5.02,2345.0
Kollam,Gorakhpur,flight,7803,3.78,2110.4
Kollam,Jalandhar,flight,7940,3.83,2496.7
Kollam,Jamshedpur,flight,6855,3.8,1854.3
Kollam,Salem,train,226,7.24,350.8
Kollam,Warangal,flight,4288,1.67,1059.3
Kollam,Mira-Bhayandar,flight,4450,1.88,1223.8
Kollam,Thiruvananthapuram,train,77,0.72,54.2
Kollam,Bhilai,flight,4766,2.43,1461.6
Kollam,Ujjain,flight,5885,2.75,1591.0
Kollam,Durgapur,flight,7088,4.22,1985.2
Kollam,Asansol,flight,7641,2.86,1978.5
Kollam,Rourkela,flight,6763,3.58,1727.3
Kollam,Nellore,train,424,8.95,718.0
Kollam,Dehradun,flight,7587,4.39,2386.7
Kollam,Davanagere,train,365,9.68,624.1
Kollam,Kozhikode,train,187,5.46,278.4
Kollam,Kozhikode,flight,1549,0.42,278.4
Kollam,Akola,flight,4280,2.7,1313.6
Kollam,Kurnool,train,467,16.3,786.4
Kollam,Kurnool,flight,3039,0.99,786.4
Kollam,Nizamabad,train,555,12.76,1099.0
Kollam,Guntur,flight,3330,1.99,922.7
Kollam,Amravati,flight,4393,2.23,1344.6
Kollam,Kakinada,train,638,18.45,1087.4
Kollam,Tirupati,train,360,10.97,608.9
Kollam,Puri,flight,5270,2.57,1567.4
Kollam,Shimoga,train,365,7.49,571.5
Kollam,Ongole,train,476,11.29,824.6
Kollam,Ongole,flight,3122,1.3,824.6
Kollam,Bathinda,flight,7279,3.71,2376.8
Kollam,Darbhanga,flight,7447,3.35,2154.5
Kollam,Satara,train,522,13.17,1017.3
Kollam,Satara,flight,3940,1.98,1017.3
Kollam,Proddatur,train,376,7.97,684.4
Kollam,Ambala,flight,8021,4.09,2389.1
Kollam,Siliguri,flight,8179,3.46,2339.1
Kollam,Rohtak,flight,8133,4.32,2224.2
Kollam,Etawah,flight,6235,2.96,2005.5
Kollam,Orai,flight,7518,2.94,1924.8
Kollam,Haldwani,flight,7774,3.71,2280.3
Kollam,Muzaffarpur,flight,8069,3.18,2127.7
Kollam,Ramagundam,train,587,14.98,1143.8
Kollam,Ramagundam,flight,4680,1.66,1143.8
Kollam,Baripada,flight,6915,2.43,1808.8
Kollam,Tezpur,flight,8440,4.14,2608.0
Kollam,Korba,train,896,18.17,1634.2
Kollam,Korba,flight,6056,2.68,1634.2
Kollam,Nagapattinam,flight,2059,0.61,410.7
Kollam,Mahbubnagar,train,477,15.43,885.3
Kollam,Buxar,flight,7476,3.02,2018.6
Kollam,Sagar,flight,5355,3.26,1677.1
Kollam,Chittoor,train,312,7.84,552.0
Kollam,Arrah,flight,7012,3.6,2039.5
Kollam,Bharuch,flight,5911,3.12,1475.7
Kollam,Balasore,flight,6861,2.36,1783.7
Kollam,Jalgaon,flight,4950,2.18,1351.8
Kollam,Palakkad,train,149,2.5,210.6
Kollam,Unnao,flight,6379,4.28,2003.9
Kollam,Bilaspur,flight,6024,2.58,1580.7
Ambala,Mumbai,flight,4547,1.86,1316.7
Ambala,Delhi,train,158,2.61,188.8
Ambala,Bengaluru,flight,6808,2.64,1937.3
Ambala,Kolkata,flight,5873,2.01,1441.9
Ambala,Chennai,flight,7347,2.55,1956.4
Ambala,Hyderabad,flight,5395,2.25,1455.1
Ambala,Pune,flight,5049,2.15,1351.1
Ambala,Ahmedabad,train,477,13.8,918.2
Ambala,Ahmedabad,flight,3810,1.54,918.2
Ambala,Jaipur,train,265,5.31,397.3
Ambala,Jaipur,flight,2240,0.54,397.3
Ambala,Surat,flight,4441,1.41,1097.2
Ambala,Lucknow,train,357,7.96,565.5
Ambala,Kanpur,train,297,6.41,558.2
Ambala,Nagpur,flight,4374,2.3,1052.3
Ambala,Indore,train,515,16.49,856.5
Ambala,Indore,flight,3632,1.66,856.5
Ambala,Thane,flight,5315,2.27,1298.5
Ambala,Bhopal,train,418,12.74,794.0
Ambala,Visakhapatnam,flight,5159,2.7,1554.6
Ambala,Pimpri-Chinchwad,flight,5479,1.92,1340.4
Ambala,Patna,flight,3361,1.86,977.8
Ambala,Vadodara,train,546,19.09,966.1
Ambala,Vadodara,flight,3579,1.84,966.1
Ambala,Ghaziabad,train,153,3.02,201.0
Ambala,Ghaziabad,flight,1543,0.3,201.0
Ambala,Ludhiana,train,112,1.55,105.4
Ambala,Ludhiana,flight,1106,0.19,105.4
Ambala,Agra,train,217,5.19,375.7
Ambala,Agra,flight,1816,0.59,375.7
Ambala,Nashik,flight,4149,1.9,1192.6
Ambala,Faridabad,train,148,4.37,225.2
Ambala,Faridabad,flight,1665,0.3,225.2
Ambala,Meerut,train,153,2.19,179.1
Ambala,Rajkot,flight,4420,1.58,1076.8
Ambala,Kalyan,flight,5338,1.85,1291.9
Ambala,Vasai-Virar,flight,5027,1.7,1284.3
Ambala,Varanasi,train,439,13.73,829.1
Ambala,Varanasi,flight,3371,1.79,829.1
Ambala,Srinagar,train,259,5.94,452.1
Ambala,Dhanbad,flight,4516,2.01,1202.9
Ambala,Jodhpur,train,327,12.93,588.8
Ambala,Amritsar,train,155,4.55,229.0
Ambala,Nanded,flight,4459,2.73,1249.3
Ambala,Gwalior,train,297,5.88,482.6
Ambala,Kolhapur,flight,5709,1.96,1542.1
Ambala,Bhubaneswar,flight,4868,2.03,1442.1
Ambala,Solapur,flight,4758,1.99,1417.0
Ambala,Mangalore,flight,7026,2.86,1951.9
Ambala,Tiruchirappalli,flight,7261,3.11,2187.2
Ambala,BiharSharif,train,611,16.88,1034.3
Ambala,BiharSharif,flight,3730,1.74,1034.3
Ambala,Aligarh,train,190,5.29,303.8
Ambala,Tirunelveli,flight,9153,3.91,2411.1
Ambala,Bhiwandi,train,668,28.45,1289.2
Ambala,Bhiwandi,flight,4246,1.8,1289.2
Ambala,Saharanpur,train,89,1.27,87.2
Ambala,Gorakhpur,train,458,11.61,759.2
Ambala,Jalandhar,train,130,1.82,155.7
Ambala,Jamshedpur,flight,4742,2.77,1259.0
Ambala,Salem,flight,7599,3.83,2085.7
Ambala,Warangal,flight,4750,1.89,1409.0
Ambala,Mira-Bhayandar,flight,4761,1.95,1295.7
Ambala,Thiruvananthapuram,flight,9068,3.26,2430.1
Ambala,Bhilai,flight,4717,1.78,1122.4
Ambala,Ujjain,flight,3535,1.17,806.5
Ambala,Durgapur,flight,5030,1.72,1291.9
Ambala,Asansol,flight,5065,2.54,1252.2
Ambala,Rourkela,flight,4759,2.52,1208.6
Ambala,Nellore,flight,6132,3.12,1802.1
Ambala,Dehradun,train,119,1.46,120.7
Ambala,Davanagere,flight,5862,2.43,1771.7
Ambala,Kozhikode,train,1158,36.99,2128.5
Ambala,Akola,train,589,15.54,1076.3
Ambala,Kurnool,flight,5128,2.56,1623.0
Ambala,Nizamabad,flight,4271,1.79,1308.4
Ambala,Guntur,flight,5831,2.13,1608.3
Ambala,Amravati,flight,4480,2.15,1054.8
Ambala,Kakinada,flight,5134,2.23,1588.9
Ambala,Tirupati,flight,7374,2.82,1882.1
Ambala,Puri,flight,4995,2.3,1485.6
Ambala,Shimoga,flight,6478,3.92,1833.2
Ambala,Ongole,flight,5596,3.74,1687.1
Ambala,Bathinda,train,128,2.26,176.8
Ambala,Darbhanga,train,553,11.41,1008.2
Ambala,Satara,flight,5237,2.37,1439.8
Ambala,Proddatur,flight,5729,2.48,1747.2
Ambala,Kollam,flight,7772,3.73,2389.1
Ambala,Siliguri,flight,5000,1.99,1208.3
Ambala,Rohtak,train,136,2.6,165.7
Ambala,Etawah,flight,2397,0.82,455.3
Ambala,Orai,train,332,6.5,554.1
Ambala,Haldwani,train,187,3.84,293.8
Ambala,Muzaffarpur,flight,4026,1.6,966.9
Ambala,Ramagundam,train,778,27.11,1320.3
Ambala,Ramagundam,flight,4881,2.01,1320.3
Ambala,Baripada,flight,4465,2.62,1368.0
Ambala,Tezpur,flight,5411,2.31,1617.1
Ambala,Korba,train,610,12.76,1071.8
Ambala,Korba,flight,3794,1.77,1071.8
Ambala,Nagapattinam,flight,8227,4.7,2203.0
Ambala,Mahbubnagar,flight,5735,3.06,1521.2
Ambala,Buxar,train,458,12.71,901.7
Ambala,Sagar,train,437,8.67,752.6
Ambala,Sagar,flight,2879,1.61,752.6
Ambala,Chittoor,flight,6663,3.2,1923.1
Ambala,Arrah,train,507,11.95,941.6
Ambala,Bharuch,train,587,18.96,1034.8
Ambala,Bharuch,flight,4114,1.76,1034.8
Ambala,Balasore,flight,4582,1.78,1415.6
Ambala,Jalgaon,flight,3952,1.78,1049.0
Ambala,Palakkad,flight,6726,3.12,2178.5
Ambala,Unnao,train,363,6.72,560.1
Ambala,Unnao,flight,2756,0.76,560.1
Ambala,Bilaspur,flight,4046,2.3,1066.2
Siliguri,Mumbai,flight,6462,3.74,1802.7
Siliguri,Delhi,flight,4390,2.16,1136.3
Siliguri,Bengaluru,flight,6544,2.85,1899.5
Siliguri,Kolkata,train,260,5.87,459.9
Siliguri,Chennai,flight,6072,2.33,1737.3
Siliguri,Hyderabad,flight,5824,2.67,1456.3
Siliguri,Pune,train,962,22.23,1748.8
Siliguri,Ahmedabad,flight,5535,2.17,1650.1
Siliguri,Jaipur,flight,4533,1.89,1254.2
Siliguri,Surat,train,855,31.99,1698.9
Siliguri,Surat,flight,5930,3.19,1698.9
Siliguri,Lucknow,train,416,12.12,742.8
Siliguri,Kanpur,flight,3310,1.07,805.5
Siliguri,Nagpur,flight,3958,2.22,1132.4
Siliguri,Indore,flight,5364,2.26,1344.2
Siliguri,Thane,flight,5676,2.81,1785.5
Siliguri,Bhopal,train,590,20.5,1174.0
Siliguri,Visakhapatnam,train,584,12.79,1137.1
Siliguri,Pimpri-Chinchwad,flight,6085,2.65,1747.1
Siliguri,Patna,train,207,6.62,351.0
Siliguri,Vadodara,flight,5506,2.1,1617.1
Siliguri,Ghaziabad,train,579,12.26,1101.9
Siliguri,Ghaziabad,flight,4075,1.66,1101.9
Siliguri,Ludhiana,flight,4322,1.9,1309.5
Siliguri,Agra,train,533,11.95,1033.9
Siliguri,Agra,flight,4424,1.74,1033.9
Siliguri,Nashik,flight,5809,2.74,1668.5
Siliguri,Faridabad,train,638,16.86,1111.0
Siliguri,Faridabad,flight,3823,1.65,1111.0
Siliguri,Meerut,flight,3917,1.68,1083.6
Siliguri,Rajkot,flight,6375,2.33,1847.5
Siliguri,Kalyan,flight,6310,2.32,1770.6
Siliguri,Vasai-Virar,flight,5689,2.5,1788.4
Siliguri,Varanasi,train,345,6.8,566.5
Siliguri,Srinagar,flight,6101,3.27,1541.0
Siliguri,Dhanbad,train,225,4.86,381.1
Siliguri,Jodhpur,flight,5199,3.23,1533.2
Siliguri,Amritsar,flight,5298,2.02,1424.1
Siliguri,Nanded,flight,5126,2.86,1412.8
Siliguri,Gwalior,train,542,13.43,1021.0
Siliguri,Kolhapur,flight,5840,2.66,1837.1
Siliguri,Bhubaneswar,train,430,11.81,760.8
Siliguri,Solapur,flight,6546,3.42,1633.5
Siliguri,Mangalore,flight,6369,3.53,2086.6
Siliguri,Tiruchirappalli,flight,7527,2.99,2042.5
Siliguri,BiharSharif,train,197,4.89,335.7
Siliguri,Aligarh,flight,4288,1.5,1029.9
Siliguri,Tirunelveli,flight,7094,3.3,2295.1
Siliguri,Bhiwandi,flight,6423,2.25,1774.4
Siliguri,Saharanpur,flight,4449,1.55,1124.2
Siliguri,Gorakhpur,train,305,6.68,502.0
Siliguri,Jalandhar,flight,4885,1.83,1349.9
Siliguri,Jamshedpur,train,277,6.99,488.8
Siliguri,Jamshedpur,flight,2446,0.66,488.8
Siliguri,Salem,flight,7168,2.79,1988.7
Siliguri,Warangal,flight,5196,1.67,1329.4
Siliguri,Mira-Bhayandar,flight,6547,3.47,1793.3
Siliguri,Thiruvananthapuram,flight,8961,3.05,2356.9
Siliguri,Bhilai,train,507,19.11,938.8
Siliguri,Bhilai,flight,3635,1.6,938.8
Siliguri,Ujjain,flight,5137,1.73,1333.0
Siliguri,Durgapur,train,259,6.72,371.9
Siliguri,Asansol,train,227,4.11,367.5
Siliguri,Asansol,flight,2137,0.56,367.5
Siliguri,Rourkela,train,378,10.13,612.7
Siliguri,Nellore,flight,5491,2.49,1621.2
Siliguri,Dehradun,flight,4057,1.38,1091.5
Siliguri,Davanagere,flight,6914,3.0,1881.1
Siliguri,Kozhikode,flight,7891,3.27,2169.0
Siliguri,Akola,flight,4768,2.36,1340.1
Siliguri,Kurnool,flight,5840,3.42,1617.9
Siliguri,Nizamabad,flight,5334,2.78,1385.3
Siliguri,Guntur,flight,4697,1.82,1420.7
Siliguri,Amravati,flight,4720,2.43,1259.3
Siliguri,Kakinada,flight,4994,1.69,1254.4
Siliguri,Tirupati,flight,6286,3.78,1730.3
Siliguri,Puri,train,420,15.23,811.2
Siliguri,Shimoga,flight,7129,4.24,1950.8
Siliguri,Ongole,flight,5639,2.7,1517.7
Siliguri,Bathinda,flight,5018,2.64,1373.3
Siliguri,Darbhanga,train,167,3.56,259.9
Siliguri,Satara,flight,6927,3.09,1791.1
Siliguri,Proddatur,flight,5560,3.65,1678.6
Siliguri,Kollam,flight,7243,3.4,2339.1
Siliguri,Ambala,flight,4173,1.63,1208.3
Siliguri,Rohtak,flight,4970,1.75,1187.3
Siliguri,Etawah,flight,3324,1.24,934.5
Siliguri,Orai,flight,3725,1.33,897.0
Siliguri,Haldwani,flight,3620,1.23,918.7
Siliguri,Muzaffarpur,train,203,5.39,309.5
Siliguri,Ramagundam,flight,4971,2.42,1266.2
Siliguri,Baripada,train,308,8.01,559.0
Siliguri,Baripada,flight,2427,1.21,559.0
Siliguri,Tezpur,train,272,5.25,433.7
Siliguri,Tezpur,flight,1956,0.58,433.7
Siliguri,Korba,train,420,10.36,750.8
Siliguri,Korba,flight,2962,1.21,750.8
Siliguri,Nagapattinam,flight,7378,3.19,1987.6
Siliguri,Mahbubnagar,flight,5252,2.2,1545.0
Siliguri,Buxar,train,261,7.1,443.5
Siliguri,Sagar,flight,3956,1.39,1024.9
Siliguri,Chittoor,flight,6423,2.53,1787.3
Siliguri,Arrah,train,235,5.69,396.4
Siliguri,Arrah,flight,2010,0.87,396.4
Siliguri,Bharuch,flight,6214,3.59,1657.6
Siliguri,Balasore,train,316,6.76,599.8
Siliguri,Jalgaon,flight,4843,2.37,1452.6
Siliguri,Palakkad,flight,7174,3.97,2158.1
Siliguri,Unnao,train,470,13.95,789.8
Siliguri,Bilaspur,flight,2999,1.14,818.6
Rohtak,Mumbai,train,677,13.03,1155.5
Rohtak,Delhi,train,77,0.73,52.8
Rohtak,Bengaluru,flight,6365,3.83,1773.6
Rohtak,Kolkata,flight,5398,2.71,1370.4
Rohtak,Chennai,flight,6793,2.64,1798.6
Rohtak,Hyderabad,flight,4405,1.68,1294.2
Rohtak,Pune,train,695,14.41,1187.0
Rohtak,Ahmedabad,train,402,11.01,767.4
Rohtak,Jaipur,train,158,3.87,234.7
Rohtak,Surat,flight,3632,1.77,939.3
Rohtak,Lucknow,train,279,5.57,483.5
Rohtak,Kanpur,train,299,5.88,456.6
Rohtak,Nagpur,flight,3372,1.55,897.2
Rohtak,Indore,train,433,10.16,690.8
Rohtak,Thane,train,575,16.28,1137.1
Rohtak,Bhopal,train,356,10.98,631.8
Rohtak,Visakhapatnam,flight,5171,2.3,1416.7
Rohtak,Pimpri-Chinchwad,train,590,14.51,1176.5
Rohtak,Patna,flight,3848,1.16,919.5
Rohtak,Vadodara,flight,3435,1.08,809.0
Rohtak,Ghaziabad,train,102,1.47,86.3
Rohtak,Ludhiana,train,151,5.06,234.4
Rohtak,Agra,train,151,2.96,235.5
Rohtak,Nashik,flight,3721,1.32,1029.5
Rohtak,Faridabad,train,97,1.3,88.0
Rohtak,Meerut,train,111,1.68,107.5
Rohtak,Rajkot,train,489,15.53,935.6
Rohtak,Rajkot,flight,3545,1.78,935.6
Rohtak,Kalyan,train,656,19.34,1130.1
Rohtak,Vasai-Virar,flight,4465,2.07,1123.6
Rohtak,Varanasi,train,454,14.56,745.1
Rohtak,Srinagar,train,342,7.08,601.8
Rohtak,Dhanbad,train,586,17.05,1130.6
Rohtak,Dhanbad,flight,4345,1.48,1130.6
Rohtak,Jodhpur,flight,2251,0.61,460.3
Rohtak,Amritsar,train,232,5.67,347.1
Rohtak,Amritsar,flight,1765,0.5,347.1
Rohtak,Nanded,flight,4619,1.57,1085.7
Rohtak,Gwalior,train,204,5.15,335.8
Rohtak,Kolhapur,flight,5272,2.21,1376.9
Rohtak,Bhubaneswar,flight,4595,2.21,1334.1
Rohtak,Solapur,flight,4476,1.65,1251.4
Rohtak,Mangalore,flight,6834,3.87,1786.2
Rohtak,Tiruchirappalli,flight,6694,4.1,2025.0
Rohtak,BiharSharif,flight,3558,1.53,973.2
Rohtak,Aligarh,train,129,3.71,182.5
Rohtak,Tirunelveli,flight,7168,4.27,2247.3
Rohtak,Bhiwandi,flight,3923,1.42,1127.7
Rohtak,Saharanpur,train,120,2.27,149.7
Rohtak,Gorakhpur,train,378,12.38,706.3
Rohtak,Jalandhar,train,203,5.67,287.9
Rohtak,Jamshedpur,train,666,14.67,1174.3
Rohtak,Salem,flight,6975,2.78,1922.7
Rohtak,Warangal,flight,4583,2.32,1252.5
Rohtak,Mira-Bhayandar,train,640,16.11,1134.8
Rohtak,Mira-Bhayandar,flight,4643,1.87,1134.8
Rohtak,Thiruvananthapuram,flight,8243,3.29,2265.5
Rohtak,Bhilai,flight,3704,1.4,984.5
Rohtak,Ujjain,train,361,11.54,640.9
Rohtak,Durgapur,flight,4788,2.28,1223.0
Rohtak,Asansol,train,704,19.75,1182.6
Rohtak,Asansol,flight,4644,1.75,1182.6
Rohtak,Rourkela,train,619,13.88,1107.7
Rohtak,Rourkela,flight,4453,1.93,1107.7
Rohtak,Nellore,flight,6489,2.75,1644.3
Rohtak,Dehradun,train,141,3.41,209.7
Rohtak,Dehradun,flight,1459,0.34,209.7
Rohtak,Davanagere,flight,5173,2.78,1606.2
Rohtak,Kozhikode,flight,7027,3.12,1963.0
Rohtak,Akola,flight,3251,1.76,912.1
Rohtak,Kurnool,flight,4678,2.24,1460.4
Rohtak,Nizamabad,train,575,18.57,1146.7
Rohtak,Nizamabad,flight,4017,1.45,1146.7
Rohtak,Guntur,flight,5694,2.76,1453.6
Rohtak,Amravati,train,470,19.52,892.9
Rohtak,Kakinada,flight,5013,3.12,1443.8
Rohtak,Tirupati,flight,6198,2.9,1722.2
Rohtak,Puri,flight,5390,2.08,1374.7
Rohtak,Shimoga,flight,5509,3.29,1667.5
Rohtak,Ongole,flight,5431,1.99,1530.2
Rohtak,Bathinda,train,168,2.53,217.3
Rohtak,Darbhanga,train,530,12.84,964.6
Rohtak,Satara,flight,4641,1.61,1275.2
Rohtak,Proddatur,flight,5311,3.23,1585.6
Rohtak,Kollam,flight,8079,3.38,2224.2
Rohtak,Ambala,train,145,3.33,165.7
Rohtak,Siliguri,flight,4661,2.1,1187.3
Rohtak,Etawah,train,199,5.14,333.3
Rohtak,Etawah,flight,1737,0.67,333.3
Rohtak,Orai,train,265,5.49,428.4
Rohtak,Haldwani,train,182,3.56,284.7
Rohtak,Muzaffarpur,train,520,12.49,919.2
Rohtak,Ramagundam,flight,4476,1.88,1164.5
Rohtak,Baripada,flight,5179,2.22,1279.2
Rohtak,Tezpur,flight,6190,3.22,1610.5
Rohtak,Korba,flight,4062,1.42,952.5
Rohtak,Nagapattinam,flight,6900,2.95,2043.1
Rohtak,Mahbubnagar,train,742,29.22,1358.7
Rohtak,Mahbubnagar,flight,5020,2.86,1358.7
Rohtak,Buxar,train,426,15.84,834.3
Rohtak,Sagar,train,362,7.96,601.0
Rohtak,Sagar,flight,2466,1.03,601.0
Rohtak,Chittoor,flight,5997,3.06,1762.3
Rohtak,Arrah,train,465,12.34,878.8
Rohtak,Arrah,flight,3944,1.11,878.8
Rohtak,Bharuch,train,531,10.38,877.1
Rohtak,Bharuch,flight,3884,1.9,877.1
Rohtak,Balasore,flight,5271,2.01,1324.5
Rohtak,Jalgaon,flight,3352,1.16,883.4
Rohtak,Palakkad,flight,6750,3.37,2013.6
Rohtak,Unnao,flight,2085,0.91,463.0
Rohtak,Bilaspur,train,472,12.79,939.2
Rohtak,Bilaspur,flight,3990,1.66,939.2
Etawah,Mumbai,train,529,13.61,1062.5
Etawah,Mumbai,flight,3671,2.3,1062.5
Etawah,Delhi,train,205,3.28,284.5
Etawah,Bengaluru,flight,5780,2.5,1543.2
Etawah,Kolkata,train,598,12.15,1053.9
Etawah,Kolkata,flight,3794,1.44,1053.9
Etawah,Chennai,flight,5891,2.31,1529.3
Etawah,Hyderabad,train,579,20.49,1046.7
Etawah,Pune,flight,4243,1.33,1060.2
Etawah,Ahmedabad,train,405,9.39,772.7
Etawah,Jaipur,train,227,4.19,320.5
Etawah,Jaipur,flight,1988,0.46,320.5
Etawah,Surat,flight,3663,1.66,885.5
Etawah,Lucknow,train,140,3.55,191.8
Etawah,Lucknow,flight,1338,0.32,191.8
Etawah,Kanpur,train,116,1.82,136.1
Etawah,Nagpur,train,343,12.31,627.2
Etawah,Indore,train,350,6.42,553.2
Etawah,Thane,flight,3636,1.65,1043.5
Etawah,Bhopal,train,251,8.23,424.0
Etawah,Bhopal,flight,2211,0.62,424.0
Etawah,Visakhapatnam,flight,4588,1.9,1100.1
Etawah,Pimpri-Chinchwad,train,590,20.37,1052.6
Etawah,Patna,train,363,8.2,625.0
Etawah,Patna,flight,2560,1.08,625.0
Etawah,Vadodara,train,409,8.83,771.9
Etawah,Ghaziabad,train,164,4.46,259.8
Etawah,Ghaziabad,flight,1788,0.55,259.8
Etawah,Ludhiana,flight,2489,1.21,551.3
Etawah,Agra,train,94,1.62,108.8
Etawah,Nashik,flight,3219,1.72,923.9
Etawah,Faridabad,train,186,2.96,246.1
Etawah,Meerut,train,175,3.67,276.3
Etawah,Rajkot,flight,4118,2.02,968.3
Etawah,Kalyan,flight,3901,2.07,1032.5
Etawah,Vasai-Virar,flight,4039,1.9,1036.4
Etawah,Varanasi,train,241,4.78,427.8
Etawah,Srinagar,train,537,15.53,906.4
Etawah,Dhanbad,flight,3634,1.23,816.1
Etawah,Jodhpur,train,344,10.34,599.1
Etawah,Amritsar,train,369,8.47,672.4
Etawah,Nanded,flight,3441,1.33,866.2
Etawah,Gwalior,train,93,1.16,104.1
Etawah,Kolhapur,flight,4037,2.15,1224.1
Etawah,Bhubaneswar,train,564,16.85,1000.8
Etawah,Bhubaneswar,flight,4164,1.68,1000.8
Etawah,Solapur,train,550,15.25,1063.8
Etawah,Mangalore,flight,5485,3.35,1602.2
Etawah,Tiruchirappalli,flight,5588,2.28,1778.9
Etawah,BiharSharif,train,349,7.67,673.4
Etawah,Aligarh,train,135,3.11,153.8
Etawah,Tirunelveli,flight,7238,2.81,2013.9
Etawah,Bhiwandi,flight,3732,2.25,1032.7
Etawah,Saharanpur,train,243,5.03,381.5
Etawah,Saharanpur,flight,1993,0.54,381.5
Etawah,Gorakhpur,train,253,4.89,432.6
Etawah,Jalandhar,train,335,7.12,605.4
Etawah,Jamshedpur,flight,3034,1.3,849.7
Etawah,Salem,flight,5625,2.13,1683.9
Etawah,Warangal,train,548,17.21,982.2
Etawah,Mira-Bhayandar,flight,3809,1.39,1045.5
Etawah,Thiruvananthapuram,flight,7467,3.54,2042.4
Etawah,Bhilai,train,362,13.82,668.6
Etawah,Ujjain,train,328,6.49,516.5
Etawah,Durgapur,flight,3457,1.67,910.3
Etawah,Asansol,flight,3236,1.23,869.8
Etawah,Rourkela,train,445,13.06,775.7
Etawah,Nellore,flight,5253,2.54,1376.2
Etawah,Dehradun,train,253,6.73,404.2
Etawah,Davanagere,flight,5728,1.81,1407.2
Etawah,Kozhikode,flight,6041,3.09,1759.4
Etawah,Akola,train,372,9.47,706.8
Etawah,Kurnool,flight,4111,2.26,1222.6
Etawah,Nizamabad,flight,3430,1.56,907.1
Etawah,Guntur,train,636,13.41,1174.4
Etawah,Guntur,flight,4492,1.53,1174.4
Etawah,Amravati,flight,2567,0.98,662.8
Etawah,Kakinada,train,629,20.85,1139.1
Etawah,Tirupati,flight,5886,2.15,1463.6
Etawah,Puri,train,561,14.75,1041.4
Etawah,Shimoga,flight,5684,3.02,1473.7
Etawah,Ongole,flight,4353,1.82,1258.8
Etawah,Bathinda,train,349,11.62,550.6
Etawah,Darbhanga,train,379,13.64,688.0
Etawah,Satara,train,665,20.51,1136.4
Etawah,Proddatur,flight,4635,1.82,1339.2
Etawah,Kollam,flight,7560,2.58,2005.5
Etawah,Ambala,flight,2086,0.69,455.3
Etawah,Siliguri,train,489,14.2,934.5
Etawah,Siliguri,flight,3903,1.27,934.5
Etawah,Rohtak,train,202,4.55,333.3
Etawah,Orai,train,99,1.32,98.9
Etawah,Haldwani,train,172,4.57,274.9
Etawah,Haldwani,flight,1630,0.37,274.9
Etawah,Muzaffarpur,train,396,11.28,638.9
Etawah,Muzaffarpur,flight,3093,0.89,638.9
Etawah,Ramagundam,flight,3448,1.76,892.4
Etawah,Baripada,train,503,10.74,951.6
Etawah,Tezpur,flight,4518,3.0,1367.8
Etawah,Korba,train,364,7.16,620.6
Etawah,Nagapattinam,flight,6277,3.5,1782.8
Etawah,Mahbubnagar,flight,4190,2.18,1121.8
Etawah,Buxar,train,298,6.27,532.1
Etawah,Sagar,train,232,3.77,328.9
Etawah,Chittoor,flight,6046,2.0,1508.8
Etawah,Arrah,train,365,7.83,580.3
Etawah,Bharuch,flight,3533,1.77,829.9
Etawah,Balasore,train,587,18.17,995.6
Etawah,Balasore,flight,3439,1.95,995.6
Etawah,Jalgaon,train,449,8.87,732.0
Etawah,Palakkad,flight,5964,3.85,1796.1
Etawah,Unnao,train,115,2.09,148.6
Etawah,Bilaspur,train,347,9.46,611.4
Orai,Mumbai,train,510,18.73,1023.4
Orai,Delhi,train,248,7.06,381.1
Orai,Bengaluru,flight,4859,1.98,1460.7
Orai,Kolkata,train,581,18.84,978.9
Orai,Kolkata,flight,3721,1.47,978.9
Orai,Chennai,flight,5237,2.37,1437.8
Orai,Hyderabad,train,541,17.15,962.2
Orai,Hyderabad,flight,4135,1.61,962.2
Orai,Pune,flight,3998,1.33,1010.8
Orai,Ahmedabad,train,420,8.79,771.0
Orai,Jaipur,train,238,5.79,379.7
Orai,Surat,train,485,11.5,862.1
Orai,Surat,flight,3566,1.51,862.1
Orai,Lucknow,train,146,3.48,176.0
Orai,Kanpur,train,110,1.49,100.9
Orai,Nagpur,train,296,8.83,540.1
Orai,Indore,train,331,5.75,515.2
Orai,Indore,flight,2513,1.13,515.2
Orai,Thane,flight,4149,1.26,1004.5
Orai,Bhopal,train,234,4.14,367.5
Orai,Visakhapatnam,train,597,12.38,1001.4
Orai,Visakhapatnam,flight,3876,1.29,1001.4
Orai,Pimpri-Chinchwad,train,521,12.6,1004.1
Orai,Patna,train,359,10.96,570.1
Orai,Vadodara,train,397,12.33,757.2
Orai,Ghaziabad,train,210,4.81,357.7
Orai,Ludhiana,train,401,7.58,649.6
Orai,Agra,train,161,4.06,195.5
Orai,Nashik,train,528,13.0,883.4
Orai,Nashik,flight,3112,1.41,883.4
Orai,Faridabad,train,204,4.35,342.3
Orai,Faridabad,flight,2048,0.71,342.3
Orai,Meerut,train,261,4.67,375.1
Orai,Rajkot,flight,3708,1.51,969.0
Orai,Kalyan,flight,3446,2.06,992.5
Orai,Vasai-Virar,train,528,13.38,999.5
Orai,Varanasi,train,233,5.84,360.1
Orai,Varanasi,flight,1947,0.53,360.1
Orai,Srinagar,train,538,11.39,1005.2
Orai,Srinagar,flight,4158,1.48,1005.2
Orai,Dhanbad,train,425,15.0,744.1
Orai,Dhanbad,flight,3107,1.01,744.1
Orai,Jodhpur,train,363,7.15,643.1
Orai,Amritsar,train,397,10.99,770.2
Orai,Nanded,train,407,10.62,791.3
Orai,Gwalior,train,108,2.08,130.0
Orai,Kolhapur,train,575,20.86,1164.9
Orai,Bhubaneswar,train,487,17.82,907.7
Orai,Bhubaneswar,flight,3889,1.52,907.7
Orai,Solapur,train,523,14.14,996.2
Orai,Solapur,flight,3851,2.2,996.2
Orai,Mangalore,flight,5942,2.21,1531.6
Orai,Tiruchirappalli,flight,6698,3.67,1692.1
Orai,BiharSharif,train,345,12.7,613.9
Orai,Aligarh,train,176,2.92,251.8
Orai,Tirunelveli,flight,6229,2.59,1929.5
Orai,Bhiwandi,train,517,12.36,993.4
Orai,Bhiwandi,flight,4203,1.64,993.4
Orai,Saharanpur,train,291,5.76,480.0
Orai,Gorakhpur,train,255,5.86,399.1
Orai,Jalandhar,train,362,7.94,703.8
Orai,Jamshedpur,flight,3467,1.3,769.1
Orai,Salem,train,845,19.47,1599.0
Orai,Salem,flight,6206,2.7,1599.0
Orai,Warangal,train,457,13.18,892.1
Orai,Mira-Bhayandar,train,546,18.56,1007.8
Orai,Mira-Bhayandar,flight,4020,1.66,1007.8
Orai,Thiruvananthapuram,flight,6732,2.77,1960.4
Orai,Bhilai,train,359,8.31,570.2
Orai,Ujjain,train,308,6.33,485.5
Orai,Ujjain,flight,2275,0.99,485.5
Orai,Durgapur,train,460,15.69,838.9
Orai,Durgapur,flight,3656,1.31,838.9
Orai,Asansol,train,477,11.97,798.6
Orai,Asansol,flight,2994,1.0,798.6
Orai,Rourkela,train,373,14.36,686.7
Orai,Nellore,flight,4629,2.06,1285.3
Orai,Dehradun,train,300,6.57,500.9
Orai,Davanagere,flight,4819,2.02,1333.5
Orai,Kozhikode,flight,5575,2.29,1683.1
Orai,Akola,train,400,7.5,639.3
Orai,Kurnool,flight,4770,1.93,1139.6
Orai,Nizamabad,train,440,11.98,825.8
Orai,Nizamabad,flight,3258,1.64,825.8
Orai,Guntur,train,591,22.64,1081.6
Orai,Guntur,flight,4279,1.62,1081.6
Orai,Amravati,train,355,6.6,588.1
Orai,Kakinada,train,628,14.46,1041.6
Orai,Tirupati,flight,5467,2.63,1374.6
Orai,Puri,flight,3304,1.77,947.1
Orai,Shimoga,train,800,18.7,1401.1
Orai,Shimoga,flight,5290,1.87,1401.1
Orai,Ongole,flight,4093,1.58,1167.5
Orai,Bathinda,flight,2902,1.22,645.0
Orai,Darbhanga,train,400,9.33,642.6
Orai,Satara,train,534,22.01,1082.4
Orai,Satara,flight,3876,2.31,1082.4
Orai,Proddatur,flight,4454,1.59,1253.5
Orai,Kollam,flight,6021,4.05,1924.8
Orai,Ambala,train,336,7.04,554.1
Orai,Ambala,flight,2453,0.97,554.1
Orai,Siliguri,flight,3278,1.41,897.0
Orai,Rohtak,train,252,7.62,428.4
Orai,Etawah,train,105,1.55,98.9
Orai,Haldwani,train,246,5.48,359.0
Orai,Muzaffarpur,train,373,9.04,592.5
Orai,Ramagundam,train,465,9.43,802.4
Orai,Baripada,flight,3257,1.13,867.7
Orai,Tezpur,flight,4603,2.32,1330.3
Orai,Korba,flight,2350,0.67,524.1
Orai,Nagapattinam,flight,5811,2.35,1692.7
Orai,Mahbubnagar,flight,3616,1.93,1039.7
Orai,Buxar,train,301,9.56,474.1
Orai,Sagar,train,172,3.18,250.1
Orai,Chittoor,flight,5047,2.88,1420.9
Orai,Arrah,train,307,10.03,523.7
Orai,Bharuch,flight,3610,1.39,810.1
Orai,Balasore,flight,3895,1.16,910.1
Orai,Jalgaon,train,417,8.82,681.8
Orai,Palakkad,flight,5917,2.33,1716.1
Orai,Unnao,train,115,1.32,118.9
Orai,Bilaspur,train,294,8.66,513.0
Haldwani,Mumbai,flight,4324,2.1,1312.7
Haldwani,Delhi,train,180,3.76,241.4
Haldwani,Bengaluru,flight,6806,3.65,1817.4
Haldwani,Kolkata,flight,4222,1.79,1152.5
Haldwani,Chennai,flight,6655,2.51,1796.0
Haldwani,Hyderabad,flight,4633,1.65,1320.0
Haldwani,Pune,flight,4442,1.77,1320.7
Haldwani,Ahmedabad,train,504,11.11,976.8
Haldwani,Ahmedabad,flight,3671,1.74,976.8
Haldwani,Jaipur,flight,2222,0.72,446.5
Haldwani,Surat,train,591,16.35,1118.7
Haldwani,Lucknow,train,201,3.77,298.9
Haldwani,Lucknow,flight,1738,0.38,298.9
Haldwani,Kanpur,train,205,4.7,318.2
Haldwani,Nagpur,flight,3212,1.97,898.7
Haldwani,Indore,train,441,15.97,809.6
Haldwani,Indore,flight,2980,1.55,809.6
Haldwani,Thane,flight,5207,2.37,1293.8
Haldwani,Bhopal,train,382,12.46,694.9
Haldwani,Bhopal,flight,2742,1.14,694.9
Haldwani,Visakhapatnam,flight,4383,2.26,1336.6
Haldwani,Pimpri-Chinchwad,flight,4797,1.95,1312.2
Haldwani,Patna,train,384,11.12,686.0
Haldwani,Vadodara,flight,3934,1.38,995.9
Haldwani,Ghaziabad,flight,1517,0.31,209.4
Haldwani,Ludhiana,train,247,4.52,398.4
Haldwani,Ludhiana,flight,1802,0.57,398.4
Haldwani,Agra,train,203,3.7,270.7
Haldwani,Nashik,train,603,23.3,1176.8
Haldwani,Nashik,flight,3964,1.76,1176.8
Haldwani,Faridabad,train,163,3.38,232.0
Haldwani,Meerut,train,132,3.78,177.4
Haldwani,Rajkot,train,596,14.93,1162.0
Haldwani,Kalyan,flight,4262,1.71,1284.0
Haldwani,Vasai-Virar,flight,5272,2.74,1284.4
Haldwani,Varanasi,train,320,8.42,552.4
Haldwani,Srinagar,train,388,10.2,701.1
Haldwani,Srinagar,flight,3238,1.3,701.1
Haldwani,Dhanbad,train,535,16.27,914.7
Haldwani,Dhanbad,flight,3357,1.53,914.7
Haldwani,Jodhpur,flight,3248,1.19,719.3
Haldwani,Amritsar,train,315,5.94,519.6
Haldwani,Amritsar,flight,2257,0.95,519.6
Haldwani,Nanded,train,665,16.12,1141.0
Haldwani,Gwalior,train,231,4.85,358.4
Haldwani,Gwalior,flight,1758,0.77,358.4
Haldwani,Kolhapur,flight,5880,1.92,1491.8
Haldwani,Bhubaneswar,train,632,16.05,1178.6
Haldwani,Bhubaneswar,flight,3941,2.22,1178.6
Haldwani,Solapur,flight,4617,2.28,1336.6
Haldwani,Mangalore,flight,5900,2.8,1875.7
Haldwani,Tiruchirappalli,flight,6946,2.71,2050.9
Haldwani,BiharSharif,train,435,12.1,743.1
Haldwani,BiharSharif,flight,3152,0.94,743.1
Haldwani,Aligarh,train,137,3.73,202.4
Haldwani,Aligarh,flight,1289,0.32,202.4
Haldwani,Tirunelveli,flight,8070,4.44,2287.4
Haldwani,Bhiwandi,flight,4708,2.12,1283.3
Haldwani,Saharanpur,train,146,3.76,207.4
Haldwani,Gorakhpur,train,271,6.2,467.3
Haldwani,Jalandhar,train,284,6.77,444.7
Haldwani,Jamshedpur,flight,4178,1.4,977.1
Haldwani,Salem,flight,6440,3.47,1957.1
Haldwani,Warangal,flight,4702,2.46,1251.0
Haldwani,Mira-Bhayandar,flight,4564,2.6,1294.3
Haldwani,Thiruvananthapuram,flight,7630,3.21,2316.8
Haldwani,Bhilai,train,535,11.53,913.1
Haldwani,Ujjain,train,446,9.67,767.5
Haldwani,Durgapur,flight,3853,2.14,1002.1
Haldwani,Asansol,flight,4234,1.57,962.8
Haldwani,Rourkela,flight,3568,2.0,940.3
Haldwani,Nellore,flight,6015,2.13,1643.8
Haldwani,Dehradun,train,154,2.32,187.9
Haldwani,Davanagere,flight,6227,2.7,1681.6
Haldwani,Kozhikode,flight,7755,3.85,2034.2
Haldwani,Akola,flight,3909,1.58,980.2
Haldwani,Kurnool,flight,6064,2.73,1496.6
Haldwani,Nizamabad,train,642,25.4,1181.5
Haldwani,Guntur,flight,5463,2.62,1438.9
Haldwani,Amravati,flight,4018,1.35,937.7
Haldwani,Kakinada,flight,4792,2.1,1388.2
Haldwani,Tirupati,flight,5933,2.66,1733.6
Haldwani,Puri,flight,4893,1.59,1225.1
Haldwani,Shimoga,flight,6909,2.8,1747.9
Haldwani,Ongole,flight,5197,2.45,1525.8
Haldwani,Bathinda,train,301,8.59,454.6
Haldwani,Bathinda,flight,2448,0.62,454.6
Haldwani,Darbhanga,train,391,15.36,714.4
Haldwani,Satara,flight,4753,2.8,1400.5
Haldwani,Proddatur,flight,5855,2.24,1611.9
Haldwani,Kollam,flight,7672,3.0,2280.3
Haldwani,Ambala,train,211,4.32,293.8
Haldwani,Siliguri,train,540,11.73,918.7
Haldwani,Siliguri,flight,3515,1.92,918.7
Haldwani,Rohtak,train,186,3.87,284.7
Haldwani,Etawah,train,197,3.76,274.9
Haldwani,Orai,train,241,5.16,359.0
Haldwani,Muzaffarpur,train,421,9.58,673.4
Haldwani,Ramagundam,train,649,15.05,1161.3
Haldwani,Baripada,train,576,20.47,1088.1
Haldwani,Baripada,flight,3762,2.04,1088.1
Haldwani,Tezpur,flight,4827,2.34,1334.6
Haldwani,Korba,flight,3659,1.1,828.9
Haldwani,Nagapattinam,flight,6987,2.83,2051.5
Haldwani,Mahbubnagar,flight,5474,1.93,1396.1
Haldwani,Buxar,train,343,6.86,613.6
Haldwani,Sagar,train,344,7.75,603.2
Haldwani,Sagar,flight,2838,0.94,603.2
Haldwani,Chittoor,flight,7033,3.54,1779.8
Haldwani,Arrah,train,340,7.7,651.4
Haldwani,Bharuch,train,545,16.59,1059.4
Haldwani,Bharuch,flight,4299,1.97,1059.4
Haldwani,Balasore,flight,4365,1.68,1137.0
Haldwani,Jalgaon,train,588,15.41,995.7
Haldwani,Jalgaon,flight,3802,1.57,995.7
Haldwani,Palakkad,flight,7636,2.69,2070.9
Haldwani,Unnao,train,224,3.59,313.1
Haldwani,Bilaspur,train,427,10.02,836.3
Muzaffarpur,Mumbai,flight,5945,2.12,1503.1
Muzaffarpur,Delhi,train,494,10.0,866.8
Muzaffarpur,Bengaluru,flight,5309,3.16,1673.6
Muzaffarpur,Kolkata,train,298,9.09,496.4
Muzaffarpur,Chennai,flight,5592,2.36,1545.2
Muzaffarpur,Hyderabad,flight,4157,1.57,1204.3
Muzaffarpur,Pune,flight,5240,2.39,1455.3
Muzaffarpur,Ahmedabad,flight,4725,2.29,1340.6
Muzaffarpur,Jaipur,flight,3624,1.31,959.3
Muzaffarpur,Surat,flight,4825,2.09,1391.7
Muzaffarpur,Lucknow,train,247,8.92,449.6
Muzaffarpur,Kanpur,train,328,6.76,505.6
Muzaffarpur,Nagpur,flight,3010,1.21,847.2
Muzaffarpur,Indore,train,535,16.19,1036.2
Muzaffarpur,Thane,flight,5685,2.35,1485.6
Muzaffarpur,Bhopal,train,452,10.87,866.2
Muzaffarpur,Bhopal,flight,3681,1.28,866.2
Muzaffarpur,Visakhapatnam,train,497,11.97,964.1
Muzaffarpur,Pimpri-Chinchwad,flight,5001,1.91,1452.7
Muzaffarpur,Patna,train,76,1.42,63.8
Muzaffarpur,Vadodara,flight,4881,2.32,1308.0
Muzaffarpur,Ghaziabad,train,453,9.4,832.9
Muzaffarpur,Ghaziabad,flight,3125,1.08,832.9
Muzaffarpur,Ludhiana,train,529,17.91,1071.8
Muzaffarpur,Agra,train,396,15.4,742.9
Muzaffarpur,Agra,flight,2850,1.0,742.9
Muzaffarpur,Nashik,train,771,20.92,1367.2
Muzaffarpur,Nashik,flight,4989,1.79,1367.2
Muzaffarpur,Faridabad,flight,3265,1.64,837.2
Muzaffarpur,Meerut,train,497,12.27,821.4
Muzaffarpur,Meerut,flight,3472,1.31,821.4
Muzaffarpur,Rajkot,flight,5930,2.07,1538.0
Muzaffarpur,Kalyan,flight,5054,2.28,1471.0
Muzaffarpur,Vasai-Virar,flight,5511,2.83,1487.3
Muzaffarpur,Varanasi,train,172,3.05,258.0
Muzaffarpur,Varanasi,flight,1784,0.33,258.0
Muzaffarpur,Srinagar,flight,4604,2.08,1348.4
Muzaffarpur,Dhanbad,train,186,4.63,279.0
Muzaffarpur,Dhanbad,flight,1576,0.61,279.0
Muzaffarpur,Jodhpur,flight,4852,2.66,1233.5
Muzaffarpur,Amritsar,train,687,22.31,1192.6
Muzaffarpur,Nanded,flight,4581,2.39,1133.4
Muzaffarpur,Gwalior,train,403,13.5,719.2
Muzaffarpur,Kolhapur,flight,6135,2.19,1556.5
Muzaffarpur,Bhubaneswar,flight,2760,1.35,649.2
Muzaffarpur,Solapur,flight,5474,2.19,1356.4
Muzaffarpur,Mangalore,flight,5772,2.98,1835.1
Muzaffarpur,Tiruchirappalli,flight,5794,3.63,1843.7
Muzaffarpur,BiharSharif,train,98,2.06,103.2
Muzaffarpur,Aligarh,train,390,11.32,749.7
Muzaffarpur,Aligarh,flight,3307,1.39,749.7
Muzaffarpur,Tirunelveli,flight,7084,2.87,2096.6
Muzaffarpur,Bhiwandi,flight,5621,2.59,1474.5
Muzaffarpur,Saharanpur,flight,3840,1.6,880.1
Muzaffarpur,Gorakhpur,train,157,2.98,213.0
Muzaffarpur,Gorakhpur,flight,1524,0.36,213.0
Muzaffarpur,Jalandhar,train,576,12.43,1117.6
Muzaffarpur,Jalandhar,flight,4367,2.22,1117.6
Muzaffarpur,Jamshedpur,train,255,4.21,377.8
Muzaffarpur,Salem,flight,5880,2.65,1777.8
Muzaffarpur,Warangal,flight,3691,1.5,1085.2
Muzaffarpur,Mira-Bhayandar,flight,5450,2.6,1492.8
Muzaffarpur,Thiruvananthapuram,flight,7214,4.53,2150.7
Muzaffarpur,Bhilai,train,354,11.7,680.4
Muzaffarpur,Ujjain,flight,3597,1.41,1024.0
Muzaffarpur,Durgapur,train,231,6.53,348.2
Muzaffarpur,Asansol,train,202,3.76,313.7
Muzaffarpur,Rourkela,train,258,7.2,432.7
Muzaffarpur,Rourkela,flight,2228,0.88,432.7
Muzaffarpur,Nellore,flight,5090,3.04,1415.0
Muzaffarpur,Dehradun,flight,3650,1.75,858.4
Muzaffarpur,Davanagere,flight,6375,2.14,1627.9
Muzaffarpur,Kozhikode,flight,5985,3.76,1935.9
Muzaffarpur,Akola,train,534,15.76,1045.9
Muzaffarpur,Akola,flight,3970,1.5,1045.9
Muzaffarpur,Kurnool,flight,4935,2.3,1374.9
Muzaffarpur,Nizamabad,flight,4364,1.67,1116.8
Muzaffarpur,Guntur,train,601,24.64,1205.7
Muzaffarpur,Guntur,flight,4597,2.16,1205.7
Muzaffarpur,Amravati,train,563,11.3,967.3
Muzaffarpur,Amravati,flight,4057,1.72,967.3
Muzaffarpur,Kakinada,train,569,12.11,1066.0
Muzaffarpur,Kakinada,flight,3956,1.47,1066.0
Muzaffarpur,Tirupati,train,748,19.3,1522.2
Muzaffarpur,Puri,train,387,10.05,702.8
Muzaffarpur,Shimoga,flight,6177,2.34,1698.4
Muzaffarpur,Ongole,flight,5287,2.34,1303.8
Muzaffarpur,Bathinda,flight,3899,1.55,1119.7
Muzaffarpur,Darbhanga,train,75,0.72,50.2
Muzaffarpur,Satara,flight,5215,3.33,1503.0
Muzaffarpur,Proddatur,flight,5720,1.86,1450.6
Muzaffarpur,Kollam,flight,6871,3.3,2127.7
Muzaffarpur,Ambala,train,555,11.76,966.9
Muzaffarpur,Ambala,flight,3504,1.25,966.9
Muzaffarpur,Siliguri,train,187,4.54,309.5
Muzaffarpur,Siliguri,flight,1630,0.41,309.5
Muzaffarpur,Rohtak,train,551,15.41,919.2
Muzaffarpur,Etawah,train,342,12.05,638.9
Muzaffarpur,Etawah,flight,3043,1.36,638.9
Muzaffarpur,Orai,train,326,13.13,592.5
Muzaffarpur,Haldwani,train,386,8.32,673.4
Muzaffarpur,Ramagundam,train,532,15.99,1012.7
Muzaffarpur,Baripada,flight,2115,0.71,487.0
Muzaffarpur,Tezpur,train,399,14.95,739.6
Muzaffarpur,Korba,flight,2190,0.95,496.7
Muzaffarpur,Nagapattinam,flight,6366,3.51,1803.5
Muzaffarpur,Mahbubnagar,flight,4791,1.86,1293.5
Muzaffarpur,Buxar,train,108,2.7,136.7
Muzaffarpur,Sagar,train,429,10.9,716.8
Muzaffarpur,Chittoor,flight,5297,3.07,1577.9
Muzaffarpur,Arrah,train,100,2.06,95.4
Muzaffarpur,Bharuch,flight,4478,2.46,1349.4
Muzaffarpur,Balasore,train,339,10.9,538.3
Muzaffarpur,Balasore,flight,2423,0.81,538.3
Muzaffarpur,Jalgaon,flight,4553,1.6,1151.1
Muzaffarpur,Palakkad,flight,6256,2.5,1936.3
Muzaffarpur,Unnao,train,279,9.91,491.1
Muzaffarpur,Bilaspur,train,335,6.25,557.4
Ramagundam,Mumbai,train,425,10.41,703.4
Ramagundam,Delhi,train,574,22.3,1131.8
Ramagundam,Delhi,flight,4551,1.58,1131.8
Ramagundam,Bengaluru,train,381,9.7,678.6
Ramagundam,Kolkata,flight,4278,1.35,1008.5
Ramagundam,Chennai,train,393,8.68,637.6
Ramagundam,Chennai,flight,2826,0.82,637.6
Ramagundam,Hyderabad,train,149,2.46,191.6
Ramagundam,Pune,train,362,9.64,601.3
Ramagundam,Ahmedabad,train,505,13.15,865.6
Ramagundam,Ahmedabad,flight,3062,1.11,865.6
Ramagundam,Jaipur,flight,4280,1.82,983.6
Ramagundam,Surat,train,425,14.44,751.6
Ramagundam,Lucknow,train,503,10.29,908.7
Ramagundam,Lucknow,flight,3734,1.3,908.7
Ramagundam,Kanpur,flight,3057,1.41,857.1
Ramagundam,Nagpur,train,177,3.5,268.1
Ramagundam,Indore,flight,2552,0.89,583.3
Ramagundam,Thane,train,425,13.63,693.5
Ramagundam,Bhopal,train,314,12.11,546.1
Ramagundam,Bhopal,flight,2378,0.87,546.1
Ramagundam,Visakhapatnam,train,228,4.67,405.1
Ramagundam,Pimpri-Chinchwad,train,347,7.58,606.6
Ramagundam,Pimpri-Chinchwad,flight,2399,0.87,606.6
Ramagundam,Patna,flight,3836,1.81,951.0
Ramagundam,Vadodara,train,434,11.83,771.2
Ramagundam,Vadodara,flight,3020,1.62,771.2
Ramagundam,Ghaziabad,train,620,24.55,1120.7
Ramagundam,Ghaziabad,flight,4507,2.16,1120.7
Ramagundam,Ludhiana,flight,4779,2.59,1398.7
Ramagundam,Agra,flight,3862,1.57,947.5
Ramagundam,Nashik,train,380,12.27,620.0
Ramagundam,Nashik,flight,2538,1.35,620.0
Ramagundam,Faridabad,flight,3999,2.04,1095.2
Ramagundam,Meerut,flight,4431,1.5,1150.6
Ramagundam,Rajkot,flight,4300,1.71,992.2
Ramagundam,Kalyan,train,362,10.22,677.7
Ramagundam,Kalyan,flight,2822,1.12,677.7
Ramagundam,Vasai-Virar,train,369,14.34,709.2
Ramagundam,Varanasi,train,460,12.33,808.1
Ramagundam,Srinagar,flight,5723,2.44,1766.3
Ramagundam,Dhanbad,flight,3614,1.84,904.5
Ramagundam,Jodhpur,flight,3776,1.66,1066.8
Ramagundam,Amritsar,flight,5218,2.61,1505.0
Ramagundam,Nanded,train,175,4.23,238.9
Ramagundam,Gwalior,flight,3548,1.8,839.6
Ramagundam,Kolhapur,train,340,6.83,608.0
Ramagundam,Bhubaneswar,train,380,11.53,678.1
Ramagundam,Bhubaneswar,flight,2909,0.89,678.1
Ramagundam,Solapur,train,243,4.91,405.1
Ramagundam,Mangalore,flight,3211,1.29,823.1
Ramagundam,Tiruchirappalli,train,493,14.52,892.6
Ramagundam,Tiruchirappalli,flight,3178,1.81,892.6
Ramagundam,BiharSharif,flight,3845,1.63,942.1
Ramagundam,Aligarh,flight,3579,1.84,1025.3
Ramagundam,Tirunelveli,train,563,13.23,1135.5
Ramagundam,Tirunelveli,flight,3984,1.79,1135.5
Ramagundam,Bhiwandi,train,401,14.14,685.3
Ramagundam,Saharanpur,flight,4668,2.67,1260.6
Ramagundam,Gorakhpur,train,554,12.44,970.1
Ramagundam,Jalandhar,flight,5764,2.15,1451.7
Ramagundam,Jamshedpur,flight,3684,1.51,823.2
Ramagundam,Salem,flight,3402,1.53,805.1
Ramagundam,Warangal,train,91,1.29,89.8
Ramagundam,Mira-Bhayandar,train,394,12.95,706.9
Ramagundam,Thiruvananthapuram,flight,4635,1.51,1174.4
Ramagundam,Bhilai,train,231,7.38,332.3
Ramagundam,Bhilai,flight,1748,0.49,332.3
Ramagundam,Ujjain,train,370,13.49,627.0
Ramagundam,Ujjain,flight,2711,1.07,627.0
Ramagundam,Durgapur,train,519,12.28,961.5
Ramagundam,Durgapur,flight,3898,1.62,961.5
Ramagundam,Asansol,train,487,11.25,940.9
Ramagundam,Asansol,flight,3794,1.73,940.9
Ramagundam,Rourkela,train,352,8.26,673.9
Ramagundam,Rourkela,flight,3176,0.91,673.9
Ramagundam,Nellore,train,284,8.45,483.9
Ramagundam,Dehradun,flight,4518,1.81,1292.5
Ramagundam,Davanagere,train,334,12.16,616.3
Ramagundam,Kozhikode,flight,3364,1.52,928.9
Ramagundam,Akola,train,221,4.47,342.2
Ramagundam,Kurnool,train,224,7.54,365.3
Ramagundam,Nizamabad,train,126,1.93,154.5
Ramagundam,Guntur,train,186,3.65,289.9
Ramagundam,Amravati,train,202,3.77,304.4
Ramagundam,Kakinada,train,222,4.1,347.1
Ramagundam,Tirupati,flight,2709,1.15,572.5
Ramagundam,Puri,train,396,7.52,668.4
Ramagundam,Shimoga,train,384,9.14,686.5
Ramagundam,Ongole,train,238,4.9,367.3
Ramagundam,Bathinda,flight,4627,1.87,1354.1
Ramagundam,Darbhanga,flight,4339,1.31,1046.9
Ramagundam,Satara,train,376,11.01,600.1
Ramagundam,Satara,flight,2679,1.05,600.1
Ramagundam,Proddatur,train,264,6.34,460.3
Ramagundam,Proddatur,flight,2390,0.77,460.3
Ramagundam,Kollam,flight,4862,1.53,1143.8
Ramagundam,Ambala,flight,4697,2.22,1320.3
Ramagundam,Siliguri,train,650,21.02,1266.2
Ramagundam,Siliguri,flight,5023,1.69,1266.2
Ramagundam,Rohtak,flight,4734,1.55,1164.5
Ramagundam,Etawah,train,524,12.57,892.4
Ramagundam,Orai,train,489,13.46,802.4
Ramagundam,Orai,flight,3089,1.51,802.4
Ramagundam,Haldwani,train,616,22.64,1161.3
Ramagundam,Muzaffarpur,flight,3905,1.66,1012.7
Ramagundam,Baripada,flight,3737,1.27,826.9
Ramagundam,Tezpur,flight,5343,2.76,1613.8
Ramagundam,Korba,train,333,6.77,518.7
Ramagundam,Korba,flight,2385,0.67,518.7
Ramagundam,Nagapattinam,train,533,16.11,890.5
Ramagundam,Nagapattinam,flight,3937,1.18,890.5
Ramagundam,Mahbubnagar,train,173,3.8,280.8
Ramagundam,Mahbubnagar,flight,1483,0.38,280.8
Ramagundam,Buxar,train,476,10.89,891.8
Ramagundam,Buxar,flight,3628,1.14,891.8
Ramagundam,Sagar,train,317,11.59,569.4
Ramagundam,Chittoor,train,380,10.82,620.0
Ramagundam,Arrah,train,527,19.29,919.6
Ramagundam,Arrah,flight,3715,1.21,919.6
Ramagundam,Bharuch,train,417,8.59,756.1
Ramagundam,Balasore,flight,3223,1.33,826.8
Ramagundam,Jalgaon,train,300,7.25,485.9
Ramagundam,Palakkad,flight,4100,1.75,941.4
Ramagundam,Unnao,flight,3169,1.48,868.3
Ramagundam,Bilaspur,flight,2232,0.64,455.3
Baripada,Mumbai,flight,4814,2.23,1478.1
Baripada,Delhi,flight,4984,1.61,1227.5
Baripada,Bengaluru,flight,5509,2.37,1389.2
Baripada,Kolkata,train,131,2.81,181.5
Baripada,Chennai,flight,4795,2.3,1198.3
Baripada,Hyderabad,train,551,16.45,1000.9
Baripada,Hyderabad,flight,3753,1.25,1000.9
Baripada,Pune,flight,4517,1.83,1396.5
Baripada,Ahmedabad,train,712,26.27,1461.2
Baripada,Ahmedabad,flight,5795,2.58,1461.2
Baripada,Jaipur,flight,5131,2.57,1240.0
Baripada,Surat,flight,5054,2.02,1441.2
Baripada,Lucknow,train,494,14.65,803.1
Baripada,Lucknow,flight,3003,1.39,803.1
Baripada,Kanpur,train,441,14.49,822.7
Baripada,Kanpur,flight,3689,1.8,822.7
Baripada,Nagpur,train,448,12.72,796.8
Baripada,Indore,flight,3936,1.52,1123.4
Baripada,Thane,flight,4806,1.85,1464.0
Baripada,Bhopal,train,561,14.43,969.7
Baripada,Visakhapatnam,train,376,8.93,598.1
Baripada,Pimpri-Chinchwad,train,771,26.8,1398.6
Baripada,Pimpri-Chinchwad,flight,5213,2.45,1398.6
Baripada,Patna,train,295,6.6,440.2
Baripada,Vadodara,flight,4747,3.01,1397.7
Baripada,Ghaziabad,train,678,17.05,1197.6
Baripada,Ghaziabad,flight,4124,2.04,1197.6
Baripada,Ludhiana,flight,5608,2.05,1472.6
Baripada,Agra,train,602,20.68,1059.2
Baripada,Nashik,flight,5494,2.87,1361.9
Baripada,Faridabad,train,707,19.46,1191.3
Baripada,Faridabad,flight,3999,2.49,1191.3
Baripada,Meerut,train,599,14.27,1199.6
Baripada,Rajkot,flight,6370,2.75,1642.4
Baripada,Kalyan,flight,5152,2.2,1448.0
Baripada,Vasai-Virar,flight,4908,2.28,1473.5
Baripada,Varanasi,train,321,8.67,538.9
Baripada,Srinagar,flight,6169,2.32,1787.5
Baripada,Dhanbad,train,165,3.0,211.1
Baripada,Jodhpur,flight,4933,2.61,1472.6
Baripada,Amritsar,flight,6106,2.94,1596.7
Baripada,Nanded,train,591,21.2,1028.3
Baripada,Nanded,flight,4248,1.3,1028.3
Baripada,Gwalior,train,569,12.31,991.8
Baripada,Kolhapur,flight,4735,2.8,1433.6
Baripada,Bhubaneswar,train,161,3.16,204.3
Baripada,Bhubaneswar,flight,1468,0.37,204.3
Baripada,Solapur,train,646,13.81,1228.7
Baripada,Solapur,flight,4797,2.56,1228.7
Baripada,Mangalore,flight,5315,2.74,1609.3
Baripada,Tiruchirappalli,flight,5709,2.61,1504.9
Baripada,BiharSharif,train,229,6.31,385.6
Baripada,Aligarh,flight,4232,1.63,1096.8
Baripada,Tirunelveli,flight,6699,2.98,1755.2
Baripada,Bhiwandi,train,738,16.98,1453.9
Baripada,Bhiwandi,flight,5039,2.8,1453.9
Baripada,Saharanpur,flight,4664,1.61,1282.1
Baripada,Gorakhpur,train,345,7.54,637.5
Baripada,Jalandhar,flight,5302,2.32,1523.6
Baripada,Jamshedpur,train,106,1.8,113.2
Baripada,Salem,train,850,20.03,1461.4
Baripada,Salem,flight,4864,2.95,1461.4
Baripada,Warangal,flight,3613,1.45,867.0
Baripada,Mira-Bhayandar,flight,4847,2.37,1475.0
Baripada,Thiruvananthapuram,flight,6782,2.45,1822.2
Baripada,Bhilai,train,356,11.36,555.8
Baripada,Ujjain,flight,3833,1.52,1134.2
Baripada,Durgapur,train,141,3.31,187.2
Baripada,Asansol,train,136,3.61,197.3
Baripada,Rourkela,train,157,3.4,198.7
Baripada,Nellore,flight,4138,2.15,1095.6
Baripada,Dehradun,flight,4163,2.46,1275.2
Baripada,Davanagere,flight,4833,1.89,1411.5
Baripada,Kozhikode,flight,6355,2.15,1663.1
Baripada,Akola,flight,3768,1.7,1017.9
Baripada,Kurnool,train,664,25.16,1139.0
Baripada,Kurnool,flight,4404,1.92,1139.0
Baripada,Nizamabad,train,580,17.23,971.7
Baripada,Nizamabad,flight,3518,1.7,971.7
Baripada,Guntur,train,504,11.16,910.3
Baripada,Guntur,flight,3492,1.32,910.3
Baripada,Amravati,train,548,10.71,935.7
Baripada,Amravati,flight,3982,1.36,935.7
Baripada,Kakinada,train,397,8.04,723.2
Baripada,Kakinada,flight,2694,1.47,723.2
Baripada,Tirupati,flight,4457,2.09,1204.4
Baripada,Puri,train,169,2.87,252.8
Baripada,Shimoga,flight,4875,2.66,1478.1
Baripada,Ongole,flight,3703,1.45,1002.7
Baripada,Bathinda,flight,5860,3.03,1494.8
Baripada,Darbhanga,train,289,5.81,478.8
Baripada,Darbhanga,flight,2468,0.64,478.8
Baripada,Satara,flight,4966,2.91,1414.5
Baripada,Proddatur,train,612,17.69,1175.9
Baripada,Kollam,flight,6084,2.31,1808.8
Baripada,Ambala,flight,4561,1.9,1368.0
Baripada,Siliguri,train,329,9.48,559.0
Baripada,Siliguri,flight,2411,1.05,559.0
Baripada,Rohtak,flight,4419,2.4,1279.2
Baripada,Etawah,flight,3439,1.84,951.6
Baripada,Orai,flight,3812,1.5,867.7
Baripada,Haldwani,train,598,13.8,1088.1
Baripada,Muzaffarpur,train,271,6.92,487.0
Baripada,Muzaffarpur,flight,2087,0.98,487.0
Baripada,Ramagundam,train,436,9.88,826.9
Baripada,Ramagundam,flight,3515,1.59,826.9
Baripada,Tezpur,flight,3031,1.78,807.4
Baripada,Korba,train,239,6.27,414.5
Baripada,Nagapattinam,flight,5110,2.41,1441.3
Baripada,Mahbubnagar,flight,4118,1.6,1084.4
Baripada,Buxar,train,287,7.46,482.7
Baripada,Sagar,train,441,10.24,847.7
Baripada,Sagar,flight,3675,1.72,847.7
Baripada,Chittoor,flight,4527,2.21,1261.7
Baripada,Arrah,train,282,6.54,456.8
Baripada,Arrah,flight,2349,0.58,456.8
Baripada,Bharuch,flight,5295,2.09,1417.3
Baripada,Balasore,train,81,0.71,51.5
Baripada,Jalgaon,flight,4315,2.55,1161.6
Baripada,Palakkad,flight,6077,3.47,1639.3
Baripada,Unnao,train,418,16.47,816.4
Baripada,Unnao,flight,3462,1.73,816.4
Baripada,Bilaspur,train,276,6.37,475.4
Tezpur,Mumbai,flight,6835,4.29,2204.0
Tezpur,Delhi,flight,5502,2.17,1560.6
Tezpur,Bengaluru,flight,7341,3.74,2196.3
Tezpur,Kolkata,train,345,12.3,637.3
Tezpur,Chennai,flight,7217,2.6,1994.9
Tezpur,Hyderabad,flight,5991,3.53,1796.7
Tezpur,Pune,flight,7212,2.78,2140.6
Tezpur,Ahmedabad,flight,7639,4.3,2077.7
Tezpur,Jaipur,flight,5277,2.56,1687.0
Tezpur,Surat,flight,7272,2.93,2115.9
Tezpur,Lucknow,train,605,13.42,1176.1
Tezpur,Kanpur,flight,4096,1.96,1239.2
Tezpur,Nagpur,flight,5052,2.14,1520.5
Tezpur,Indore,flight,6825,2.89,1764.4
Tezpur,Thane,flight,8111,3.81,2187.5
Tezpur,Bhopal,flight,6283,2.58,1594.6
Tezpur,Visakhapatnam,flight,4649,3.09,1400.9
Tezpur,Pimpri-Chinchwad,flight,6669,3.03,2140.2
Tezpur,Patna,train,439,12.41,773.1
Tezpur,Patna,flight,3317,1.16,773.1
Tezpur,Vadodara,flight,7244,3.35,2040.2
Tezpur,Ghaziabad,train,879,22.81,1526.1
Tezpur,Ludhiana,flight,6258,2.32,1714.8
Tezpur,Agra,train,762,25.34,1466.2
Tezpur,Agra,flight,5598,2.8,1466.2
Tezpur,Nashik,flight,8016,3.41,2073.7
Tezpur,Faridabad,flight,4958,2.1,1537.2
Tezpur,Meerut,flight,5630,2.05,1505.0
Tezpur,Rajkot,flight,7805,4.04,2274.2
Tezpur,Kalyan,flight,7763,4.14,2172.2
Tezpur,Vasai-Virar,flight,8057,4.21,2192.4
Tezpur,Varanasi,train,593,13.31,992.3
Tezpur,Srinagar,flight,6005,3.41,1910.1
Tezpur,Dhanbad,flight,3229,1.32,714.3
Tezpur,Jodhpur,flight,6216,3.68,1966.7
Tezpur,Amritsar,flight,6305,3.16,1823.8
Tezpur,Nanded,flight,5638,2.67,1788.5
Tezpur,Gwalior,flight,4772,2.06,1454.7
Tezpur,Kolhapur,flight,7438,3.76,2208.8
Tezpur,Bhubaneswar,flight,3505,1.28,1001.9
Tezpur,Solapur,flight,6859,3.43,2002.9
Tezpur,Mangalore,flight,9030,3.53,2414.3
Tezpur,Tiruchirappalli,flight,7049,3.49,2300.4
Tezpur,BiharSharif,train,455,10.61,745.0
Tezpur,Aligarh,flight,5908,2.39,1459.0
Tezpur,Tirunelveli,flight,8302,4.67,2547.1
Tezpur,Bhiwandi,flight,7703,3.97,2176.7
Tezpur,Saharanpur,flight,5388,2.84,1535.9
Tezpur,Gorakhpur,flight,3340,1.45,935.5
Tezpur,Jalandhar,flight,6817,2.76,1751.0
Tezpur,Jamshedpur,train,477,15.58,791.0
Tezpur,Salem,flight,7613,4.4,2263.7
Tezpur,Warangal,flight,6253,3.48,1664.1
Tezpur,Mira-Bhayandar,flight,8293,3.88,2196.3
Tezpur,Thiruvananthapuram,flight,9949,3.64,2618.3
Tezpur,Bhilai,flight,4342,1.75,1304.0
Tezpur,Ujjain,flight,5567,2.26,1756.6
Tezpur,Durgapur,train,386,9.47,652.5
Tezpur,Durgapur,flight,2494,0.99,652.5
Tezpur,Asansol,train,350,13.31,673.6
Tezpur,Rourkela,train,528,14.09,940.0
Tezpur,Rourkela,flight,3652,1.75,940.0
Tezpur,Nellore,flight,6807,2.79,1900.2
Tezpur,Dehradun,flight,5134,2.61,1497.7
Tezpur,Davanagere,flight,7345,3.59,2214.2
Tezpur,Kozhikode,flight,8564,3.38,2470.2
Tezpur,Akola,flight,6339,2.41,1736.7
Tezpur,Kurnool,flight,7422,2.75,1943.1
Tezpur,Nizamabad,flight,5601,3.12,1747.7
Tezpur,Guntur,flight,5825,3.13,1717.7
Tezpur,Amravati,flight,6527,2.86,1654.0
Tezpur,Kakinada,flight,5264,2.99,1528.0
Tezpur,Tirupati,flight,6958,2.81,2008.4
Tezpur,Puri,flight,4172,1.45,1040.8
Tezpur,Shimoga,flight,7774,3.83,2281.8
Tezpur,Ongole,flight,5997,2.96,1809.8
Tezpur,Bathinda,flight,7031,2.67,1787.4
Tezpur,Darbhanga,train,391,12.84,689.4
Tezpur,Darbhanga,flight,3028,1.04,689.4
Tezpur,Satara,flight,8362,3.32,2174.1
Tezpur,Proddatur,flight,6452,3.81,1983.3
Tezpur,Kollam,flight,7835,4.04,2608.0
Tezpur,Ambala,flight,5395,2.93,1617.1
Tezpur,Siliguri,train,241,5.64,433.7
Tezpur,Siliguri,flight,2105,0.68,433.7
Tezpur,Rohtak,flight,6367,2.89,1610.5
Tezpur,Etawah,flight,5473,1.72,1367.8
Tezpur,Orai,flight,4635,2.8,1330.3
Tezpur,Haldwani,flight,5127,2.12,1334.6
Tezpur,Muzaffarpur,train,402,15.02,739.6
Tezpur,Ramagundam,flight,6413,3.29,1613.8
Tezpur,Baripada,train,414,11.58,807.4
Tezpur,Baripada,flight,3217,1.66,807.4
Tezpur,Korba,flight,4540,1.4,1122.2
Tezpur,Nagapattinam,flight,6971,3.72,2227.5
Tezpur,Mahbubnagar,flight,7092,2.58,1882.7
Tezpur,Buxar,train,509,14.16,869.1
Tezpur,Buxar,flight,3213,1.12,869.1
Tezpur,Sagar,flight,5086,1.83,1446.9
Tezpur,Chittoor,flight,7547,2.62,2065.5
Tezpur,Arrah,train,453,12.81,820.1
Tezpur,Arrah,flight,3136,1.19,820.1
Tezpur,Bharuch,flight,6598,3.92,2077.6
Tezpur,Balasore,train,495,10.41,826.5
Tezpur,Balasore,flight,3365,1.21,826.5
Tezpur,Jalgaon,flight,6899,2.59,1859.5
Tezpur,Palakkad,flight,8085,4.54,2444.1
Tezpur,Unnao,flight,4271,1.89,1223.4
Tezpur,Bilaspur,train,613,26.07,1192.2
Tezpur,Bilaspur,flight,4456,2.63,1192.2
Korba,Mumbai,train,596,12.33,1089.4
Korba,Delhi,flight,3489,1.49,904.8
Korba,Bengaluru,flight,4378,1.94,1177.6
Korba,Kolkata,train,350,8.91,577.3
Korba,Chennai,flight,3896,2.35,1064.1
Korba,Hyderabad,train,402,8.23,710.1
Korba,Pune,train,576,16.5,1019.8
Korba,Pune,flight,3893,1.47,1019.8
Korba,Ahmedabad,flight,3753,1.78,1046.7
Korba,Jaipur,flight,3453,1.33,866.8
Korba,Surat,flight,3514,1.81,1032.6
Korba,Lucknow,train,290,6.7,531.5
Korba,Lucknow,flight,2376,1.13,531.5
Korba,Kanpur,train,286,5.92,516.8
Korba,Nagpur,train,240,7.4,401.5
Korba,Indore,flight,3173,0.94,709.0
Korba,Thane,flight,4497,1.61,1073.9
Korba,Bhopal,train,359,7.89,556.2
Korba,Visakhapatnam,train,306,8.91,521.6
Korba,Pimpri-Chinchwad,train,578,12.67,1019.9
Korba,Patna,train,263,6.83,434.0
Korba,Patna,flight,2090,0.57,434.0
Korba,Vadodara,train,593,11.96,984.1
Korba,Ghaziabad,flight,3534,1.44,880.2
Korba,Ludhiana,train,690,14.01,1170.7
Korba,Agra,flight,3384,1.01,718.5
Korba,Nashik,train,533,13.65,965.2
Korba,Nashik,flight,3582,1.43,965.2
Korba,Faridabad,train,517,17.98,866.2
Korba,Meerut,train,489,13.94,893.4
Korba,Rajkot,flight,4653,1.56,1228.7
Korba,Kalyan,flight,4249,1.82,1058.1
Korba,Vasai-Virar,flight,4142,1.43,1080.9
Korba,Varanasi,train,231,6.56,330.0
Korba,Varanasi,flight,1769,0.65,330.0
Korba,Srinagar,flight,5691,2.8,1517.7
Korba,Dhanbad,train,274,7.27,409.0
Korba,Jodhpur,flight,3916,1.78,1075.6
Korba,Amritsar,train,637,16.91,1292.6
Korba,Amritsar,flight,5202,1.83,1292.6
Korba,Nanded,train,411,8.73,667.4
Korba,Nanded,flight,3093,1.02,667.4
Korba,Gwalior,train,379,10.34,631.3
Korba,Kolhapur,flight,3828,1.64,1090.3
Korba,Bhubaneswar,train,249,7.63,392.3
Korba,Bhubaneswar,flight,1914,0.67,392.3
Korba,Solapur,flight,3440,1.85,885.3
Korba,Mangalore,train,716,14.91,1341.7
Korba,Mangalore,flight,4699,2.5,1341.7
Korba,Tiruchirappalli,flight,5470,1.9,1356.2
Korba,BiharSharif,train,248,4.93,423.4
Korba,Aligarh,flight,3336,1.1,774.3
Korba,Tirunelveli,flight,5746,3.41,1608.1
Korba,Bhiwandi,flight,4198,1.79,1063.3
Korba,Saharanpur,flight,4307,1.26,992.2
Korba,Gorakhpur,train,284,8.97,493.7
Korba,Gorakhpur,flight,2262,0.77,493.7
Korba,Jalandhar,flight,4844,2.14,1224.5
Korba,Jamshedpur,flight,1947,0.46,357.9
Korba,Salem,flight,4674,2.26,1285.5
Korba,Warangal,train,366,7.73,588.7
Korba,Mira-Bhayandar,flight,4469,1.4,1083.7
Korba,Thiruvananthapuram,flight,6608,2.57,1658.9
Korba,Bhilai,train,141,3.79,188.2
Korba,Ujjain,train,374,13.15,720.0
Korba,Durgapur,train,273,6.18,484.6
Korba,Asansol,train,278,5.37,455.0
Korba,Asansol,flight,2019,0.62,455.0
Korba,Rourkela,train,154,3.05,216.6
Korba,Nellore,flight,4086,1.59,927.0
Korba,Dehradun,train,579,21.82,1001.9
Korba,Dehradun,flight,3712,1.56,1001.9
Korba,Davanagere,train,592,14.17,1135.0
Korba,Kozhikode,flight,5445,2.18,1439.1
Korba,Akola,train,352,7.23,622.0
Korba,Akola,flight,2451,0.99,622.0
Korba,Kurnool,flight,3851,1.2,878.6
Korba,Nizamabad,train,339,10.81,634.7
Korba,Nizamabad,flight,2610,0.94,634.7
Korba,Guntur,train,406,10.95,715.2
Korba,Guntur,flight,3144,1.05,715.2
Korba,Amravati,train,288,7.48,538.7
Korba,Kakinada,train,374,11.12,599.2
Korba,Tirupati,flight,4037,1.34,1032.3
Korba,Puri,train,283,7.63,426.7
Korba,Puri,flight,2124,0.77,426.7
Korba,Shimoga,flight,4477,1.97,1205.2
Korba,Ongole,flight,3344,1.08,813.0
Korba,Bathinda,train,612,17.32,1168.9
Korba,Bathinda,flight,4403,1.67,1168.9
Korba,Darbhanga,train,336,7.01,528.8
Korba,Satara,train,537,22.2,1052.0
Korba,Satara,flight,4391,1.58,1052.0
Korba,Proddatur,flight,4140,2.01,954.5
Korba,Kollam,flight,5364,2.13,1634.2
Korba,Ambala,flight,3680,2.16,1071.8
Korba,Siliguri,train,397,8.4,750.8
Korba,Siliguri,flight,3338,1.05,750.8
Korba,Rohtak,train,565,17.75,952.5
Korba,Etawah,train,392,12.77,620.6
Korba,Etawah,flight,2496,0.78,620.6
Korba,Orai,train,291,6.79,524.1
Korba,Haldwani,flight,3565,1.78,828.9
Korba,Muzaffarpur,train,269,6.76,496.7
Korba,Muzaffarpur,flight,2454,0.87,496.7
Korba,Ramagundam,train,336,8.77,518.7
Korba,Baripada,train,263,7.36,414.5
Korba,Tezpur,train,649,15.28,1122.2
Korba,Tezpur,flight,4303,1.59,1122.2
Korba,Nagapattinam,flight,5174,1.71,1324.8
Korba,Mahbubnagar,train,490,16.07,799.3
Korba,Buxar,train,235,4.36,384.8
Korba,Buxar,flight,1888,0.54,384.8
Korba,Sagar,train,273,5.13,442.2
Korba,Sagar,flight,2393,0.66,442.2
Korba,Chittoor,flight,3815,1.76,1087.1
Korba,Arrah,train,273,7.48,406.0
Korba,Bharuch,train,606,12.18,1005.8
Korba,Bharuch,flight,4308,1.81,1005.8
Korba,Balasore,train,253,6.94,441.9
Korba,Balasore,flight,2060,0.93,441.9
Korba,Jalgaon,train,466,15.45,757.6
Korba,Jalgaon,flight,3361,1.5,757.6
Korba,Palakkad,train,716,26.22,1440.6
Korba,Palakkad,flight,5294,2.36,1440.6
Korba,Unnao,train,330,11.03,518.3
Korba,Bilaspur,train,81,1.18,70.1
Nagapattinam,Mumbai,train,643,14.82,1188.0
Nagapattinam,Delhi,flight,7589,3.18,2014.2
Nagapattinam,Bengaluru,train,207,4.03,345.9
Nagapattinam,Kolkata,flight,5405,2.2,1594.4
Nagapattinam,Chennai,train,190,3.89,261.1
Nagapattinam,Chennai,flight,1434,0.38,261.1
Nagapattinam,Hyderabad,flight,3473,0.94,749.7
Nagapattinam,Pune,train,638,18.62,1075.2
Nagapattinam,Ahmedabad,flight,5495,2.04,1565.6
Nagapattinam,Jaipur,flight,6225,3.12,1844.3
Nagapattinam,Surat,flight,4470,1.89,1377.2
Nagapattinam,Lucknow,flight,5858,2.74,1791.2
Nagapattinam,Kanpur,flight,5966,2.5,1744.1
Nagapattinam,Nagpur,train,677,14.75,1156.3
Nagapattinam,Indore,flight,4871,1.91,1394.3
Nagapattinam,Thane,train,699,17.95,1193.5
Nagapattinam,Thane,flight,4823,2.31,1193.5
Nagapattinam,Bhopal,flight,5481,2.44,1412.3
Nagapattinam,Visakhapatnam,train,456,10.72,850.6
Nagapattinam,Visakhapatnam,flight,3240,1.09,850.6
Nagapattinam,Pimpri-Chinchwad,train,578,16.25,1088.6
Nagapattinam,Pimpri-Chinchwad,flight,4086,1.43,1088.6
Nagapattinam,Patna,flight,6565,2.33,1739.8
Nagapattinam,Vadodara,flight,5413,2.03,1465.3
Nagapattinam,Ghaziabad,flight,6504,3.4,2005.5
Nagapattinam,Ludhiana,flight,7023,4.43,2275.7
Nagapattinam,Agra,flight,6823,2.68,1834.2
Nagapattinam,Nashik,flight,4926,1.82,1213.3
Nagapattinam,Faridabad,flight,7551,3.24,1978.7
Nagapattinam,Meerut,flight,7532,4.04,2037.3
Nagapattinam,Rajkot,flight,5869,3.41,1602.7
Nagapattinam,Kalyan,train,677,19.3,1185.2
Nagapattinam,Kalyan,flight,4572,1.55,1185.2
Nagapattinam,Vasai-Virar,flight,4533,2.19,1217.5
Nagapattinam,Varanasi,flight,5891,3.15,1650.7
Nagapattinam,Srinagar,flight,10002,3.78,2642.4
Nagapattinam,Dhanbad,flight,5115,3.3,1607.4
Nagapattinam,Jodhpur,flight,6804,3.75,1862.9
Nagapattinam,Amritsar,flight,7470,4.64,2375.4
Nagapattinam,Nanded,train,588,18.21,970.5
Nagapattinam,Gwalior,flight,6676,2.82,1726.4
Nagapattinam,Kolhapur,flight,3609,1.41,894.6
Nagapattinam,Bhubaneswar,flight,4990,2.52,1237.4
Nagapattinam,Solapur,flight,3764,1.35,875.4
Nagapattinam,Mangalore,train,354,10.33,592.6
Nagapattinam,Tiruchirappalli,train,108,1.93,124.2
Nagapattinam,BiharSharif,flight,5912,2.87,1712.2
Nagapattinam,Aligarh,flight,7221,3.71,1913.0
Nagapattinam,Tirunelveli,train,217,4.1,323.5
Nagapattinam,Tirunelveli,flight,1884,0.48,323.5
Nagapattinam,Bhiwandi,flight,4271,1.79,1193.6
Nagapattinam,Saharanpur,flight,7417,3.87,2147.2
Nagapattinam,Gorakhpur,flight,6307,2.53,1816.0
Nagapattinam,Jalandhar,flight,7179,4.31,2327.3
Nagapattinam,Jamshedpur,flight,5576,2.46,1498.8
Nagapattinam,Salem,train,163,3.74,209.9
Nagapattinam,Warangal,flight,3082,1.72,800.7
Nagapattinam,Mira-Bhayandar,flight,4149,1.6,1207.0
Nagapattinam,Thiruvananthapuram,train,243,5.47,404.8
Nagapattinam,Bhilai,flight,4456,1.48,1170.9
Nagapattinam,Ujjain,flight,4996,2.23,1445.2
Nagapattinam,Durgapur,flight,6478,2.46,1623.6
Nagapattinam,Asansol,flight,6353,2.81,1621.4
Nagapattinam,Rourkela,flight,5200,2.27,1384.2
Nagapattinam,Nellore,train,235,4.99,408.5
Nagapattinam,Dehradun,flight,6920,3.81,2181.3
Nagapattinam,Davanagere,train,318,8.19,591.2
Nagapattinam,Kozhikode,train,295,6.25,446.6
Nagapattinam,Kozhikode,flight,2019,0.73,446.6
Nagapattinam,Akola,train,674,19.79,1144.9
Nagapattinam,Akola,flight,4587,1.49,1144.9
Nagapattinam,Kurnool,train,365,11.36,595.1
Nagapattinam,Nizamabad,flight,3509,1.8,898.3
Nagapattinam,Guntur,train,326,7.55,618.8
Nagapattinam,Guntur,flight,2621,1.33,618.8
Nagapattinam,Amravati,train,574,15.17,1151.5
Nagapattinam,Amravati,flight,3989,1.47,1151.5
Nagapattinam,Kakinada,train,428,10.76,738.4
Nagapattinam,Kakinada,flight,2934,1.34,738.4
Nagapattinam,Tirupati,train,207,5.31,321.0
Nagapattinam,Tirupati,flight,1979,0.48,321.0
Nagapattinam,Puri,train,668,16.3,1192.6
Nagapattinam,Puri,flight,4067,1.83,1192.6
Nagapattinam,Shimoga,train,345,7.68,582.0
Nagapattinam,Shimoga,flight,2419,0.92,582.0
Nagapattinam,Ongole,flight,2374,1.08,526.8
Nagapattinam,Bathinda,flight,7541,3.9,2220.1
Nagapattinam,Darbhanga,flight,6272,3.2,1824.7
Nagapattinam,Satara,flight,4226,1.83,993.4
Nagapattinam,Proddatur,train,271,6.9,464.0
Nagapattinam,Kollam,train,266,4.98,410.7
Nagapattinam,Kollam,flight,1857,0.74,410.7
Nagapattinam,Ambala,flight,7236,4.78,2203.0
Nagapattinam,Siliguri,flight,7637,4.34,1987.6
Nagapattinam,Rohtak,train,968,45.24,2043.1
Nagapattinam,Etawah,train,877,21.53,1782.8
Nagapattinam,Orai,flight,6430,2.34,1692.7
Nagapattinam,Haldwani,flight,7144,4.06,2051.5
Nagapattinam,Muzaffarpur,flight,5722,2.55,1803.5
Nagapattinam,Ramagundam,train,525,13.79,890.5
Nagapattinam,Ramagundam,flight,3935,1.55,890.5
Nagapattinam,Baripada,flight,5000,1.87,1441.3
Nagapattinam,Tezpur,train,1173,29.03,2227.5
Nagapattinam,Tezpur,flight,7037,3.14,2227.5
Nagapattinam,Korba,flight,5236,2.06,1324.8
Nagapattinam,Mahbubnagar,train,408,8.57,693.4
Nagapattinam,Buxar,flight,5847,2.6,1706.8
Nagapattinam,Sagar,flight,5754,3.0,1457.7
Nagapattinam,Chittoor,train,192,3.81,283.6
Nagapattinam,Chittoor,flight,1703,0.56,283.6
Nagapattinam,Arrah,flight,5386,2.79,1721.1
Nagapattinam,Bharuch,flight,5656,2.21,1416.7
Nagapattinam,Balasore,train,721,25.41,1411.3
Nagapattinam,Balasore,flight,4911,2.67,1411.3
Nagapattinam,Jalgaon,flight,4535,2.29,1226.4
Nagapattinam,Palakkad,train,210,4.9,348.1
Nagapattinam,Unnao,flight,6764,2.86,1754.3
Nagapattinam,Bilaspur,flight,4428,1.69,1280.9
Mahbubnagar,Mumbai,train,352,12.2,599.4
Mahbubnagar,Delhi,flight,4575,2.27,1333.2
Mahbubnagar,Bengaluru,train,259,9.33,421.3
Mahbubnagar,Kolkata,train,736,16.56,1264.8
Mahbubnagar,Chennai,train,270,7.59,475.3
Mahbubnagar,Hyderabad,train,98,1.05,89.2
Mahbubnagar,Pune,train,304,7.23,480.1
Mahbubnagar,Ahmedabad,flight,3675,1.59,898.7
Mahbubnagar,Jaipur,train,603,25.18,1153.3
Mahbubnagar,Surat,train,429,10.44,732.1
Mahbubnagar,Surat,flight,2777,1.1,732.1
Mahbubnagar,Lucknow,train,575,19.11,1164.3
Mahbubnagar,Lucknow,flight,4713,2.03,1164.3
Mahbubnagar,Kanpur,train,553,13.94,1106.3
Mahbubnagar,Nagpur,train,288,7.4,503.2
Mahbubnagar,Nagpur,flight,2264,0.8,503.2
Mahbubnagar,Indore,flight,2740,0.88,700.9
Mahbubnagar,Thane,train,348,11.67,596.8
Mahbubnagar,Thane,flight,2649,0.91,596.8
Mahbubnagar,Bhopal,train,401,9.15,727.2
Mahbubnagar,Visakhapatnam,flight,2421,0.72,565.7
Mahbubnagar,Pimpri-Chinchwad,train,266,6.65,490.5
Mahbubnagar,Patna,flight,4492,2.63,1231.8
Mahbubnagar,Vadodara,train,422,10.29,797.5
Mahbubnagar,Ghaziabad,flight,5201,1.74,1327.4
Mahbubnagar,Ludhiana,flight,5621,2.49,1589.1
Mahbubnagar,Agra,train,645,22.52,1160.3
Mahbubnagar,Agra,flight,4250,1.88,1160.3
Mahbubnagar,Nashik,train,307,11.33,571.8
Mahbubnagar,Nashik,flight,2735,1.17,571.8
Mahbubnagar,Faridabad,flight,5069,2.2,1299.1
Mahbubnagar,Meerut,flight,4975,2.58,1361.6
Mahbubnagar,Rajkot,train,558,16.93,973.9
Mahbubnagar,Rajkot,flight,4202,1.79,973.9
Mahbubnagar,Kalyan,train,336,7.48,583.6
Mahbubnagar,Vasai-Virar,train,343,9.31,618.5
Mahbubnagar,Varanasi,train,609,15.5,1084.7
Mahbubnagar,Varanasi,flight,3907,1.81,1084.7
Mahbubnagar,Srinagar,flight,6240,3.34,1954.4
Mahbubnagar,Dhanbad,flight,4553,1.67,1178.9
Mahbubnagar,Jodhpur,train,689,14.81,1173.7
Mahbubnagar,Jodhpur,flight,4521,1.75,1173.7
Mahbubnagar,Amritsar,flight,5276,2.73,1685.5
Mahbubnagar,Nanded,train,187,3.2,277.2
Mahbubnagar,Nanded,flight,1607,0.39,277.2
Mahbubnagar,Gwalior,flight,4213,2.24,1053.9
Mahbubnagar,Kolhapur,train,255,6.96,398.3
Mahbubnagar,Bhubaneswar,flight,3268,1.49,916.0
Mahbubnagar,Solapur,train,169,3.11,243.2
Mahbubnagar,Mangalore,train,336,10.94,542.4
Mahbubnagar,Mangalore,flight,2347,0.89,542.4
Mahbubnagar,Tiruchirappalli,train,406,7.89,666.3
Mahbubnagar,BiharSharif,flight,4285,1.91,1222.6
Mahbubnagar,Aligarh,flight,4736,2.55,1240.5
Mahbubnagar,Tirunelveli,flight,3278,1.43,893.0
Mahbubnagar,Bhiwandi,train,329,11.69,592.4
Mahbubnagar,Bhiwandi,flight,2704,1.14,592.4
Mahbubnagar,Saharanpur,flight,5507,2.16,1470.9
Mahbubnagar,Gorakhpur,flight,5092,1.87,1244.8
Mahbubnagar,Jalandhar,flight,6205,2.17,1639.9
Mahbubnagar,Jamshedpur,flight,3798,1.78,1092.2
Mahbubnagar,Salem,train,306,7.32,564.9
Mahbubnagar,Warangal,train,153,3.58,218.6
Mahbubnagar,Warangal,flight,1594,0.31,218.6
Mahbubnagar,Mira-Bhayandar,train,352,12.56,611.5
Mahbubnagar,Thiruvananthapuram,train,484,19.99,920.8
Mahbubnagar,Bhilai,train,374,8.38,613.1
Mahbubnagar,Bhilai,flight,2573,0.8,613.1
Mahbubnagar,Ujjain,train,424,12.68,751.8
Mahbubnagar,Durgapur,flight,4841,2.1,1230.7
Mahbubnagar,Asansol,flight,4536,1.68,1212.6
Mahbubnagar,Rourkela,train,520,17.65,945.6
Mahbubnagar,Nellore,train,224,4.81,333.7
Mahbubnagar,Nellore,flight,1783,0.46,333.7
Mahbubnagar,Dehradun,flight,5816,2.99,1509.4
Mahbubnagar,Davanagere,train,231,5.22,336.1
Mahbubnagar,Davanagere,flight,1965,0.42,336.1
Mahbubnagar,Kozhikode,train,401,14.27,654.4
Mahbubnagar,Kozhikode,flight,3156,1.26,654.4
Mahbubnagar,Akola,train,267,6.55,452.1
Mahbubnagar,Kurnool,train,109,2.0,101.8
Mahbubnagar,Nizamabad,train,165,2.67,215.0
Mahbubnagar,Nizamabad,flight,1310,0.46,215.0
Mahbubnagar,Guntur,train,179,5.3,265.8
Mahbubnagar,Amravati,train,287,8.16,466.7
Mahbubnagar,Amravati,flight,2380,0.66,466.7
Mahbubnagar,Kakinada,train,293,5.59,454.4
Mahbubnagar,Tirupati,train,255,4.69,378.8
Mahbubnagar,Puri,train,545,12.52,895.9
Mahbubnagar,Shimoga,train,261,4.83,406.1
Mahbubnagar,Shimoga,flight,2132,0.56,406.1
Mahbubnagar,Ongole,train,181,3.41,259.9
Mahbubnagar,Bathinda,flight,5947,2.91,1529.2
Mahbubnagar,Darbhanga,flight,5459,1.75,1327.7
Mahbubnagar,Satara,flight,2193,0.95,436.6
Mahbubnagar,Proddatur,train,181,3.45,229.6
Mahbubnagar,Proddatur,flight,1525,0.35,229.6
Mahbubnagar,Kollam,train,458,10.63,885.3
Mahbubnagar,Kollam,flight,3771,1.36,885.3
Mahbubnagar,Ambala,flight,5750,2.67,1521.2
Mahbubnagar,Siliguri,flight,5920,2.54,1545.0
Mahbubnagar,Rohtak,flight,4692,1.72,1358.7
Mahbubnagar,Etawah,flight,4740,2.48,1121.8
Mahbubnagar,Orai,flight,4117,1.45,1039.7
Mahbubnagar,Haldwani,train,782,17.32,1396.1
Mahbubnagar,Muzaffarpur,flight,4723,1.96,1293.5
Mahbubnagar,Ramagundam,flight,1612,0.47,280.8
Mahbubnagar,Baripada,train,596,13.0,1084.4
Mahbubnagar,Tezpur,flight,6002,3.37,1882.7
Mahbubnagar,Korba,train,434,12.0,799.3
Mahbubnagar,Nagapattinam,train,427,12.1,693.4
Mahbubnagar,Nagapattinam,flight,2768,1.12,693.4
Mahbubnagar,Buxar,flight,4729,1.81,1171.7
Mahbubnagar,Sagar,train,478,9.88,793.0
Mahbubnagar,Sagar,flight,2927,1.03,793.0
Mahbubnagar,Chittoor,train,255,7.42,409.8
Mahbubnagar,Arrah,flight,4779,1.84,1200.2
Mahbubnagar,Bharuch,train,436,10.07,759.3
Mahbubnagar,Bharuch,flight,2784,1.55,759.3
Mahbubnagar,Balasore,train,580,12.75,1077.7
Mahbubnagar,Balasore,flight,4054,1.71,1077.7
Mahbubnagar,Jalgaon,train,292,6.26,538.4
Mahbubnagar,Palakkad,flight,2871,1.42,677.6
Mahbubnagar,Unnao,train,584,13.65,1119.3
Mahbubnagar,Unnao,flight,4331,2.19,1119.3
Mahbubnagar,Bilaspur,train,378,10.81,736.1
Buxar,Mumbai,flight,5233,2.39,1366.5
Buxar,Delhi,train,454,9.61,781.6
Buxar,Delhi,flight,3319,1.27,781.6
Buxar,Bengaluru,flight,5130,2.14,1560.4
Buxar,Kolkata,train,294,11.58,540.2
Buxar,Kolkata,flight,2473,0.92,540.2
Buxar,Chennai,flight,4871,2.16,1446.7
Buxar,Hyderabad,flight,4321,1.93,1082.8
Buxar,Pune,flight,4790,1.98,1319.5
Buxar,Ahmedabad,flight,4548,1.61,1208.7
Buxar,Jaipur,flight,3246,1.81,849.4
Buxar,Surat,flight,5070,1.82,1255.8
Buxar,Lucknow,train,235,3.95,351.9
Buxar,Kanpur,train,243,5.55,396.1
Buxar,Kanpur,flight,2112,0.55,396.1
Buxar,Nagpur,train,407,12.56,714.5
Buxar,Indore,flight,3655,1.31,900.7
Buxar,Thane,flight,5247,1.74,1349.0
Buxar,Bhopal,train,407,8.12,730.6
Buxar,Bhopal,flight,2852,0.99,730.6
Buxar,Visakhapatnam,flight,3137,1.34,881.5
Buxar,Pimpri-Chinchwad,train,769,17.16,1316.8
Buxar,Pimpri-Chinchwad,flight,5036,1.67,1316.8
Buxar,Patna,train,100,1.43,97.0
Buxar,Vadodara,train,613,25.23,1173.7
Buxar,Vadodara,flight,3933,2.15,1173.7
Buxar,Ghaziabad,train,384,8.38,748.9
Buxar,Ludhiana,train,578,21.95,1007.1
Buxar,Agra,train,357,9.65,639.5
Buxar,Nashik,flight,4288,1.59,1230.5
Buxar,Faridabad,train,385,10.05,748.9
Buxar,Meerut,train,464,8.46,743.3
Buxar,Rajkot,flight,5346,2.05,1405.5
Buxar,Kalyan,flight,5388,1.89,1334.4
Buxar,Vasai-Virar,flight,5370,1.73,1350.6
Buxar,Varanasi,train,107,1.72,123.3
Buxar,Srinagar,flight,4474,1.75,1308.3
Buxar,Dhanbad,train,211,5.06,301.3
Buxar,Jodhpur,flight,3920,1.77,1117.2
Buxar,Amritsar,flight,4490,1.66,1130.4
Buxar,Nanded,flight,3867,1.73,1001.8
Buxar,Gwalior,train,369,7.0,603.4
Buxar,Gwalior,flight,2706,0.88,603.4
Buxar,Kolhapur,flight,4847,2.74,1423.8
Buxar,Bhubaneswar,flight,2586,1.13,609.8
Buxar,Solapur,flight,4698,2.54,1225.1
Buxar,Mangalore,flight,6515,2.18,1711.6
Buxar,Tiruchirappalli,flight,5682,3.07,1740.7
Buxar,BiharSharif,train,131,1.7,141.3
Buxar,Aligarh,train,388,9.51,657.4
Buxar,Tirunelveli,flight,6644,3.84,1992.8
Buxar,Bhiwandi,flight,5080,1.81,1337.8
Buxar,Saharanpur,train,455,13.69,814.7
Buxar,Saharanpur,flight,3080,1.29,814.7
Buxar,Gorakhpur,train,138,3.3,155.0
Buxar,Jalandhar,flight,4221,1.67,1056.0
Buxar,Jamshedpur,train,246,8.04,369.7
Buxar,Jamshedpur,flight,2105,0.49,369.7
Buxar,Salem,train,861,22.48,1670.2
Buxar,Salem,flight,6425,2.31,1670.2
Buxar,Warangal,flight,3851,1.5,967.6
Buxar,Mira-Bhayandar,flight,5569,2.83,1356.1
Buxar,Thiruvananthapuram,flight,7305,2.87,2043.6
Buxar,Bhilai,train,326,12.35,561.0
Buxar,Ujjain,train,447,15.29,889.7
Buxar,Durgapur,train,240,6.87,390.6
Buxar,Durgapur,flight,2214,0.55,390.6
Buxar,Asansol,train,203,4.75,350.7
Buxar,Rourkela,train,252,7.12,373.9
Buxar,Nellore,flight,4762,2.08,1311.4
Buxar,Dehradun,flight,3680,1.53,801.5
Buxar,Davanagere,flight,6071,2.49,1504.3
Buxar,Kozhikode,flight,6134,2.45,1819.0
Buxar,Akola,train,538,10.73,910.3
Buxar,Akola,flight,3198,1.53,910.3
Buxar,Kurnool,flight,4988,2.2,1256.1
Buxar,Nizamabad,flight,3620,2.04,989.2
Buxar,Guntur,train,657,13.79,1099.9
Buxar,Amravati,train,420,11.84,832.2
Buxar,Kakinada,train,540,18.89,974.1
Buxar,Kakinada,flight,3915,1.3,974.1
Buxar,Tirupati,flight,4810,2.54,1417.1
Buxar,Puri,train,372,13.41,661.8
Buxar,Shimoga,flight,5037,2.07,1574.9
Buxar,Ongole,train,613,14.2,1197.7
Buxar,Ongole,flight,4116,2.15,1197.7
Buxar,Bathinda,flight,4246,1.5,1043.0
Buxar,Darbhanga,train,142,3.09,184.2
Buxar,Satara,flight,5134,2.16,1368.5
Buxar,Proddatur,flight,4813,2.24,1337.5
Buxar,Kollam,flight,6590,4.33,2018.6
Buxar,Ambala,flight,3467,1.24,901.7
Buxar,Siliguri,train,281,6.96,443.5
Buxar,Siliguri,flight,2347,0.83,443.5
Buxar,Rohtak,flight,3201,1.16,834.3
Buxar,Etawah,train,312,6.62,532.1
Buxar,Etawah,flight,2558,1.03,532.1
Buxar,Orai,train,293,6.68,474.1
Buxar,Orai,flight,2072,0.98,474.1
Buxar,Haldwani,train,332,12.36,613.6
Buxar,Muzaffarpur,train,122,2.06,136.7
Buxar,Ramagundam,train,522,14.17,891.8
Buxar,Baripada,train,302,6.71,482.7
Buxar,Tezpur,flight,3310,1.56,869.1
Buxar,Korba,train,245,4.75,384.8
Buxar,Nagapattinam,flight,6155,2.54,1706.8
Buxar,Mahbubnagar,flight,4104,1.47,1171.7
Buxar,Sagar,train,368,6.82,581.4
Buxar,Chittoor,flight,5791,3.0,1471.9
Buxar,Arrah,train,77,0.7,49.8
Buxar,Bharuch,flight,4925,1.52,1214.1
Buxar,Balasore,train,298,10.33,533.3
Buxar,Jalgaon,train,544,16.71,1014.4
Buxar,Palakkad,flight,6671,3.18,1823.8
Buxar,Unnao,train,264,4.52,383.9
Buxar,Bilaspur,train,244,5.11,439.2
Sagar,Mumbai,train,456,17.77,804.9
Sagar,Delhi,train,350,6.38,565.0
Sagar,Delhi,flight,2350,0.84,565.0
Sagar,Bengaluru,flight,4779,2.31,1214.4
Sagar,Kolkata,train,528,14.89,993.6
Sagar,Kolkata,flight,4144,1.3,993.6
Sagar,Chennai,flight,4648,1.59,1206.9
Sagar,Hyderabad,train,370,9.45,718.1
Sagar,Hyderabad,flight,3233,1.05,718.1
Sagar,Pune,train,469,8.98,778.2
Sagar,Ahmedabad,train,350,8.93,635.6
Sagar,Jaipur,train,256,5.3,452.4
Sagar,Jaipur,flight,2259,0.62,452.4
Sagar,Surat,train,421,14.81,675.3
Sagar,Surat,flight,2598,1.13,675.3
Sagar,Lucknow,train,234,4.62,401.4
Sagar,Kanpur,train,218,5.15,331.7
Sagar,Nagpur,train,192,3.49,301.6
Sagar,Nagpur,flight,1880,0.38,301.6
Sagar,Indore,train,216,4.85,319.4
Sagar,Thane,train,455,9.4,786.5
Sagar,Bhopal,train,131,2.76,149.6
Sagar,Visakhapatnam,flight,3552,1.41,827.5
Sagar,Pimpri-Chinchwad,flight,3271,1.58,772.8
Sagar,Patna,train,420,13.36,675.2
Sagar,Patna,flight,2693,1.2,675.2
Sagar,Vadodara,train,379,9.97,593.3
Sagar,Vadodara,flight,2803,0.97,593.3
Sagar,Ghaziabad,train,303,6.3,552.2
Sagar,Ludhiana,train,471,11.9,835.1
Sagar,Agra,train,228,5.81,378.3
Sagar,Nashik,train,415,7.72,665.4
Sagar,Faridabad,train,307,8.63,527.6
Sagar,Meerut,train,367,9.22,581.3
Sagar,Rajkot,train,421,14.2,829.4
Sagar,Kalyan,train,427,9.51,773.1
Sagar,Vasai-Virar,flight,3150,1.23,784.9
Sagar,Varanasi,train,305,7.19,458.8
Sagar,Srinagar,flight,4936,2.33,1201.6
Sagar,Dhanbad,train,419,15.52,782.5
Sagar,Jodhpur,train,356,8.4,634.4
Sagar,Amritsar,flight,3851,1.37,946.4
Sagar,Nanded,train,341,8.11,541.2
Sagar,Nanded,flight,2586,0.71,541.2
Sagar,Gwalior,train,202,4.18,270.4
Sagar,Kolhapur,train,483,18.92,921.2
Sagar,Bhubaneswar,flight,3708,1.44,829.5
Sagar,Solapur,train,425,14.03,747.4
Sagar,Solapur,flight,3284,1.04,747.4
Sagar,Mangalore,train,759,18.4,1281.7
Sagar,Mangalore,flight,5262,1.74,1281.7
Sagar,Tiruchirappalli,flight,5102,2.26,1450.9
Sagar,BiharSharif,train,370,12.02,702.4
Sagar,BiharSharif,flight,2715,1.54,702.4
Sagar,Aligarh,train,274,5.95,456.0
Sagar,Tirunelveli,flight,5621,2.68,1685.1
Sagar,Bhiwandi,train,432,11.08,775.3
Sagar,Saharanpur,train,372,8.62,691.2
Sagar,Gorakhpur,train,352,11.56,568.0
Sagar,Jalandhar,train,449,10.93,888.8
Sagar,Jalandhar,flight,3559,1.17,888.8
Sagar,Jamshedpur,train,404,15.2,770.8
Sagar,Salem,flight,4945,2.99,1355.2
Sagar,Warangal,train,394,9.76,658.7
Sagar,Mira-Bhayandar,train,465,13.26,791.8
Sagar,Mira-Bhayandar,flight,3138,1.05,791.8
Sagar,Thiruvananthapuram,flight,5478,2.44,1713.7
Sagar,Bhilai,train,261,7.34,403.8
Sagar,Ujjain,train,187,5.01,309.9
Sagar,Durgapur,flight,3691,1.7,873.7
Sagar,Asansol,train,444,9.35,836.5
Sagar,Asansol,flight,3130,1.78,836.5
Sagar,Rourkela,train,361,13.08,649.8
Sagar,Rourkela,flight,3106,0.92,649.8
Sagar,Nellore,train,578,14.26,1053.0
Sagar,Dehradun,train,394,12.99,723.7
Sagar,Davanagere,flight,4454,1.59,1083.4
Sagar,Kozhikode,flight,5045,1.96,1433.4
Sagar,Akola,train,237,7.12,391.7
Sagar,Akola,flight,2012,0.66,391.7
Sagar,Kurnool,train,539,10.51,893.8
Sagar,Kurnool,flight,3704,1.45,893.8
Sagar,Nizamabad,train,323,12.7,578.3
Sagar,Nizamabad,flight,2304,1.2,578.3
Sagar,Guntur,train,472,10.53,856.1
Sagar,Amravati,train,217,4.51,338.0
Sagar,Kakinada,flight,3291,1.46,844.8
Sagar,Tirupati,train,672,13.03,1137.6
Sagar,Puri,flight,3669,1.41,857.9
Sagar,Shimoga,flight,4611,1.46,1151.0
Sagar,Ongole,train,534,10.82,936.7
Sagar,Ongole,flight,3643,1.17,936.7
Sagar,Bathinda,train,421,12.69,801.8
Sagar,Bathinda,flight,3550,1.05,801.8
Sagar,Darbhanga,train,460,14.63,765.4
Sagar,Darbhanga,flight,3319,0.97,765.4
Sagar,Satara,train,475,11.36,843.8
Sagar,Satara,flight,3263,1.4,843.8
Sagar,Proddatur,flight,3937,1.37,1010.8
Sagar,Kollam,flight,6556,3.21,1677.1
Sagar,Ambala,train,407,11.02,752.6
Sagar,Siliguri,flight,3596,1.72,1024.9
Sagar,Rohtak,flight,2814,0.85,601.0
Sagar,Etawah,train,200,5.73,328.9
Sagar,Orai,train,164,2.92,250.1
Sagar,Haldwani,train,341,7.5,603.2
Sagar,Muzaffarpur,flight,2860,1.23,716.8
Sagar,Ramagundam,train,355,7.81,569.4
Sagar,Baripada,train,451,10.72,847.7
Sagar,Baripada,flight,3307,1.82,847.7
Sagar,Tezpur,train,741,23.56,1446.9
Sagar,Tezpur,flight,5504,2.05,1446.9
Sagar,Korba,train,244,6.61,442.2
Sagar,Korba,flight,2066,0.73,442.2
Sagar,Nagapattinam,flight,4927,3.13,1457.7
Sagar,Mahbubnagar,train,483,10.38,793.0
Sagar,Buxar,train,344,10.5,581.4
Sagar,Chittoor,train,679,14.65,1181.7
Sagar,Chittoor,flight,3987,1.83,1181.7
Sagar,Arrah,train,340,7.1,628.8
Sagar,Arrah,flight,2715,1.13,628.8
Sagar,Bharuch,flight,2628,0.88,632.7
Sagar,Balasore,flight,3227,1.67,880.2
Sagar,Jalgaon,train,252,5.44,453.4
Sagar,Palakkad,flight,5227,1.94,1468.0
Sagar,Unnao,train,224,4.25,347.7
Sagar,Bilaspur,train,264,6.05,399.4
Chittoor,Mumbai,flight,3704,1.27,930.4
Chittoor,Delhi,train,917,25.23,1734.4
Chittoor,Delhi,flight,6889,2.35,1734.4
Chittoor,Bengaluru,train,127,2.6,165.4
Chittoor,Kolkata,flight,5615,1.84,1428.3
Chittoor,Chennai,train,115,2.78,127.6
Chittoor,Hyderabad,train,262,5.94,468.1
Chittoor,Pune,flight,3333,1.2,813.6
Chittoor,Ahmedabad,flight,4306,1.79,1289.7
Chittoor,Jaipur,flight,5143,3.35,1561.4
Chittoor,Surat,train,657,21.07,1106.6
Chittoor,Surat,flight,4659,1.55,1106.6
Chittoor,Lucknow,flight,6157,2.65,1527.7
Chittoor,Kanpur,flight,5705,2.17,1477.0
Chittoor,Nagpur,flight,3392,1.22,881.6
Chittoor,Indore,train,659,18.76,1110.7
Chittoor,Indore,flight,3968,2.37,1110.7
Chittoor,Thane,train,490,12.87,933.8
Chittoor,Thane,flight,3777,1.54,933.8
Chittoor,Bhopal,flight,4720,1.42,1130.8
Chittoor,Visakhapatnam,train,417,7.58,664.6
Chittoor,Pimpri-Chinchwad,train,474,11.05,826.5
Chittoor,Pimpri-Chinchwad,flight,3319,1.67,826.5
Chittoor,Patna,flight,5008,2.19,1514.2
Chittoor,Vadodara,flight,4385,2.21,1188.9
Chittoor,Ghaziabad,flight,5942,2.64,1726.6
Chittoor,Ludhiana,flight,6973,2.63,1994.2
Chittoor,Agra,flight,6063,2.36,1556.4
Chittoor,Nashik,flight,4169,1.73,942.4
Chittoor,Faridabad,flight,6718,2.35,1699.3
Chittoor,Meerut,flight,5498,3.15,1759.1
Chittoor,Rajkot,flight,5495,1.93,1338.2
Chittoor,Kalyan,train,480,14.72,924.2
Chittoor,Vasai-Virar,flight,3545,1.41,957.7
Chittoor,Varanasi,flight,4518,1.78,1405.3
Chittoor,Srinagar,flight,8818,3.79,2360.6
Chittoor,Dhanbad,flight,4691,1.84,1406.6
Chittoor,Jodhpur,flight,5080,2.62,1580.7
Chittoor,Amritsar,flight,6728,4.51,2092.9
Chittoor,Nanded,flight,3116,1.16,686.9
Chittoor,Gwalior,flight,5244,2.34,1448.8
Chittoor,Kolhapur,train,383,7.82,649.9
Chittoor,Kolhapur,flight,2893,0.84,649.9
Chittoor,Bhubaneswar,train,613,22.36,1063.6
Chittoor,Solapur,train,331,11.56,601.0
Chittoor,Mangalore,train,271,5.98,461.0
Chittoor,Tiruchirappalli,train,183,4.69,273.2
Chittoor,BiharSharif,flight,5765,2.55,1492.4
Chittoor,Aligarh,flight,5878,3.37,1635.7
Chittoor,Tirunelveli,train,338,9.13,521.8
Chittoor,Tirunelveli,flight,2283,0.81,521.8
Chittoor,Bhiwandi,train,537,19.35,932.8
Chittoor,Saharanpur,flight,6739,3.95,1869.0
Chittoor,Gorakhpur,flight,5384,2.31,1570.3
Chittoor,Jalandhar,flight,7927,4.0,2045.6
Chittoor,Jamshedpur,flight,4743,2.11,1303.4
Chittoor,Salem,train,152,3.84,201.4
Chittoor,Warangal,train,316,6.12,531.0
Chittoor,Warangal,flight,2265,0.69,531.0
Chittoor,Mira-Bhayandar,train,530,13.38,947.9
Chittoor,Thiruvananthapuram,train,312,10.28,572.8
Chittoor,Thiruvananthapuram,flight,2405,1.09,572.8
Chittoor,Bhilai,train,517,20.16,920.5
Chittoor,Bhilai,flight,4006,1.5,920.5
Chittoor,Ujjain,train,652,14.03,1161.6
Chittoor,Durgapur,flight,5270,2.7,1435.5
Chittoor,Asansol,flight,5543,2.08,1427.8
Chittoor,Rourkela,train,671,17.19,1175.3
Chittoor,Rourkela,flight,4698,1.55,1175.3
Chittoor,Nellore,train,127,3.67,166.5
Chittoor,Dehradun,flight,6534,2.94,1904.5
Chittoor,Davanagere,train,225,6.7,370.2
Chittoor,Davanagere,flight,1793,0.69,370.2
Chittoor,Kozhikode,train,255,5.25,421.4
Chittoor,Akola,train,436,10.46,861.4
Chittoor,Akola,flight,3403,1.24,861.4
Chittoor,Kurnool,train,199,3.68,312.1
Chittoor,Nizamabad,train,328,8.62,616.0
Chittoor,Guntur,train,245,8.0,372.4
Chittoor,Amravati,train,456,10.61,869.7
Chittoor,Kakinada,train,294,11.21,538.5
Chittoor,Tirupati,train,78,0.75,57.3
Chittoor,Puri,flight,3856,1.55,1025.7
Chittoor,Shimoga,train,254,7.98,389.9
Chittoor,Shimoga,flight,2195,0.5,389.9
Chittoor,Ongole,train,173,4.15,274.3
Chittoor,Bathinda,flight,6012,2.64,1937.2
Chittoor,Darbhanga,flight,5850,2.73,1603.7
Chittoor,Satara,train,424,8.62,738.7
Chittoor,Proddatur,train,128,2.08,180.5
Chittoor,Kollam,train,354,6.48,552.0
Chittoor,Ambala,flight,7282,3.11,1923.1
Chittoor,Siliguri,flight,6679,3.68,1787.3
Chittoor,Rohtak,flight,5746,2.3,1762.3
Chittoor,Etawah,flight,5600,2.62,1508.8
Chittoor,Orai,flight,5245,2.76,1420.9
Chittoor,Haldwani,flight,6867,2.26,1779.8
Chittoor,Muzaffarpur,flight,5827,2.26,1577.9
Chittoor,Ramagundam,train,382,10.61,620.0
Chittoor,Baripada,flight,4249,2.18,1261.7
Chittoor,Tezpur,flight,7181,4.23,2065.5
Chittoor,Korba,flight,4086,1.43,1087.1
Chittoor,Nagapattinam,train,189,4.48,283.6
Chittoor,Mahbubnagar,train,249,7.37,409.8
Chittoor,Mahbubnagar,flight,2071,0.54,409.8
Chittoor,Buxar,flight,4792,3.02,1471.9
Chittoor,Sagar,train,650,22.87,1181.7
Chittoor,Arrah,flight,6058,3.27,1491.0
Chittoor,Bharuch,flight,4454,1.83,1142.9
Chittoor,Balasore,flight,4778,2.29,1239.1
Chittoor,Jalgaon,train,539,12.7,944.2
Chittoor,Jalgaon,flight,3282,1.68,944.2
Chittoor,Palakkad,train,255,7.43,379.2
Chittoor,Unnao,flight,5816,2.92,1488.1
Chittoor,Bilaspur,flight,3824,1.44,1036.6
Arrah,Mumbai,flight,5420,2.42,1409.9
Arrah,Delhi,train,435,14.57,826.0
Arrah,Delhi,flight,3536,1.22,826.0
Arrah,Bengaluru,flight,5088,2.04,1583.6
Arrah,Kolkata,train,272,7.75,501.1
Arrah,Chennai,flight,5927,1.92,1461.8
Arrah,Hyderabad,flight,4284,2.43,1111.1
Arrah,Pune,flight,5019,2.81,1360.7
Arrah,Ahmedabad,flight,4414,2.45,1257.5
Arrah,Jaipur,train,544,12.02,898.2
Arrah,Jaipur,flight,3537,1.92,898.2
Arrah,Surat,flight,4396,2.4,1302.4
Arrah,Lucknow,train,258,8.75,397.9
Arrah,Lucknow,flight,2173,0.57,397.9
Arrah,Kanpur,train,250,6.75,444.4
Arrah,Nagpur,train,454,15.3,751.8
Arrah,Indore,train,544,11.09,947.9
Arrah,Thane,flight,5476,1.77,1392.4
Arrah,Bhopal,train,462,9.62,777.8
Arrah,Visakhapatnam,flight,3959,1.18,888.2
Arrah,Pimpri-Chinchwad,flight,4781,1.91,1358.3
Arrah,Patna,train,69,0.61,47.3
Arrah,Patna,flight,974,0.06,47.3
Arrah,Vadodara,flight,4838,2.41,1221.7
Arrah,Ghaziabad,train,478,9.57,793.0
Arrah,Ludhiana,train,529,19.92,1047.1
Arrah,Ludhiana,flight,4108,1.89,1047.1
Arrah,Agra,train,382,13.72,687.3
Arrah,Nashik,train,623,15.9,1274.5
Arrah,Nashik,flight,5175,2.1,1274.5
Arrah,Faridabad,train,465,14.91,794.0
Arrah,Meerut,train,482,9.52,786.1
Arrah,Rajkot,flight,5345,2.52,1454.2
Arrah,Kalyan,flight,4679,2.47,1377.8
Arrah,Vasai-Virar,flight,5697,2.52,1394.5
Arrah,Varanasi,train,142,3.06,172.2
Arrah,Srinagar,flight,5234,2.46,1342.0
Arrah,Dhanbad,train,198,3.28,265.0
Arrah,Dhanbad,flight,1741,0.37,265.0
Arrah,Jodhpur,train,594,15.68,1166.7
Arrah,Amritsar,train,674,17.2,1169.8
Arrah,Nanded,train,621,12.18,1038.0
Arrah,Gwalior,train,347,9.43,652.8
Arrah,Kolhapur,flight,5845,2.41,1461.1
Arrah,Bhubaneswar,train,377,11.25,597.2
Arrah,Solapur,flight,4770,2.47,1261.0
Arrah,Mangalore,flight,6300,2.36,1741.4
Arrah,Tiruchirappalli,flight,6790,2.6,1758.2
Arrah,BiharSharif,train,101,1.76,94.4
Arrah,Aligarh,train,413,10.4,703.1
Arrah,Tirunelveli,flight,6945,4.03,2010.8
Arrah,Bhiwandi,flight,5288,1.74,1381.3
Arrah,Saharanpur,flight,3170,1.36,854.5
Arrah,Gorakhpur,train,129,2.07,185.7
Arrah,Jalandhar,train,551,12.58,1095.2
Arrah,Jalandhar,flight,4613,1.66,1095.2
Arrah,Jamshedpur,train,219,4.18,343.7
Arrah,Jamshedpur,flight,1790,0.75,343.7
Arrah,Salem,flight,6432,2.73,1690.2
Arrah,Warangal,train,568,13.41,993.2
Arrah,Warangal,flight,3971,2.2,993.2
Arrah,Mira-Bhayandar,flight,4614,2.53,1399.8
Arrah,Thiruvananthapuram,train,1017,43.96,2063.4
Arrah,Thiruvananthapuram,flight,6874,4.04,2063.4
Arrah,Bhilai,train,362,8.31,587.5
Arrah,Bhilai,flight,2503,1.29,587.5
Arrah,Ujjain,train,515,15.54,937.6
Arrah,Ujjain,flight,3829,1.18,937.6
Arrah,Durgapur,train,248,4.03,350.7
Arrah,Durgapur,flight,1899,0.74,350.7
Arrah,Asansol,train,187,4.58,311.5
Arrah,Rourkela,train,250,4.18,367.5
Arrah,Nellore,flight,5493,1.96,1329.1
Arrah,Dehradun,train,430,13.92,839.1
Arrah,Dehradun,flight,2992,1.44,839.1
Arrah,Davanagere,flight,5936,3.28,1534.1
Arrah,Kozhikode,flight,6504,2.67,1844.4
Arrah,Akola,train,492,12.25,951.3
Arrah,Kurnool,flight,4559,1.72,1282.6
Arrah,Nizamabad,train,571,11.83,1021.9
Arrah,Guntur,flight,4313,1.57,1118.6
Arrah,Amravati,train,499,13.19,872.4
Arrah,Amravati,flight,3263,1.35,872.4
Arrah,Kakinada,train,571,11.25,985.5
Arrah,Tirupati,flight,5112,1.86,1435.6
Arrah,Puri,train,369,8.07,650.1
Arrah,Shimoga,flight,5610,3.19,1604.7
Arrah,Ongole,flight,4435,1.55,1216.7
Arrah,Bathinda,train,560,17.36,1085.8
Arrah,Bathinda,flight,4299,2.26,1085.8
Arrah,Darbhanga,train,128,2.59,139.1
Arrah,Satara,flight,4762,3.12,1407.9
Arrah,Proddatur,train,665,22.77,1360.5
Arrah,Proddatur,flight,5187,1.92,1360.5
Arrah,Kollam,flight,7310,4.47,2039.5
Arrah,Ambala,flight,3470,1.21,941.6
Arrah,Siliguri,train,238,5.25,396.4
Arrah,Siliguri,flight,2094,0.69,396.4
Arrah,Rohtak,train,538,13.57,878.8
Arrah,Rohtak,flight,3183,1.75,878.8
Arrah,Etawah,flight,2885,0.93,580.3
Arrah,Orai,train,318,8.47,523.7
Arrah,Haldwani,train,342,12.47,651.4
Arrah,Muzaffarpur,train,103,1.19,95.4
Arrah,Ramagundam,flight,3287,1.44,919.6
Arrah,Baripada,train,258,7.6,456.8
Arrah,Baripada,flight,1988,0.69,456.8
Arrah,Tezpur,flight,3718,1.15,820.1
Arrah,Korba,train,272,7.05,406.0
Arrah,Nagapattinam,flight,5467,2.44,1721.1
Arrah,Mahbubnagar,flight,4302,1.99,1200.2
Arrah,Buxar,train,78,0.58,49.8
Arrah,Sagar,train,339,11.55,628.8
Arrah,Sagar,flight,2514,0.93,628.8
Arrah,Chittoor,flight,5968,2.24,1491.0
Arrah,Bharuch,flight,5184,2.61,1261.4
Arrah,Balasore,train,283,9.12,508.0
Arrah,Balasore,flight,2417,0.97,508.0
Arrah,Jalgaon,flight,3830,1.79,1058.4
Arrah,Palakkad,flight,5751,3.11,1846.6
Arrah,Unnao,train,256,6.05,431.8
Arrah,Unnao,flight,1975,0.55,431.8
Arrah,Bilaspur,train,272,5.46,464.7
Arrah,Bilaspur,flight,2239,0.7,464.7
Bharuch,Mumbai,train,197,4.2,292.7
Bharuch,Delhi,flight,3690,1.95,880.0
Bharuch,Bengaluru,flight,4422,1.4,1085.7
Bharuch,Kolkata,flight,6291,2.5,1583.0
Bharuch,Chennai,flight,4215,1.67,1229.0
Bharuch,Hyderabad,train,408,8.44,747.8
Bharuch,Pune,train,219,7.41,364.8
Bharuch,Ahmedabad,train,136,2.56,153.5
Bharuch,Jaipur,train,403,12.04,643.5
Bharuch,Jaipur,flight,3070,1.25,643.5
Bharuch,Surat,train,88,0.76,62.5
Bharuch,Surat,flight,1027,0.09,62.5
Bharuch,Lucknow,flight,3734,2.17,986.0
Bharuch,Kanpur,flight,3217,1.94,910.7
Bharuch,Nagpur,train,384,7.93,631.6
Bharuch,Indore,train,216,6.06,313.5
Bharuch,Indore,flight,1895,0.43,313.5
Bharuch,Thane,train,179,4.13,276.5
Bharuch,Thane,flight,1651,0.45,276.5
Bharuch,Bhopal,train,298,8.07,483.7
Bharuch,Bhopal,flight,2084,1.05,483.7
Bharuch,Visakhapatnam,flight,4692,1.69,1157.4
Bharuch,Pimpri-Chinchwad,train,231,5.3,351.6
Bharuch,Pimpri-Chinchwad,flight,2087,0.55,351.6
Bharuch,Patna,flight,4499,2.44,1307.5
Bharuch,Vadodara,train,78,0.95,69.1
Bharuch,Ghaziabad,train,544,13.68,893.7
Bharuch,Ghaziabad,flight,3246,1.14,893.7
Bharuch,Ludhiana,flight,4003,1.63,1060.9
Bharuch,Agra,train,459,15.26,790.7
Bharuch,Nashik,train,147,2.61,206.2
Bharuch,Nashik,flight,1365,0.32,206.2
Bharuch,Faridabad,train,444,11.34,862.0
Bharuch,Faridabad,flight,3818,1.09,862.0
Bharuch,Meerut,train,487,13.46,936.4
Bharuch,Rajkot,train,172,2.96,237.7
Bharuch,Kalyan,train,171,4.67,274.5
Bharuch,Kalyan,flight,1535,0.42,274.5
Bharuch,Vasai-Virar,train,162,2.93,258.0
Bharuch,Varanasi,flight,3775,1.42,1091.5
Bharuch,Srinagar,flight,4884,2.33,1387.4
Bharuch,Dhanbad,flight,5387,2.64,1394.5
Bharuch,Jodhpur,train,277,6.29,504.1
Bharuch,Jodhpur,flight,2444,0.81,504.1
Bharuch,Amritsar,flight,4241,1.69,1119.3
Bharuch,Nanded,train,341,6.9,530.7
Bharuch,Nanded,flight,2357,0.79,530.7
Bharuch,Gwalior,train,381,15.89,726.1
Bharuch,Gwalior,flight,3237,1.35,726.1
Bharuch,Kolhapur,train,361,9.46,570.8
Bharuch,Bhubaneswar,flight,5321,2.01,1338.4
Bharuch,Solapur,flight,2649,0.96,542.1
Bharuch,Mangalore,train,582,19.12,996.8
Bharuch,Tiruchirappalli,flight,4722,3.01,1356.6
Bharuch,BiharSharif,flight,4775,2.64,1332.6
Bharuch,Aligarh,train,474,10.17,857.8
Bharuch,Aligarh,flight,3207,1.37,857.8
Bharuch,Tirunelveli,flight,5319,2.5,1531.0
Bharuch,Bhiwandi,train,182,3.3,269.4
Bharuch,Saharanpur,train,527,19.11,1023.9
Bharuch,Saharanpur,flight,4162,1.76,1023.9
Bharuch,Gorakhpur,flight,4115,2.61,1190.5
Bharuch,Jalandhar,train,643,14.05,1099.6
Bharuch,Jalandhar,flight,4002,1.46,1099.6
Bharuch,Jamshedpur,flight,4419,2.04,1362.1
Bharuch,Salem,flight,4336,2.35,1242.6
Bharuch,Warangal,train,421,17.13,803.6
Bharuch,Mira-Bhayandar,train,173,3.33,270.2
Bharuch,Thiruvananthapuram,flight,6127,3.15,1524.6
Bharuch,Bhilai,train,440,16.66,872.5
Bharuch,Ujjain,train,224,5.21,328.4
Bharuch,Durgapur,flight,4724,2.05,1480.6
Bharuch,Asansol,flight,5080,2.75,1446.3
Bharuch,Rourkela,flight,4115,1.73,1221.8
Bharuch,Nellore,train,608,13.24,1092.7
Bharuch,Nellore,flight,4071,1.5,1092.7
Bharuch,Dehradun,flight,3986,1.43,1080.4
Bharuch,Davanagere,train,461,14.2,861.6
Bharuch,Kozhikode,train,704,17.45,1198.3
Bharuch,Akola,train,266,6.85,428.5
Bharuch,Kurnool,train,506,15.9,840.4
Bharuch,Kurnool,flight,3213,1.51,840.4
Bharuch,Nizamabad,train,384,7.02,628.1
Bharuch,Guntur,flight,4218,2.1,984.0
Bharuch,Amravati,train,308,8.28,499.6
Bharuch,Amravati,flight,2185,0.63,499.6
Bharuch,Kakinada,train,582,16.59,1101.0
Bharuch,Tirupati,flight,3890,1.7,1125.0
Bharuch,Puri,flight,4522,2.22,1348.5
Bharuch,Shimoga,train,524,15.68,905.7
Bharuch,Shimoga,flight,3693,1.88,905.7
Bharuch,Ongole,flight,3906,1.84,1011.9
Bharuch,Bathinda,flight,3400,1.89,965.2
Bharuch,Darbhanga,train,813,21.54,1398.2
Bharuch,Darbhanga,flight,5036,1.92,1398.2
Bharuch,Satara,train,266,7.08,459.1
Bharuch,Proddatur,train,581,15.36,969.1
Bharuch,Kollam,flight,4943,2.08,1475.7
Bharuch,Ambala,train,577,22.81,1034.8
Bharuch,Siliguri,flight,5598,2.35,1657.6
Bharuch,Rohtak,flight,3740,1.5,877.1
Bharuch,Etawah,train,482,10.62,829.9
Bharuch,Etawah,flight,3782,1.2,829.9
Bharuch,Orai,flight,3611,1.17,810.1
Bharuch,Haldwani,flight,3982,2.03,1059.4
Bharuch,Muzaffarpur,flight,5182,2.25,1349.4
Bharuch,Ramagundam,train,463,16.34,756.1
Bharuch,Baripada,flight,5068,2.3,1417.3
Bharuch,Tezpur,flight,7649,3.31,2077.6
Bharuch,Korba,flight,3980,1.9,1005.8
Bharuch,Nagapattinam,flight,5058,1.78,1416.7
Bharuch,Mahbubnagar,train,396,10.0,759.3
Bharuch,Mahbubnagar,flight,2963,1.15,759.3
Bharuch,Buxar,flight,5105,1.79,1214.1
Bharuch,Sagar,flight,3028,1.26,632.7
Bharuch,Chittoor,train,570,24.07,1142.9
Bharuch,Chittoor,flight,4156,2.01,1142.9
Bharuch,Arrah,flight,4525,1.81,1261.4
Bharuch,Balasore,flight,4933,1.88,1438.5
Bharuch,Jalgaon,train,193,5.97,274.9
Bharuch,Palakkad,flight,4215,2.31,1274.5
Bharuch,Unnao,flight,3652,1.6,928.7
Bharuch,Bilaspur,flight,3445,1.55,942.1
Balasore,Mumbai,flight,5009,2.1,1489.6
Balasore,Delhi,flight,4816,1.66,1273.0
Balasore,Bengaluru,flight,5232,3.02,1370.4
Balasore,Kolkata,train,159,2.7,190.5
Balasore,Chennai,train,631,17.64,1171.7
Balasore,Chennai,flight,4147,1.67,1171.7
Balasore,Hyderabad,flight,3535,1.32,995.9
Balasore,Pune,flight,5144,1.77,1405.0
Balasore,Ahmedabad,flight,5025,2.07,1487.0
Balasore,Jaipur,flight,5287,1.78,1280.2
Balasore,Surat,flight,5739,2.47,1460.5
Balasore,Lucknow,flight,3466,1.51,850.3
Balasore,Kanpur,train,494,12.08,867.9
Balasore,Nagpur,train,451,9.6,813.3
Balasore,Indore,train,592,18.47,1148.8
Balasore,Indore,flight,3942,2.01,1148.8
Balasore,Thane,flight,5810,3.16,1475.9
Balasore,Bhopal,flight,3635,1.83,998.2
Balasore,Visakhapatnam,train,364,10.17,574.5
Balasore,Pimpri-Chinchwad,flight,5302,1.8,1407.5
Balasore,Patna,train,273,9.11,491.6
Balasore,Vadodara,flight,4843,1.93,1421.1
Balasore,Ghaziabad,flight,4278,1.97,1243.4
Balasore,Ludhiana,flight,6076,2.11,1520.0
Balasore,Agra,train,615,19.14,1102.7
Balasore,Agra,flight,4497,1.6,1102.7
Balasore,Nashik,flight,4868,1.74,1376.2
Balasore,Faridabad,flight,4543,1.84,1236.6
Balasore,Meerut,flight,4794,2.17,1246.2
Balasore,Rajkot,flight,5225,2.62,1665.8
Balasore,Kalyan,flight,5466,3.19,1459.8
Balasore,Vasai-Virar,flight,5637,2.45,1486.2
Balasore,Varanasi,train,361,11.72,586.7
Balasore,Srinagar,flight,6293,3.31,1836.9
Balasore,Dhanbad,train,172,4.66,261.5
Balasore,Dhanbad,flight,1726,0.48,261.5
Balasore,Jodhpur,train,754,27.9,1508.5
Balasore,Jodhpur,flight,4922,2.98,1508.5
Balasore,Amritsar,flight,5689,2.68,1644.2
Balasore,Nanded,flight,4029,1.86,1035.0
Balasore,Gwalior,train,577,16.53,1033.0
Balasore,Gwalior,flight,3705,1.35,1033.0
Balasore,Kolhapur,flight,5385,3.05,1434.7
Balasore,Bhubaneswar,train,128,2.93,175.7
Balasore,Solapur,flight,4564,2.49,1230.7
Balasore,Mangalore,flight,5213,2.83,1596.9
Balasore,Tiruchirappalli,flight,5277,2.51,1478.1
Balasore,BiharSharif,train,290,9.48,437.0
Balasore,BiharSharif,flight,2246,0.55,437.0
Balasore,Aligarh,flight,4789,1.81,1142.0
Balasore,Tirunelveli,flight,5454,2.52,1727.3
Balasore,Bhiwandi,flight,4929,2.13,1466.0
Balasore,Saharanpur,flight,5286,1.78,1329.9
Balasore,Gorakhpur,train,402,8.84,688.3
Balasore,Jalandhar,flight,5530,2.27,1571.3
Balasore,Jamshedpur,train,142,2.81,164.3
Balasore,Salem,flight,5832,2.09,1437.9
Balasore,Warangal,flight,3148,1.41,861.9
Balasore,Mira-Bhayandar,flight,5332,2.63,1487.2
Balasore,Thiruvananthapuram,train,1012,28.33,1795.8
Balasore,Thiruvananthapuram,flight,5636,2.57,1795.8
Balasore,Bhilai,flight,2364,0.9,570.8
Balasore,Ujjain,train,672,16.31,1161.5
Balasore,Ujjain,flight,4385,2.34,1161.5
Balasore,Durgapur,train,154,3.69,229.1
Balasore,Asansol,train,159,3.27,244.0
Balasore,Rourkela,train,161,5.07,230.9
Balasore,Nellore,train,581,18.54,1073.7
Balasore,Nellore,flight,4558,1.42,1073.7
Balasore,Dehradun,train,727,18.89,1323.9
Balasore,Davanagere,flight,4560,2.06,1401.3
Balasore,Kozhikode,flight,5981,2.08,1644.5
Balasore,Akola,flight,3594,1.8,1033.2
Balasore,Kurnool,train,670,13.27,1128.4
Balasore,Kurnool,flight,4310,2.24,1128.4
Balasore,Nizamabad,train,489,13.88,974.5
Balasore,Guntur,train,509,16.12,893.7
Balasore,Amravati,flight,4054,1.64,951.8
Balasore,Kakinada,train,402,8.26,701.5
Balasore,Tirupati,train,604,14.12,1182.0
Balasore,Puri,train,147,3.96,218.8
Balasore,Puri,flight,1354,0.27,218.8
Balasore,Shimoga,flight,5833,2.44,1467.1
Balasore,Ongole,train,543,17.35,984.2
Balasore,Ongole,flight,3882,1.56,984.2
Balasore,Bathinda,flight,4902,2.06,1540.6
Balasore,Darbhanga,train,296,7.15,529.3
Balasore,Darbhanga,flight,2375,1.16,529.3
Balasore,Satara,flight,5240,2.05,1419.5
Balasore,Proddatur,flight,3889,1.75,1159.7
Balasore,Kollam,flight,5908,3.1,1783.7
Balasore,Ambala,flight,5499,2.68,1415.6
Balasore,Siliguri,train,316,12.15,599.8
Balasore,Siliguri,flight,2513,0.88,599.8
Balasore,Rohtak,flight,4809,2.19,1324.5
Balasore,Etawah,train,514,20.73,995.6
Balasore,Etawah,flight,4003,1.74,995.6
Balasore,Orai,flight,3384,1.51,910.1
Balasore,Haldwani,train,583,16.76,1137.0
Balasore,Muzaffarpur,train,324,7.84,538.3
Balasore,Ramagundam,train,438,16.56,826.8
Balasore,Baripada,train,73,0.59,51.5
Balasore,Tezpur,flight,3393,1.35,826.5
Balasore,Korba,train,276,6.13,441.9
Balasore,Korba,flight,2156,0.96,441.9
Balasore,Nagapattinam,flight,5432,2.55,1411.3
Balasore,Mahbubnagar,flight,4166,1.69,1077.7
Balasore,Buxar,train,330,11.32,533.3
Balasore,Sagar,train,502,16.27,880.2
Balasore,Chittoor,flight,5059,2.47,1239.1
Balasore,Arrah,train,310,9.94,508.0
Balasore,Bharuch,flight,4707,1.83,1438.5
Balasore,Jalgaon,train,651,24.97,1179.2
Balasore,Jalgaon,flight,4857,2.25,1179.2
Balasore,Palakkad,flight,5640,2.18,1617.7
Balasore,Unnao,flight,3743,1.34,862.2
Balasore,Bilaspur,train,327,10.69,499.2
Jalgaon,Mumbai,train,231,4.69,353.3
Jalgaon,Delhi,train,502,11.93,869.8
Jalgaon,Delhi,flight,3588,1.36,869.8
Jalgaon,Bengaluru,flight,3658,1.44,919.3
Jalgaon,Kolkata,flight,4654,1.67,1332.7
Jalgaon,Chennai,flight,3617,1.61,1013.2
Jalgaon,Hyderabad,train,306,8.34,506.5
Jalgaon,Pune,train,234,4.54,329.2
Jalgaon,Ahmedabad,train,248,7.81,381.1
Jalgaon,Ahmedabad,flight,2198,0.73,381.1
Jalgaon,Jaipur,train,407,9.68,657.0
Jalgaon,Jaipur,flight,2576,1.33,657.0
Jalgaon,Surat,train,185,3.28,284.0
Jalgaon,Lucknow,train,514,15.06,848.8
Jalgaon,Kanpur,train,411,11.62,775.6
Jalgaon,Kanpur,flight,3512,1.37,775.6
Jalgaon,Nagpur,train,248,5.3,366.1
Jalgaon,Indore,train,155,3.05,192.8
Jalgaon,Thane,train,229,5.6,335.3
Jalgaon,Bhopal,train,228,4.5,314.7
Jalgaon,Visakhapatnam,flight,3888,1.19,883.8
Jalgaon,Pimpri-Chinchwad,train,204,4.24,322.4
Jalgaon,Patna,flight,4446,1.51,1102.3
Jalgaon,Vadodara,train,197,3.32,285.4
Jalgaon,Ghaziabad,train,467,18.25,873.0
Jalgaon,Ghaziabad,flight,3718,1.11,873.0
Jalgaon,Ludhiana,flight,4317,2.1,1100.5
Jalgaon,Agra,train,427,12.89,729.4
Jalgaon,Agra,flight,3114,1.31,729.4
Jalgaon,Nashik,train,146,3.02,216.1
Jalgaon,Nashik,flight,1424,0.29,216.1
Jalgaon,Faridabad,train,438,15.59,841.8
Jalgaon,Meerut,flight,3819,1.58,912.8
Jalgaon,Rajkot,train,293,9.54,512.6
Jalgaon,Rajkot,flight,2602,0.73,512.6
Jalgaon,Kalyan,train,197,3.72,321.2
Jalgaon,Vasai-Virar,train,237,3.83,336.2
Jalgaon,Varanasi,train,458,19.12,896.2
Jalgaon,Varanasi,flight,3553,1.37,896.2
Jalgaon,Srinagar,flight,5293,1.87,1455.9
Jalgaon,Dhanbad,flight,4383,1.91,1159.1
Jalgaon,Jodhpur,train,360,7.84,636.5
Jalgaon,Amritsar,train,675,13.52,1183.6
Jalgaon,Amritsar,flight,4335,1.76,1183.6
Jalgaon,Nanded,train,178,4.55,276.1
Jalgaon,Gwalior,train,351,9.37,637.9
Jalgaon,Kolhapur,train,273,5.9,498.2
Jalgaon,Bhubaneswar,train,572,22.62,1070.5
Jalgaon,Bhubaneswar,flight,3631,2.13,1070.5
Jalgaon,Solapur,train,232,5.33,374.0
Jalgaon,Mangalore,flight,3653,1.86,903.1
Jalgaon,Tiruchirappalli,flight,4071,2.02,1184.6
Jalgaon,BiharSharif,flight,4179,2.42,1119.4
Jalgaon,Aligarh,train,423,12.52,807.5
Jalgaon,Aligarh,flight,3515,1.44,807.5
Jalgaon,Tirunelveli,flight,5119,2.06,1387.1
Jalgaon,Bhiwandi,train,206,5.58,324.1
Jalgaon,Saharanpur,train,580,20.8,1015.5
Jalgaon,Saharanpur,flight,3963,1.36,1015.5
Jalgaon,Gorakhpur,flight,4044,1.98,1019.2
Jalgaon,Jalandhar,train,666,24.54,1147.3
Jalgaon,Jalandhar,flight,4682,1.66,1147.3
Jalgaon,Jamshedpur,flight,4209,1.63,1115.5
Jalgaon,Salem,train,636,12.73,1074.8
Jalgaon,Salem,flight,4605,2.38,1074.8
Jalgaon,Warangal,train,312,6.8,541.0
Jalgaon,Mira-Bhayandar,train,242,6.17,341.9
Jalgaon,Thiruvananthapuram,flight,5315,2.53,1395.9
Jalgaon,Bhilai,train,365,9.76,609.0
Jalgaon,Bhilai,flight,2784,0.87,609.0
Jalgaon,Ujjain,train,158,3.46,242.6
Jalgaon,Ujjain,flight,1673,0.4,242.6
Jalgaon,Durgapur,flight,5117,1.74,1240.5
Jalgaon,Asansol,flight,4350,1.72,1208.6
Jalgaon,Rourkela,flight,3412,2.11,970.2
Jalgaon,Nellore,train,495,14.22,867.3
Jalgaon,Dehradun,flight,3789,1.57,1064.2
Jalgaon,Davanagere,train,418,9.12,728.5
Jalgaon,Kozhikode,flight,4103,2.18,1084.3
Jalgaon,Akola,train,134,2.36,153.9
Jalgaon,Akola,flight,1196,0.29,153.9
Jalgaon,Kurnool,train,338,10.65,632.3
Jalgaon,Kurnool,flight,2762,1.34,632.3
Jalgaon,Nizamabad,train,227,4.78,370.8
Jalgaon,Nizamabad,flight,1991,0.6,370.8
Jalgaon,Guntur,train,398,10.55,732.6
Jalgaon,Amravati,train,155,3.62,229.1
Jalgaon,Amravati,flight,1576,0.31,229.1
Jalgaon,Kakinada,flight,3622,1.59,832.7
Jalgaon,Tirupati,flight,4021,1.2,916.8
Jalgaon,Puri,train,557,12.03,1078.1
Jalgaon,Puri,flight,4116,1.78,1078.1
Jalgaon,Shimoga,train,432,9.15,787.0
Jalgaon,Ongole,train,407,12.27,773.7
Jalgaon,Bathinda,flight,3779,1.4,1025.2
Jalgaon,Darbhanga,flight,4653,1.52,1197.5
Jalgaon,Satara,train,261,4.6,405.0
Jalgaon,Satara,flight,1865,0.67,405.0
Jalgaon,Proddatur,train,471,9.22,764.2
Jalgaon,Kollam,flight,5182,1.78,1351.8
Jalgaon,Ambala,flight,4498,1.71,1049.0
Jalgaon,Siliguri,flight,5746,2.15,1452.6
Jalgaon,Rohtak,flight,3280,1.12,883.4
Jalgaon,Etawah,train,400,12.79,732.0
Jalgaon,Orai,train,366,14.84,681.8
Jalgaon,Haldwani,flight,3949,1.77,995.7
Jalgaon,Muzaffarpur,flight,4489,1.68,1151.1
Jalgaon,Ramagundam,train,279,7.05,485.9
Jalgaon,Ramagundam,flight,2474,0.84,485.9
Jalgaon,Baripada,flight,4900,1.89,1161.6
Jalgaon,Tezpur,flight,6118,2.67,1859.5
Jalgaon,Korba,train,425,11.83,757.6
Jalgaon,Nagapattinam,flight,4612,2.46,1226.4
Jalgaon,Mahbubnagar,train,293,8.18,538.4
Jalgaon,Buxar,flight,3687,1.46,1014.4
Jalgaon,Sagar,train,301,5.35,453.4
Jalgaon,Chittoor,train,552,18.69,944.2
Jalgaon,Arrah,flight,4233,1.35,1058.4
Jalgaon,Bharuch,train,172,4.6,274.9
Jalgaon,Balasore,flight,4481,1.47,1179.2
Jalgaon,Palakkad,train,622,25.13,1142.5
Jalgaon,Unnao,train,440,16.46,792.8
Jalgaon,Bilaspur,train,432,8.38,690.5
Palakkad,Mumbai,flight,3699,1.45,1006.9
Palakkad,Delhi,flight,7431,3.24,1992.9
Palakkad,Bengaluru,train,200,3.73,263.6
Palakkad,Bengaluru,flight,1464,0.4,263.6
Palakkad,Kolkata,flight,5996,2.64,1807.1
Palakkad,Chennai,train,262,5.36,468.9
Palakkad,Chennai,flight,2078,0.84,468.9
Palakkad,Hyderabad,train,464,15.32,759.8
Palakkad,Pune,train,528,11.77,911.0
Palakkad,Pune,flight,3403,1.31,911.0
Palakkad,Ahmedabad,flight,5366,2.11,1427.9
Palakkad,Jaipur,flight,6518,3.03,1795.4
Palakkad,Surat,flight,5136,1.57,1224.6
Palakkad,Lucknow,flight,6356,3.58,1841.5
Palakkad,Kanpur,flight,6738,2.38,1783.9
Palakkad,Nagpur,flight,4398,2.15,1180.8
Palakkad,Indore,flight,4512,2.14,1329.6
Palakkad,Thane,train,528,19.97,1017.2
Palakkad,Thane,flight,3701,1.29,1017.2
Palakkad,Bhopal,flight,4542,2.53,1389.3
Palakkad,Visakhapatnam,flight,3982,1.41,1043.3
Palakkad,Pimpri-Chinchwad,train,536,11.29,924.5
Palakkad,Patna,flight,6155,3.96,1872.9
Palakkad,Vadodara,flight,4794,2.92,1333.2
Palakkad,Ghaziabad,flight,7331,4.31,1990.2
Palakkad,Ludhiana,flight,8310,2.99,2238.1
Palakkad,Agra,flight,6315,3.89,1828.0
Palakkad,Nashik,train,592,14.73,1069.1
Palakkad,Nashik,flight,4438,2.29,1069.1
Palakkad,Faridabad,flight,7040,2.87,1960.7
Palakkad,Meerut,train,1014,25.27,2026.5
Palakkad,Meerut,flight,7375,2.88,2026.5
Palakkad,Rajkot,flight,4628,2.32,1423.9
Palakkad,Kalyan,flight,3843,2.0,1013.0
Palakkad,Vasai-Virar,flight,3986,1.87,1040.6
Palakkad,Varanasi,flight,5993,3.14,1747.5
Palakkad,Srinagar,flight,9781,3.78,2597.4
Palakkad,Dhanbad,flight,5689,2.71,1778.6
Palakkad,Jodhpur,flight,5493,3.34,1760.0
Palakkad,Amritsar,flight,7414,4.48,2325.3
Palakkad,Nanded,train,536,16.86,933.1
Palakkad,Gwalior,flight,6104,2.3,1723.4
Palakkad,Kolhapur,train,366,8.78,707.6
Palakkad,Bhubaneswar,flight,5056,2.78,1442.3
Palakkad,Solapur,train,447,11.49,768.5
Palakkad,Mangalore,train,204,6.79,307.0
Palakkad,Mangalore,flight,1866,0.39,307.0
Palakkad,Tiruchirappalli,train,158,2.72,223.9
Palakkad,Tiruchirappalli,flight,1458,0.4,223.9
Palakkad,BiharSharif,flight,6072,2.79,1855.0
Palakkad,Aligarh,flight,7001,3.75,1908.5
Palakkad,Tirunelveli,train,165,3.34,260.2
Palakkad,Bhiwandi,flight,3600,2.14,1020.4
Palakkad,Saharanpur,flight,7860,2.78,2134.4
Palakkad,Gorakhpur,flight,6289,2.93,1910.7
Palakkad,Jalandhar,flight,8516,3.53,2286.6
Palakkad,Jamshedpur,flight,5346,3.33,1677.4
Palakkad,Salem,train,132,2.91,189.7
Palakkad,Warangal,train,521,14.4,859.0
Palakkad,Warangal,flight,3216,1.28,859.0
Palakkad,Mira-Bhayandar,flight,4329,2.14,1028.6
Palakkad,Thiruvananthapuram,train,191,3.11,253.5
Palakkad,Bhilai,flight,4844,2.71,1264.2
Palakkad,Ujjain,flight,5166,2.01,1381.1
Palakkad,Durgapur,flight,6501,3.81,1811.0
Palakkad,Asansol,flight,6024,2.85,1801.9
Palakkad,Rourkela,flight,6193,2.45,1545.4
Palakkad,Nellore,flight,2487,0.72,544.0
Palakkad,Dehradun,flight,7895,4.62,2176.3
Palakkad,Davanagere,train,274,5.09,416.6
Palakkad,Davanagere,flight,2272,0.53,416.6
Palakkad,Kozhikode,train,114,2.0,108.9
Palakkad,Akola,train,582,12.47,1103.1
Palakkad,Kurnool,train,364,6.6,580.2
Palakkad,Nizamabad,train,471,16.91,890.4
Palakkad,Guntur,train,400,9.07,737.4
Palakkad,Amravati,train,559,17.49,1134.6
Palakkad,Amravati,flight,4801,2.32,1134.6
Palakkad,Kakinada,flight,3990,2.01,916.3
Palakkad,Tirupati,train,289,6.28,436.0
Palakkad,Puri,flight,5156,1.8,1404.8
Palakkad,Shimoga,train,222,4.27,368.9
Palakkad,Ongole,train,364,7.43,640.6
Palakkad,Ongole,flight,2791,1.19,640.6
Palakkad,Bathinda,flight,6924,4.45,2167.1
Palakkad,Darbhanga,flight,7571,3.5,1965.0
Palakkad,Satara,flight,3041,1.41,818.3
Palakkad,Proddatur,train,309,6.06,486.2
Palakkad,Kollam,train,143,3.14,210.6
Palakkad,Ambala,flight,7119,3.94,2178.5
Palakkad,Siliguri,flight,7885,3.55,2158.1
Palakkad,Rohtak,flight,6297,2.57,2013.6
Palakkad,Etawah,flight,6029,3.28,1796.1
Palakkad,Orai,flight,6529,2.54,1716.1
Palakkad,Haldwani,flight,7848,3.17,2070.9
Palakkad,Muzaffarpur,flight,7516,2.69,1936.3
Palakkad,Ramagundam,flight,4039,1.38,941.4
Palakkad,Baripada,flight,6478,2.66,1639.3
Palakkad,Tezpur,flight,7411,4.03,2444.1
Palakkad,Korba,flight,4772,2.5,1440.6
Palakkad,Nagapattinam,train,243,4.52,348.1
Palakkad,Mahbubnagar,train,379,7.8,677.6
Palakkad,Buxar,flight,6886,3.29,1823.8
Palakkad,Sagar,flight,5173,2.44,1468.0
Palakkad,Chittoor,train,235,4.57,379.2
Palakkad,Chittoor,flight,1917,0.64,379.2
Palakkad,Arrah,flight,6479,4.08,1846.6
Palakkad,Bharuch,flight,4556,1.64,1274.5
Palakkad,Balasore,flight,5282,2.41,1617.7
Palakkad,Jalgaon,flight,4086,1.65,1142.5
Palakkad,Unnao,flight,6366,3.19,1796.9
Palakkad,Bilaspur,flight,4889,2.47,1384.7
Unnao,Mumbai,train,585,15.57,1137.9
Unnao,Delhi,train,263,6.78,411.1
Unnao,Bengaluru,flight,6040,2.9,1538.2
Unnao,Kolkata,train,508,10.44,910.4
Unnao,Chennai,flight,5708,2.19,1496.2
Unnao,Hyderabad,flight,3988,1.4,1038.3
Unnao,Pune,train,645,14.49,1121.1
Unnao,Pune,flight,3816,1.5,1121.1
Unnao,Ahmedabad,flight,3868,1.26,889.0
Unnao,Jaipur,train,304,5.28,468.3
Unnao,Surat,flight,3538,1.57,980.3
Unnao,Lucknow,train,74,0.66,57.4
Unnao,Kanpur,train,63,0.26,18.0
Unnao,Nagpur,train,371,11.85,616.1
Unnao,Indore,train,397,8.36,631.5
Unnao,Thane,flight,4611,2.13,1119.1
Unnao,Bhopal,train,305,5.63,478.3
Unnao,Visakhapatnam,train,513,18.32,1023.5
Unnao,Pimpri-Chinchwad,flight,4735,1.46,1114.8
Unnao,Patna,train,313,8.27,476.5
Unnao,Vadodara,flight,3515,1.25,876.0
Unnao,Ghaziabad,train,221,7.25,381.2
Unnao,Ludhiana,train,385,10.63,662.4
Unnao,Ludhiana,flight,3096,1.23,662.4
Unnao,Agra,train,188,4.36,255.7
Unnao,Nashik,flight,4039,1.55,997.8
Unnao,Faridabad,train,222,7.32,375.3
Unnao,Faridabad,flight,1898,0.49,375.3
Unnao,Meerut,train,257,6.12,385.7
Unnao,Rajkot,train,542,15.74,1086.9
Unnao,Kalyan,flight,4369,2.16,1106.7
Unnao,Vasai-Virar,train,584,24.55,1114.7
Unnao,Varanasi,train,180,5.7,283.5
Unnao,Srinagar,train,544,11.47,1000.6
Unnao,Dhanbad,train,375,8.43,671.5
Unnao,Jodhpur,train,430,10.57,743.7
Unnao,Amritsar,train,434,12.14,786.2
Unnao,Amritsar,flight,3080,1.42,786.2
Unnao,Nanded,train,443,10.85,882.6
Unnao,Nanded,flight,3617,1.6,882.6
Unnao,Gwalior,train,166,4.58,232.0
Unnao,Kolhapur,flight,5177,1.66,1268.8
Unnao,Bhubaneswar,train,456,11.37,882.1
Unnao,Bhubaneswar,flight,3490,1.68,882.1
Unnao,Solapur,train,642,12.8,1093.7
Unnao,Mangalore,flight,5913,2.21,1624.6
Unnao,Tiruchirappalli,flight,6442,2.62,1760.9
Unnao,BiharSharif,train,320,9.66,525.2
Unnao,Aligarh,train,207,4.2,281.1
Unnao,Tirunelveli,flight,6477,3.59,2002.6
Unnao,Bhiwandi,train,661,17.14,1108.0
Unnao,Bhiwandi,flight,4666,1.83,1108.0
Unnao,Saharanpur,train,301,6.28,477.4
Unnao,Gorakhpur,train,176,5.58,288.2
Unnao,Jalandhar,train,404,8.17,715.1
Unnao,Jalandhar,flight,2872,1.09,715.1
Unnao,Jamshedpur,train,441,9.11,711.3
Unnao,Salem,flight,6546,2.26,1671.8
Unnao,Warangal,flight,3659,1.31,957.1
Unnao,Mira-Bhayandar,flight,4182,1.84,1122.8
Unnao,Thiruvananthapuram,flight,6663,3.53,2037.6
Unnao,Bhilai,train,383,6.98,602.1
Unnao,Bhilai,flight,2791,0.75,602.1
Unnao,Ujjain,train,386,8.61,603.4
Unnao,Durgapur,train,405,10.07,765.2
Unnao,Asansol,train,410,14.1,724.6
Unnao,Rourkela,train,353,11.62,649.4
Unnao,Nellore,flight,4737,2.16,1345.9
Unnao,Dehradun,train,272,8.31,483.8
Unnao,Davanagere,flight,5719,2.41,1423.6
Unnao,Kozhikode,flight,5561,3.1,1768.9
Unnao,Akola,train,378,10.93,739.3
Unnao,Akola,flight,3423,1.22,739.3
Unnao,Kurnool,flight,4379,1.56,1217.4
Unnao,Nizamabad,flight,3774,1.56,908.2
Unnao,Guntur,train,576,16.38,1137.6
Unnao,Amravati,train,403,8.28,681.5
Unnao,Amravati,flight,3129,1.05,681.5
Unnao,Kakinada,flight,3891,1.72,1077.2
Unnao,Tirupati,flight,5773,2.56,1439.6
Unnao,Puri,train,523,13.19,925.8
Unnao,Puri,flight,3440,1.28,925.8
Unnao,Shimoga,flight,5797,2.08,1492.2
Unnao,Ongole,flight,4281,2.48,1227.5
Unnao,Bathinda,train,423,12.21,678.4
Unnao,Bathinda,flight,2815,1.25,678.4
Unnao,Darbhanga,train,346,6.36,540.5
Unnao,Satara,flight,4823,2.25,1189.8
Unnao,Proddatur,flight,4990,1.92,1326.0
Unnao,Kollam,flight,7367,3.43,2003.9
Unnao,Ambala,flight,2301,0.8,560.1
Unnao,Siliguri,train,461,11.37,789.8
Unnao,Siliguri,flight,3385,1.21,789.8
Unnao,Rohtak,train,279,6.95,463.0
Unnao,Rohtak,flight,2309,0.98,463.0
Unnao,Etawah,train,123,2.93,148.6
Unnao,Orai,train,119,2.19,118.9
Unnao,Haldwani,train,207,4.0,313.1
Unnao,Muzaffarpur,train,270,6.14,491.1
Unnao,Ramagundam,train,440,15.52,868.3
Unnao,Ramagundam,flight,3521,1.8,868.3
Unnao,Baripada,train,415,9.65,816.4
Unnao,Baripada,flight,3460,1.6,816.4
Unnao,Tezpur,train,626,23.78,1223.4
Unnao,Tezpur,flight,4871,1.72,1223.4
Unnao,Korba,train,310,9.81,518.3
Unnao,Korba,flight,2679,0.82,518.3
Unnao,Nagapattinam,flight,5540,3.23,1754.3
Unnao,Mahbubnagar,flight,4710,2.36,1119.3
Unnao,Buxar,train,244,7.49,383.9
Unnao,Sagar,train,236,5.55,347.7
Unnao,Chittoor,flight,5826,2.69,1488.1
Unnao,Arrah,train,258,8.5,431.8
Unnao,Bharuch,flight,3486,1.36,928.7
Unnao,Balasore,flight,3192,1.32,862.2
Unnao,Jalgaon,train,472,14.1,792.8
Unnao,Palakkad,flight,6277,3.3,1796.9
Unnao,Bilaspur,train,326,9.78,523.2
Bilaspur,Mumbai,train,539,11.68,1020.1
Bilaspur,Mumbai,flight,4138,1.99,1020.1
Bilaspur,Delhi,train,493,10.36,893.3
Bilaspur,Bengaluru,flight,3758,1.44,1121.3
Bilaspur,Kolkata,train,357,11.76,642.6
Bilaspur,Chennai,flight,4162,1.61,1019.8
Bilaspur,Hyderabad,train,409,11.15,646.9
Bilaspur,Pune,flight,3987,1.42,949.8
Bilaspur,Ahmedabad,train,504,13.28,987.9
Bilaspur,Ahmedabad,flight,3426,1.52,987.9
Bilaspur,Jaipur,flight,3607,1.73,837.5
Bilaspur,Surat,flight,3449,2.08,967.3
Bilaspur,Lucknow,train,293,7.65,543.6
Bilaspur,Kanpur,train,317,8.2,519.3
Bilaspur,Kanpur,flight,2349,0.76,519.3
Bilaspur,Nagpur,train,227,4.89,332.0
Bilaspur,Nagpur,flight,1670,0.58,332.0
Bilaspur,Indore,train,412,8.57,649.6
Bilaspur,Thane,train,537,21.97,1004.7
Bilaspur,Bhopal,train,282,6.26,502.4
Bilaspur,Visakhapatnam,train,315,5.6,501.3
Bilaspur,Pimpri-Chinchwad,train,531,19.72,950.0
Bilaspur,Patna,train,286,5.62,495.7
Bilaspur,Vadodara,flight,3805,1.94,922.5
Bilaspur,Ghaziabad,flight,3647,1.73,870.7
Bilaspur,Ludhiana,train,595,18.3,1162.6
Bilaspur,Agra,train,433,10.73,703.8
Bilaspur,Nashik,train,528,17.23,896.7
Bilaspur,Nashik,flight,3511,1.82,896.7
Bilaspur,Faridabad,flight,3843,1.12,854.4
Bilaspur,Meerut,train,475,10.97,887.1
Bilaspur,Rajkot,flight,4258,2.1,1167.2
Bilaspur,Kalyan,train,569,16.66,988.9
Bilaspur,Kalyan,flight,3606,2.03,988.9
Bilaspur,Vasai-Virar,train,554,15.49,1012.0
Bilaspur,Vasai-Virar,flight,3673,1.28,1012.0
Bilaspur,Varanasi,train,242,4.22,369.9
Bilaspur,Srinagar,train,791,24.89,1515.5
Bilaspur,Dhanbad,train,294,8.12,479.0
Bilaspur,Jodhpur,flight,4140,1.99,1033.5
Bilaspur,Amritsar,flight,4960,2.05,1283.0
Bilaspur,Nanded,train,382,8.49,597.7
Bilaspur,Gwalior,train,345,10.97,610.6
Bilaspur,Kolhapur,train,595,12.65,1020.8
Bilaspur,Kolhapur,flight,3504,1.41,1020.8
Bilaspur,Bhubaneswar,train,245,5.9,430.5
Bilaspur,Bhubaneswar,flight,2092,0.62,430.5
Bilaspur,Solapur,train,429,15.91,816.1
Bilaspur,Mangalore,flight,5126,2.28,1278.1
Bilaspur,Tiruchirappalli,flight,4736,2.0,1307.4
Bilaspur,BiharSharif,train,265,5.88,488.7
Bilaspur,BiharSharif,flight,2599,0.82,488.7
Bilaspur,Aligarh,train,427,9.76,764.8
Bilaspur,Tirunelveli,flight,5391,1.96,1558.3
Bilaspur,Bhiwandi,train,514,17.82,994.1
Bilaspur,Bhiwandi,flight,3611,1.38,994.1
Bilaspur,Saharanpur,train,582,17.53,989.2
Bilaspur,Gorakhpur,flight,2169,0.69,535.3
Bilaspur,Jalandhar,flight,4844,2.2,1216.7
Bilaspur,Jamshedpur,train,277,6.52,425.3
Bilaspur,Salem,flight,4054,1.92,1233.4
Bilaspur,Warangal,train,317,8.59,528.8
Bilaspur,Mira-Bhayandar,flight,3646,1.57,1014.6
Bilaspur,Thiruvananthapuram,flight,6032,2.72,1606.7
Bilaspur,Bhilai,train,112,1.98,123.0
Bilaspur,Ujjain,train,380,8.04,663.5
Bilaspur,Durgapur,train,307,8.16,553.9
Bilaspur,Asansol,train,336,8.3,524.7
Bilaspur,Rourkela,train,183,4.84,280.2
Bilaspur,Nellore,train,537,13.39,879.0
Bilaspur,Nellore,flight,3926,1.41,879.0
Bilaspur,Dehradun,flight,3679,1.47,1003.1
Bilaspur,Davanagere,train,553,13.67,1071.0
Bilaspur,Kozhikode,train,735,21.08,1380.1
Bilaspur,Kozhikode,flight,5578,2.03,1380.1
Bilaspur,Akola,train,297,10.18,553.0
Bilaspur,Kurnool,flight,3726,1.4,817.9
Bilaspur,Nizamabad,train,332,8.03,566.8
Bilaspur,Guntur,train,391,10.46,666.3
Bilaspur,Guntur,flight,2522,1.07,666.3
Bilaspur,Amravati,train,312,7.58,469.8
Bilaspur,Kakinada,train,340,6.92,566.2
Bilaspur,Tirupati,flight,3547,1.47,982.7
Bilaspur,Puri,train,263,8.52,458.8
Bilaspur,Shimoga,train,580,14.18,1141.5
Bilaspur,Ongole,train,410,8.89,763.3
Bilaspur,Bathinda,flight,4109,1.99,1153.9
Bilaspur,Darbhanga,train,346,10.02,591.8
Bilaspur,Satara,flight,3736,1.75,982.0
Bilaspur,Proddatur,flight,3991,1.13,898.5
Bilaspur,Kollam,flight,5890,2.74,1580.7
Bilaspur,Ambala,train,526,23.56,1066.2
Bilaspur,Siliguri,train,456,9.34,818.6
Bilaspur,Siliguri,flight,3456,1.49,818.6
Bilaspur,Rohtak,train,509,15.66,939.2
Bilaspur,Rohtak,flight,3362,1.52,939.2
Bilaspur,Etawah,train,329,9.23,611.4
Bilaspur,Orai,train,325,6.05,513.0
Bilaspur,Haldwani,flight,3659,1.28,836.3
Bilaspur,Muzaffarpur,train,344,9.86,557.4
Bilaspur,Muzaffarpur,flight,2468,1.07,557.4
Bilaspur,Ramagundam,train,280,7.33,455.3
Bilaspur,Baripada,train,294,9.85,475.4
Bilaspur,Tezpur,flight,3987,2.46,1192.2
Bilaspur,Korba,train,85,0.97,70.1
Bilaspur,Nagapattinam,flight,5020,2.05,1280.9
Bilaspur,Mahbubnagar,train,446,8.34,736.1
Bilaspur,Buxar,train,283,6.31,439.2
Bilaspur,Sagar,train,232,5.15,399.4
Bilaspur,Sagar,flight,2283,0.51,399.4
Bilaspur,Chittoor,train,620,17.73,1036.6
Bilaspur,Arrah,train,288,8.7,464.7
Bilaspur,Bharuch,flight,3452,1.89,942.1
Bilaspur,Balasore,train,313,8.71,499.2
Bilaspur,Jalgaon,train,430,8.62,690.5
Bilaspur,Palakkad,flight,5521,2.02,1384.7
Bilaspur,Unnao,train,331,11.19,523.2
